"","year","month","plot_number","treatment","species","dead","site"
"1",2018,1,1,"none","CEOL",0,"1"
"2",2018,1,1,"none","HEAR",0,"1"
"3",2018,1,1,"none","RHOV",0,"1"
"4",2018,1,1,"none","SAAP",0,"1"
"5",2018,1,2,"full ","CEOL",0,"1"
"6",2018,1,2,"full ","HEAR",0,"1"
"7",2018,1,2,"full ","RHOV",0,"1"
"8",2018,1,2,"full ","SAAP",0,"1"
"9",2018,1,3,"full ","CEOL",0,"1"
"10",2018,1,3,"full ","HEAR",0,"1"
"11",2018,1,3,"full ","RHOV",0,"1"
"12",2018,1,3,"full ","SAAP",0,"1"
"13",2018,1,4,"half ","CEOL",0,"1"
"14",2018,1,4,"half ","HEAR",0,"1"
"15",2018,1,4,"half ","RHOV",0,"1"
"16",2018,1,4,"half ","SAAP",0,"1"
"17",2018,1,5,"half ","CEOL",0,"1"
"18",2018,1,5,"half ","HEAR",0,"1"
"19",2018,1,5,"half ","RHOV",0,"1"
"20",2018,1,5,"half ","SAAP",0,"1"
"21",2018,1,6,"none","CEOL",0,"1"
"22",2018,1,6,"none","HEAR",0,"1"
"23",2018,1,6,"none","RHOV",0,"1"
"24",2018,1,6,"none","SAAP",0,"1"
"25",2018,1,7,"none","CEOL",0,"1"
"26",2018,1,7,"none","HEAR",0,"1"
"27",2018,1,7,"none","RHOV",0,"1"
"28",2018,1,7,"none","SAAP",0,"1"
"29",2018,1,8,"half ","CEOL",0,"1"
"30",2018,1,8,"half ","HEAR",0,"1"
"31",2018,1,8,"half ","RHOV",0,"1"
"32",2018,1,8,"half ","SAAP",0,"1"
"33",2018,1,9,"full ","CEOL",0,"1"
"34",2018,1,9,"full ","HEAR",0,"1"
"35",2018,1,9,"full ","RHOV",0,"1"
"36",2018,1,9,"full ","SAAP",0,"1"
"37",2018,1,10,"half ","CEOL",0,"1"
"38",2018,1,10,"half ","HEAR",0,"1"
"39",2018,1,10,"half ","RHOV",0,"1"
"40",2018,1,10,"half ","SAAP",0,"1"
"41",2018,2,1,"none","CEOL",0,"1"
"42",2018,2,1,"none","HEAR",0,"1"
"43",2018,2,1,"none","RHOV",0,"1"
"44",2018,2,1,"none","SAAP",0,"1"
"45",2018,2,2,"full ","CEOL",0,"1"
"46",2018,2,2,"full ","HEAR",0,"1"
"47",2018,2,2,"full ","RHOV",0,"1"
"48",2018,2,2,"full ","SAAP",2,"1"
"49",2018,2,3,"full ","CEOL",0,"1"
"50",2018,2,3,"full ","HEAR",0,"1"
"51",2018,2,3,"full ","RHOV",1,"1"
"52",2018,2,3,"full ","SAAP",1,"1"
"53",2018,2,4,"half ","CEOL",0,"1"
"54",2018,2,4,"half ","HEAR",0,"1"
"55",2018,2,4,"half ","RHOV",0,"1"
"56",2018,2,4,"half ","SAAP",0,"1"
"57",2018,2,5,"half ","CEOL",0,"1"
"58",2018,2,5,"half ","HEAR",0,"1"
"59",2018,2,5,"half ","RHOV",0,"1"
"60",2018,2,5,"half ","SAAP",0,"1"
"61",2018,2,6,"none","CEOL",1,"1"
"62",2018,2,6,"none","HEAR",0,"1"
"63",2018,2,6,"none","RHOV",2,"1"
"64",2018,2,6,"none","SAAP",3,"1"
"65",2018,2,7,"none","CEOL",0,"1"
"66",2018,2,7,"none","HEAR",0,"1"
"67",2018,2,7,"none","RHOV",0,"1"
"68",2018,2,7,"none","SAAP",3,"1"
"69",2018,2,8,"half ","CEOL",0,"1"
"70",2018,2,8,"half ","HEAR",0,"1"
"71",2018,2,8,"half ","RHOV",1,"1"
"72",2018,2,8,"half ","SAAP",0,"1"
"73",2018,2,9,"full ","CEOL",0,"1"
"74",2018,2,9,"full ","HEAR",0,"1"
"75",2018,2,9,"full ","RHOV",1,"1"
"76",2018,2,9,"full ","SAAP",1,"1"
"77",2018,2,10,"half ","CEOL",0,"1"
"78",2018,2,10,"half ","HEAR",0,"1"
"79",2018,2,10,"half ","RHOV",0,"1"
"80",2018,2,10,"half ","SAAP",3,"1"
"81",2018,2,11,"none","CEOL",0,"1"
"82",2018,2,11,"none","HEAR",0,"1"
"83",2018,2,11,"none","RHOV",0,"1"
"84",2018,2,11,"none","SAAP",0,"1"
"85",2018,2,12,"full ","CEOL",0,"1"
"86",2018,2,12,"full ","HEAR",0,"1"
"87",2018,2,12,"full ","RHOV",0,"1"
"88",2018,2,12,"full ","SAAP",0,"1"
"89",2018,2,13,"full ","CEOL",1,"1"
"90",2018,2,13,"full ","HEAR",0,"1"
"91",2018,2,13,"full ","RHOV",0,"1"
"92",2018,2,13,"full ","SAAP",3,"1"
"93",2018,2,14,"none","CEOL",1,"1"
"94",2018,2,14,"none","HEAR",0,"1"
"95",2018,2,14,"none","RHOV",0,"1"
"96",2018,2,14,"none","SAAP",0,"1"
"97",2018,2,15,"half ","CEOL",1,"1"
"98",2018,2,15,"half ","HEAR",0,"1"
"99",2018,2,15,"half ","RHOV",0,"1"
"100",2018,2,15,"half ","SAAP",2,"1"
"101",2018,2,16,"full ","CEOL",0,"1"
"102",2018,2,16,"full ","HEAR",0,"1"
"103",2018,2,16,"full ","RHOV",1,"1"
"104",2018,2,16,"full ","SAAP",0,"1"
"105",2018,2,17,"half ","CEOL",1,"1"
"106",2018,2,17,"half ","HEAR",0,"1"
"107",2018,2,17,"half ","RHOV",0,"1"
"108",2018,2,17,"half ","SAAP",2,"1"
"109",2018,2,18,"none","CEOL",3,"1"
"110",2018,2,18,"none","HEAR",1,"1"
"111",2018,2,18,"none","RHOV",1,"1"
"112",2018,2,18,"none","SAAP",1,"1"
"113",2018,2,19,"full ","CEOL",0,"2"
"114",2018,2,19,"full ","HEAR",0,"2"
"115",2018,2,19,"full ","RHOV",0,"2"
"116",2018,2,19,"full ","SAAP",0,"2"
"117",2018,2,20,"none","CEOL",0,"2"
"118",2018,2,20,"none","HEAR",0,"2"
"119",2018,2,20,"none","RHOV",0,"2"
"120",2018,2,20,"none","SAAP",0,"2"
"121",2018,2,21,"half ","CEOL",0,"2"
"122",2018,2,21,"half ","HEAR",0,"2"
"123",2018,2,21,"half ","RHOV",0,"2"
"124",2018,2,21,"half ","SAAP",0,"2"
"125",2018,2,22,"full ","CEOL",0,"2"
"126",2018,2,22,"full ","HEAR",0,"2"
"127",2018,2,22,"full ","RHOV",0,"2"
"128",2018,2,22,"full ","SAAP",0,"2"
"129",2018,2,23,"half ","CEOL",0,"2"
"130",2018,2,23,"half ","HEAR",0,"2"
"131",2018,2,23,"half ","RHOV",0,"2"
"132",2018,2,23,"half ","SAAP",0,"2"
"133",2018,2,24,"none","CEOL",0,"2"
"134",2018,2,24,"none","HEAR",0,"2"
"135",2018,2,24,"none","RHOV",0,"2"
"136",2018,2,24,"none","SAAP",0,"2"
"137",2018,2,25,"none","CEOL",0,"2"
"138",2018,2,25,"none","HEAR",0,"2"
"139",2018,2,25,"none","RHOV",0,"2"
"140",2018,2,25,"none","SAAP",0,"2"
"141",2018,2,26,"half ","CEOL",0,"2"
"142",2018,2,26,"half ","HEAR",0,"2"
"143",2018,2,26,"half ","RHOV",0,"2"
"144",2018,2,26,"half ","SAAP",0,"2"
"145",2018,2,27,"full ","CEOL",0,"2"
"146",2018,2,27,"full ","HEAR",0,"2"
"147",2018,2,27,"full ","RHOV",0,"2"
"148",2018,2,27,"full ","SAAP",0,"2"
"149",2018,2,28,"half ","CEOL",0,"2"
"150",2018,2,28,"half ","HEAR",0,"2"
"151",2018,2,28,"half ","RHOV",0,"2"
"152",2018,2,28,"half ","SAAP",0,"2"
"153",2018,2,29,"none","CEOL",0,"2"
"154",2018,2,29,"none","HEAR",0,"2"
"155",2018,2,29,"none","RHOV",0,"2"
"156",2018,2,29,"none","SAAP",0,"2"
"157",2018,2,30,"full ","CEOL",0,"2"
"158",2018,2,30,"full ","HEAR",0,"2"
"159",2018,2,30,"full ","RHOV",0,"2"
"160",2018,2,30,"full ","SAAP",0,"2"
"161",2018,2,31,"none","CEOL",0,"2"
"162",2018,2,31,"none","HEAR",0,"2"
"163",2018,2,31,"none","RHOV",0,"2"
"164",2018,2,31,"none","SAAP",0,"2"
"165",2018,2,32,"half ","CEOL",0,"2"
"166",2018,2,32,"half ","HEAR",0,"2"
"167",2018,2,32,"half ","RHOV",0,"2"
"168",2018,2,32,"half ","SAAP",0,"2"
"169",2018,2,33,"full ","CEOL",0,"2"
"170",2018,2,33,"full ","HEAR",0,"2"
"171",2018,2,33,"full ","RHOV",0,"2"
"172",2018,2,33,"full ","SAAP",0,"2"
"173",2018,2,34,"half ","CEOL",0,"2"
"174",2018,2,34,"half ","HEAR",0,"2"
"175",2018,2,34,"half ","RHOV",0,"2"
"176",2018,2,34,"half ","SAAP",0,"2"
"177",2018,2,35,"full ","CEOL",0,"2"
"178",2018,2,35,"full ","HEAR",0,"2"
"179",2018,2,35,"full ","RHOV",0,"2"
"180",2018,2,35,"full ","SAAP",0,"2"
"181",2018,2,36,"none","CEOL",0,"2"
"182",2018,2,36,"none","HEAR",0,"2"
"183",2018,2,36,"none","RHOV",0,"2"
"184",2018,2,36,"none","SAAP",0,"2"
"185",2018,3,19,"full ","CEOL",0,"2"
"186",2018,3,19,"full ","HEAR",4,"2"
"187",2018,3,19,"full ","RHOV",1,"2"
"188",2018,3,19,"full ","SAAP",4,"2"
"189",2018,3,20,"none","CEOL",3,"2"
"190",2018,3,20,"none","HEAR",0,"2"
"191",2018,3,20,"none","RHOV",2,"2"
"192",2018,3,20,"none","SAAP",4,"2"
"193",2018,3,21,"half ","CEOL",2,"2"
"194",2018,3,21,"half ","HEAR",0,"2"
"195",2018,3,21,"half ","RHOV",0,"2"
"196",2018,3,21,"half ","SAAP",3,"2"
"197",2018,3,22,"full ","CEOL",3,"2"
"198",2018,3,22,"full ","HEAR",0,"2"
"199",2018,3,22,"full ","RHOV",0,"2"
"200",2018,3,22,"full ","SAAP",2,"2"
"201",2018,3,23,"half ","CEOL",1,"2"
"202",2018,3,23,"half ","HEAR",1,"2"
"203",2018,3,23,"half ","RHOV",0,"2"
"204",2018,3,23,"half ","SAAP",2,"2"
"205",2018,3,24,"none","CEOL",4,"2"
"206",2018,3,24,"none","HEAR",1,"2"
"207",2018,3,24,"none","RHOV",2,"2"
"208",2018,3,24,"none","SAAP",1,"2"
"209",2018,3,25,"none","CEOL",0,"2"
"210",2018,3,25,"none","HEAR",1,"2"
"211",2018,3,25,"none","RHOV",2,"2"
"212",2018,3,25,"none","SAAP",4,"2"
"213",2018,3,26,"half ","CEOL",0,"2"
"214",2018,3,26,"half ","HEAR",0,"2"
"215",2018,3,26,"half ","RHOV",0,"2"
"216",2018,3,26,"half ","SAAP",2,"2"
"217",2018,3,27,"full ","CEOL",1,"2"
"218",2018,3,27,"full ","HEAR",2,"2"
"219",2018,3,27,"full ","RHOV",0,"2"
"220",2018,3,27,"full ","SAAP",2,"2"
"221",2018,3,28,"half ","CEOL",2,"2"
"222",2018,3,28,"half ","HEAR",2,"2"
"223",2018,3,28,"half ","RHOV",2,"2"
"224",2018,3,28,"half ","SAAP",4,"2"
"225",2018,3,29,"none","CEOL",4,"2"
"226",2018,3,29,"none","HEAR",0,"2"
"227",2018,3,29,"none","RHOV",2,"2"
"228",2018,3,29,"none","SAAP",2,"2"
"229",2018,3,30,"full ","CEOL",1,"2"
"230",2018,3,30,"full ","HEAR",0,"2"
"231",2018,3,30,"full ","RHOV",1,"2"
"232",2018,3,30,"full ","SAAP",3,"2"
"233",2018,3,31,"none","CEOL",1,"2"
"234",2018,3,31,"none","HEAR",1,"2"
"235",2018,3,31,"none","RHOV",1,"2"
"236",2018,3,31,"none","SAAP",4,"2"
"237",2018,3,32,"half ","CEOL",3,"2"
"238",2018,3,32,"half ","HEAR",2,"2"
"239",2018,3,32,"half ","RHOV",3,"2"
"240",2018,3,32,"half ","SAAP",4,"2"
"241",2018,3,33,"full ","CEOL",0,"2"
"242",2018,3,33,"full ","HEAR",1,"2"
"243",2018,3,33,"full ","RHOV",1,"2"
"244",2018,3,33,"full ","SAAP",0,"2"
"245",2018,3,34,"half ","CEOL",1,"2"
"246",2018,3,34,"half ","HEAR",0,"2"
"247",2018,3,34,"half ","RHOV",1,"2"
"248",2018,3,34,"half ","SAAP",3,"2"
"249",2018,3,35,"full ","CEOL",1,"2"
"250",2018,3,35,"full ","HEAR",3,"2"
"251",2018,3,35,"full ","RHOV",3,"2"
"252",2018,3,35,"full ","SAAP",4,"2"
"253",2018,3,36,"none","CEOL",1,"2"
"254",2018,3,36,"none","HEAR",0,"2"
"255",2018,3,36,"none","RHOV",1,"2"
"256",2018,3,36,"none","SAAP",4,"2"
"257",2018,5,1,"no ","CEOL",2,"1"
"258",2018,5,1,"no ","HEAR",6,"1"
"259",2018,5,1,"no ","RHOV",2,"1"
"260",2018,5,1,"no ","SAAP",3,"1"
"261",2018,5,2,"full ","CEOL",2,"1"
"262",2018,5,2,"full ","HEAR",0,"1"
"263",2018,5,2,"full ","RHOV",3,"1"
"264",2018,5,2,"full ","SAAP",3,"1"
"265",2018,5,3,"full ","CEOL",2,"1"
"266",2018,5,3,"full ","HEAR",3,"1"
"267",2018,5,3,"full ","RHOV",4,"1"
"268",2018,5,3,"full ","SAAP",3,"1"
"269",2018,5,4,"half ","CEOL",2,"1"
"270",2018,5,4,"half ","HEAR",2,"1"
"271",2018,5,4,"half ","RHOV",2,"1"
"272",2018,5,4,"half ","SAAP",2,"1"
"273",2018,5,5,"no ","CEOL",1,"1"
"274",2018,5,5,"no ","HEAR",4,"1"
"275",2018,5,5,"no ","RHOV",4,"1"
"276",2018,5,5,"no ","SAAP",2,"1"
"277",2018,5,6,"no ","CEOL",4,"1"
"278",2018,5,6,"no ","HEAR",1,"1"
"279",2018,5,6,"no ","RHOV",2,"1"
"280",2018,5,6,"no ","SAAP",4,"1"
"281",2018,5,7,"no ","CEOL",3,"1"
"282",2018,5,7,"no ","HEAR",4,"1"
"283",2018,5,7,"no ","RHOV",2,"1"
"284",2018,5,7,"no ","SAAP",3,"1"
"285",2018,5,8,"half ","CEOL",4,"1"
"286",2018,5,8,"half ","HEAR",1,"1"
"287",2018,5,8,"half ","RHOV",1,"1"
"288",2018,5,8,"half ","SAAP",3,"1"
"289",2018,5,9,"full ","CEOL",3,"1"
"290",2018,5,9,"full ","HEAR",0,"1"
"291",2018,5,9,"full ","RHOV",4,"1"
"292",2018,5,9,"full ","SAAP",4,"1"
"293",2018,5,10,"half ","CEOL",0,"1"
"294",2018,5,10,"half ","HEAR",1,"1"
"295",2018,5,10,"half ","RHOV",1,"1"
"296",2018,5,10,"half ","SAAP",3,"1"
"297",2018,5,11,"no ","CEOL",4,"1"
"298",2018,5,11,"no ","HEAR",5,"1"
"299",2018,5,11,"no ","RHOV",3,"1"
"300",2018,5,11,"no ","SAAP",2,"1"
"301",2018,5,12,"full ","CEOL",2,"1"
"302",2018,5,12,"full ","HEAR",0,"1"
"303",2018,5,12,"full ","RHOV",1,"1"
"304",2018,5,12,"full ","SAAP",1,"1"
"305",2018,5,13,"full ","CEOL",4,"1"
"306",2018,5,13,"full ","HEAR",4,"1"
"307",2018,5,13,"full ","RHOV",3,"1"
"308",2018,5,13,"full ","SAAP",3,"1"
"309",2018,5,14,"no ","CEOL",3,"1"
"310",2018,5,14,"no ","HEAR",5,"1"
"311",2018,5,14,"no ","RHOV",4,"1"
"312",2018,5,14,"no ","SAAP",3,"1"
"313",2018,5,15,"half ","CEOL",1,"1"
"314",2018,5,15,"half ","HEAR",6,"1"
"315",2018,5,15,"half ","RHOV",3,"1"
"316",2018,5,15,"half ","SAAP",4,"1"
"317",2018,5,16,"full ","CEOL",2,"1"
"318",2018,5,16,"full ","HEAR",5,"1"
"319",2018,5,16,"full ","RHOV",3,"1"
"320",2018,5,16,"full ","SAAP",3,"1"
"321",2018,5,17,"half ","CEOL",3,"1"
"322",2018,5,17,"half ","HEAR",4,"1"
"323",2018,5,17,"half ","RHOV",4,"1"
"324",2018,5,17,"half ","SAAP",3,"1"
"325",2018,5,18,"no ","CEOL",3,"1"
"326",2018,5,18,"no ","HEAR",5,"1"
"327",2018,5,18,"no ","RHOV",4,"1"
"328",2018,5,18,"no ","SAAP",4,"1"
"329",2018,5,19,"full ","CEOL",4,"2"
"330",2018,5,19,"full ","HEAR",4,"2"
"331",2018,5,19,"full ","RHOV",3,"2"
"332",2018,5,19,"full ","SAAP",4,"2"
"333",2018,5,20,"no ","CEOL",4,"2"
"334",2018,5,20,"no ","HEAR",3,"2"
"335",2018,5,20,"no ","RHOV",3,"2"
"336",2018,5,20,"no ","SAAP",4,"2"
"337",2018,5,21,"half ","CEOL",4,"2"
"338",2018,5,21,"half ","HEAR",2,"2"
"339",2018,5,21,"half ","RHOV",2,"2"
"340",2018,5,21,"half ","SAAP",4,"2"
"341",2018,5,22,"full ","CEOL",4,"2"
"342",2018,5,22,"full ","HEAR",1,"2"
"343",2018,5,22,"full ","RHOV",2,"2"
"344",2018,5,22,"full ","SAAP",4,"2"
"345",2018,5,23,"half ","CEOL",3,"2"
"346",2018,5,23,"half ","HEAR",1,"2"
"347",2018,5,23,"half ","RHOV",4,"2"
"348",2018,5,23,"half ","SAAP",4,"2"
"349",2018,5,24,"no ","CEOL",4,"2"
"350",2018,5,24,"no ","HEAR",3,"2"
"351",2018,5,24,"no ","RHOV",3,"2"
"352",2018,5,24,"no ","SAAP",4,"2"
"353",2018,5,25,"no ","CEOL",4,"2"
"354",2018,5,25,"no ","HEAR",1,"2"
"355",2018,5,25,"no ","RHOV",4,"2"
"356",2018,5,25,"no ","SAAP",4,"2"
"357",2018,5,26,"half ","CEOL",3,"2"
"358",2018,5,26,"half ","HEAR",5,"2"
"359",2018,5,26,"half ","RHOV",3,"2"
"360",2018,5,26,"half ","SAAP",4,"2"
"361",2018,5,27,"full ","CEOL",4,"2"
"362",2018,5,27,"full ","HEAR",3,"2"
"363",2018,5,27,"full ","RHOV",4,"2"
"364",2018,5,27,"full ","SAAP",3,"2"
"365",2018,5,28,"half ","CEOL",4,"2"
"366",2018,5,28,"half ","HEAR",5,"2"
"367",2018,5,28,"half ","RHOV",4,"2"
"368",2018,5,28,"half ","SAAP",4,"2"
"369",2018,5,29,"no ","CEOL",4,"2"
"370",2018,5,29,"no ","HEAR",6,"2"
"371",2018,5,29,"no ","RHOV",4,"2"
"372",2018,5,29,"no ","SAAP",4,"2"
"373",2018,5,30,"full ","CEOL",3,"2"
"374",2018,5,30,"full ","HEAR",6,"2"
"375",2018,5,30,"full ","RHOV",4,"2"
"376",2018,5,30,"full ","SAAP",4,"2"
"377",2018,5,31,"no ","CEOL",4,"2"
"378",2018,5,31,"no ","HEAR",4,"2"
"379",2018,5,31,"no ","RHOV",3,"2"
"380",2018,5,31,"no ","SAAP",4,"2"
"381",2018,5,32,"half ","CEOL",4,"2"
"382",2018,5,32,"half ","HEAR",3,"2"
"383",2018,5,32,"half ","RHOV",3,"2"
"384",2018,5,32,"half ","SAAP",4,"2"
"385",2018,5,33,"full ","CEOL",1,"2"
"386",2018,5,33,"full ","HEAR",5,"2"
"387",2018,5,33,"full ","RHOV",3,"2"
"388",2018,5,33,"full ","SAAP",3,"2"
"389",2018,5,34,"half ","CEOL",3,"2"
"390",2018,5,34,"half ","HEAR",4,"2"
"391",2018,5,34,"half ","RHOV",3,"2"
"392",2018,5,34,"half ","SAAP",4,"2"
"393",2018,5,35,"full ","CEOL",3,"2"
"394",2018,5,35,"full ","HEAR",1,"2"
"395",2018,5,35,"full ","RHOV",4,"2"
"396",2018,5,35,"full ","SAAP",4,"2"
"397",2018,5,36,"no ","CEOL",4,"2"
"398",2018,5,36,"no ","HEAR",3,"2"
"399",2018,5,36,"no ","RHOV",4,"2"
"400",2018,5,36,"no ","SAAP",4,"2"
"401",2018,12,1,"none","CEOL",4,"1"
"402",2018,12,1,"none","HEAR",6,"1"
"403",2018,12,1,"none","RHOV",4,"1"
"404",2018,12,1,"none","SAAP",4,"1"
"405",2018,12,2,"full ","CEOL",4,"1"
"406",2018,12,2,"full ","HEAR",6,"1"
"407",2018,12,2,"full ","RHOV",4,"1"
"408",2018,12,2,"full ","SAAP",4,"1"
"409",2018,12,3,"full ","CEOL",4,"1"
"410",2018,12,3,"full ","HEAR",6,"1"
"411",2018,12,3,"full ","RHOV",4,"1"
"412",2018,12,3,"full ","SAAP",4,"1"
"413",2018,12,4,"half ","CEOL",4,"1"
"414",2018,12,4,"half ","HEAR",6,"1"
"415",2018,12,4,"half ","RHOV",4,"1"
"416",2018,12,4,"half ","SAAP",3,"1"
"417",2018,12,5,"half ","CEOL",4,"1"
"418",2018,12,5,"half ","HEAR",6,"1"
"419",2018,12,5,"half ","RHOV",4,"1"
"420",2018,12,5,"half ","SAAP",4,"1"
"421",2018,12,6,"none","CEOL",4,"1"
"422",2018,12,6,"none","HEAR",6,"1"
"423",2018,12,6,"none","RHOV",4,"1"
"424",2018,12,6,"none","SAAP",4,"1"
"425",2018,12,7,"none","CEOL",4,"1"
"426",2018,12,7,"none","HEAR",6,"1"
"427",2018,12,7,"none","RHOV",4,"1"
"428",2018,12,7,"none","SAAP",4,"1"
"429",2018,12,8,"half ","CEOL",4,"1"
"430",2018,12,8,"half ","HEAR",6,"1"
"431",2018,12,8,"half ","RHOV",4,"1"
"432",2018,12,8,"half ","SAAP",4,"1"
"433",2018,12,9,"full ","CEOL",4,"1"
"434",2018,12,9,"full ","HEAR",6,"1"
"435",2018,12,9,"full ","RHOV",4,"1"
"436",2018,12,9,"full ","SAAP",4,"1"
"437",2018,12,10,"half ","CEOL",4,"1"
"438",2018,12,10,"half ","HEAR",6,"1"
"439",2018,12,10,"half ","RHOV",4,"1"
"440",2018,12,10,"half ","SAAP",3,"1"
"441",2018,12,11,"none","CEOL",4,"1"
"442",2018,12,11,"none","HEAR",6,"1"
"443",2018,12,11,"none","RHOV",4,"1"
"444",2018,12,11,"none","SAAP",4,"1"
"445",2018,12,12,"full ","CEOL",4,"1"
"446",2018,12,12,"full ","HEAR",6,"1"
"447",2018,12,12,"full ","RHOV",3,"1"
"448",2018,12,12,"full ","SAAP",4,"1"
"449",2018,12,13,"full ","CEOL",4,"1"
"450",2018,12,13,"full ","HEAR",6,"1"
"451",2018,12,13,"full ","RHOV",4,"1"
"452",2018,12,13,"full ","SAAP",4,"1"
"453",2018,12,14,"none","CEOL",4,"1"
"454",2018,12,14,"none","HEAR",6,"1"
"455",2018,12,14,"none","RHOV",4,"1"
"456",2018,12,14,"none","SAAP",4,"1"
"457",2018,12,15,"half ","CEOL",4,"1"
"458",2018,12,15,"half ","HEAR",6,"1"
"459",2018,12,15,"half ","RHOV",4,"1"
"460",2018,12,15,"half ","SAAP",4,"1"
"461",2018,12,16,"full ","CEOL",4,"1"
"462",2018,12,16,"full ","HEAR",6,"1"
"463",2018,12,16,"full ","RHOV",4,"1"
"464",2018,12,16,"full ","SAAP",4,"1"
"465",2018,12,17,"half ","CEOL",4,"1"
"466",2018,12,17,"half ","HEAR",6,"1"
"467",2018,12,17,"half ","RHOV",4,"1"
"468",2018,12,17,"half ","SAAP",4,"1"
"469",2018,12,18,"none","CEOL",4,"1"
"470",2018,12,18,"none","HEAR",6,"1"
"471",2018,12,18,"none","RHOV",4,"1"
"472",2018,12,18,"none","SAAP",4,"1"
"473",2018,12,19,"full ","CEOL",4,"2"
"474",2018,12,19,"full ","HEAR",6,"2"
"475",2018,12,19,"full ","RHOV",4,"2"
"476",2018,12,19,"full ","SAAP",4,"2"
"477",2018,12,20,"none","CEOL",4,"2"
"478",2018,12,20,"none","HEAR",6,"2"
"479",2018,12,20,"none","RHOV",4,"2"
"480",2018,12,20,"none","SAAP",4,"2"
"481",2018,12,21,"half ","CEOL",4,"2"
"482",2018,12,21,"half ","HEAR",6,"2"
"483",2018,12,21,"half ","RHOV",4,"2"
"484",2018,12,21,"half ","SAAP",4,"2"
"485",2018,12,22,"full ","CEOL",4,"2"
"486",2018,12,22,"full ","HEAR",6,"2"
"487",2018,12,22,"full ","RHOV",4,"2"
"488",2018,12,22,"full ","SAAP",4,"2"
"489",2018,12,23,"half ","CEOL",4,"2"
"490",2018,12,23,"half ","HEAR",6,"2"
"491",2018,12,23,"half ","RHOV",4,"2"
"492",2018,12,23,"half ","SAAP",4,"2"
"493",2018,12,24,"none","CEOL",4,"2"
"494",2018,12,24,"none","HEAR",6,"2"
"495",2018,12,24,"none","RHOV",4,"2"
"496",2018,12,24,"none","SAAP",4,"2"
"497",2018,12,25,"none","CEOL",4,"2"
"498",2018,12,25,"none","HEAR",6,"2"
"499",2018,12,25,"none","RHOV",4,"2"
"500",2018,12,25,"none","SAAP",4,"2"
"501",2018,12,26,"half ","CEOL",4,"2"
"502",2018,12,26,"half ","HEAR",6,"2"
"503",2018,12,26,"half ","RHOV",4,"2"
"504",2018,12,26,"half ","SAAP",3,"2"
"505",2018,12,27,"full ","CEOL",4,"2"
"506",2018,12,27,"full ","HEAR",6,"2"
"507",2018,12,27,"full ","RHOV",4,"2"
"508",2018,12,27,"full ","SAAP",4,"2"
"509",2018,12,28,"half ","CEOL",4,"2"
"510",2018,12,28,"half ","HEAR",6,"2"
"511",2018,12,28,"half ","RHOV",4,"2"
"512",2018,12,28,"half ","SAAP",4,"2"
"513",2018,12,29,"none","CEOL",4,"2"
"514",2018,12,29,"none","HEAR",6,"2"
"515",2018,12,29,"none","RHOV",4,"2"
"516",2018,12,29,"none","SAAP",4,"2"
"517",2018,12,30,"full ","CEOL",4,"2"
"518",2018,12,30,"full ","HEAR",6,"2"
"519",2018,12,30,"full ","RHOV",4,"2"
"520",2018,12,30,"full ","SAAP",4,"2"
"521",2018,12,31,"none","CEOL",4,"2"
"522",2018,12,31,"none","HEAR",6,"2"
"523",2018,12,31,"none","RHOV",4,"2"
"524",2018,12,31,"none","SAAP",4,"2"
"525",2018,12,32,"half ","CEOL",4,"2"
"526",2018,12,32,"half ","HEAR",6,"2"
"527",2018,12,32,"half ","RHOV",4,"2"
"528",2018,12,32,"half ","SAAP",4,"2"
"529",2018,12,33,"full ","CEOL",4,"2"
"530",2018,12,33,"full ","HEAR",6,"2"
"531",2018,12,33,"full ","RHOV",4,"2"
"532",2018,12,33,"full ","SAAP",4,"2"
"533",2018,12,34,"half ","CEOL",4,"2"
"534",2018,12,34,"half ","HEAR",6,"2"
"535",2018,12,34,"half ","RHOV",4,"2"
"536",2018,12,34,"half ","SAAP",4,"2"
"537",2018,12,35,"full ","CEOL",4,"2"
"538",2018,12,35,"full ","HEAR",6,"2"
"539",2018,12,35,"full ","RHOV",4,"2"
"540",2018,12,35,"full ","SAAP",4,"2"
"541",2018,12,36,"none","CEOL",4,"2"
"542",2018,12,36,"none","HEAR",6,"2"
"543",2018,12,36,"none","RHOV",4,"2"
"544",2018,12,36,"none","SAAP",4,"2"
"545",2019,1,1,"none","CEOL",0,"1"
"546",2019,1,1,"none","HEAR",0,"1"
"547",2019,1,1,"none","RHOV",0,"1"
"548",2019,1,1,"none","SAAP",0,"1"
"549",2019,1,2,"full ","CEOL",0,"1"
"550",2019,1,2,"full ","HEAR",0,"1"
"551",2019,1,2,"full ","RHOV",0,"1"
"552",2019,1,2,"full ","SAAP",0,"1"
"553",2019,1,3,"full ","CEOL",0,"1"
"554",2019,1,3,"full ","HEAR",0,"1"
"555",2019,1,3,"full ","RHOV",0,"1"
"556",2019,1,3,"full ","SAAP",0,"1"
"557",2019,1,4,"half ","CEOL",0,"1"
"558",2019,1,4,"half ","HEAR",0,"1"
"559",2019,1,4,"half ","RHOV",0,"1"
"560",2019,1,4,"half ","SAAP",0,"1"
"561",2019,1,5,"half ","CEOL",0,"1"
"562",2019,1,5,"half ","HEAR",0,"1"
"563",2019,1,5,"half ","RHOV",0,"1"
"564",2019,1,5,"half ","SAAP",0,"1"
"565",2019,1,6,"none","CEOL",0,"1"
"566",2019,1,6,"none","HEAR",0,"1"
"567",2019,1,6,"none","RHOV",0,"1"
"568",2019,1,6,"none","SAAP",0,"1"
"569",2019,1,7,"none","CEOL",0,"1"
"570",2019,1,7,"none","HEAR",0,"1"
"571",2019,1,7,"none","RHOV",0,"1"
"572",2019,1,7,"none","SAAP",0,"1"
"573",2019,1,8,"half ","CEOL",0,"1"
"574",2019,1,8,"half ","HEAR",0,"1"
"575",2019,1,8,"half ","RHOV",0,"1"
"576",2019,1,8,"half ","SAAP",0,"1"
"577",2019,1,9,"full ","CEOL",0,"1"
"578",2019,1,9,"full ","HEAR",0,"1"
"579",2019,1,9,"full ","RHOV",0,"1"
"580",2019,1,9,"full ","SAAP",0,"1"
"581",2019,1,10,"half ","CEOL",0,"1"
"582",2019,1,10,"half ","HEAR",0,"1"
"583",2019,1,10,"half ","RHOV",0,"1"
"584",2019,1,10,"half ","SAAP",0,"1"
"585",2019,1,11,"none","CEOL",0,"1"
"586",2019,1,11,"none","HEAR",0,"1"
"587",2019,1,11,"none","RHOV",0,"1"
"588",2019,1,11,"none","SAAP",0,"1"
"589",2019,1,12,"full ","CEOL",0,"1"
"590",2019,1,12,"full ","HEAR",0,"1"
"591",2019,1,12,"full ","RHOV",0,"1"
"592",2019,1,12,"full ","SAAP",0,"1"
"593",2019,1,13,"full ","CEOL",0,"1"
"594",2019,1,13,"full ","HEAR",0,"1"
"595",2019,1,13,"full ","RHOV",0,"1"
"596",2019,1,13,"full ","SAAP",0,"1"
"597",2019,1,14,"none","CEOL",0,"1"
"598",2019,1,14,"none","HEAR",0,"1"
"599",2019,1,14,"none","RHOV",0,"1"
"600",2019,1,14,"none","SAAP",0,"1"
"601",2019,1,15,"half ","CEOL",0,"1"
"602",2019,1,15,"half ","HEAR",0,"1"
"603",2019,1,15,"half ","RHOV",0,"1"
"604",2019,1,15,"half ","SAAP",0,"1"
"605",2019,1,16,"full ","CEOL",0,"1"
"606",2019,1,16,"full ","HEAR",0,"1"
"607",2019,1,16,"full ","RHOV",0,"1"
"608",2019,1,16,"full ","SAAP",0,"1"
"609",2019,1,17,"half ","CEOL",0,"1"
"610",2019,1,17,"half ","HEAR",0,"1"
"611",2019,1,17,"half ","RHOV",0,"1"
"612",2019,1,17,"half ","SAAP",0,"1"
"613",2019,1,18,"none","CEOL",0,"1"
"614",2019,1,18,"none","HEAR",0,"1"
"615",2019,1,18,"none","RHOV",0,"1"
"616",2019,1,18,"none","SAAP",0,"1"
"617",2019,1,19,"full ","CEOL",0,"2"
"618",2019,1,19,"full ","HEAR",0,"2"
"619",2019,1,19,"full ","RHOV",0,"2"
"620",2019,1,19,"full ","SAAP",0,"2"
"621",2019,1,20,"none","CEOL",0,"2"
"622",2019,1,20,"none","HEAR",0,"2"
"623",2019,1,20,"none","RHOV",0,"2"
"624",2019,1,20,"none","SAAP",0,"2"
"625",2019,1,21,"half ","CEOL",0,"2"
"626",2019,1,21,"half ","HEAR",0,"2"
"627",2019,1,21,"half ","RHOV",0,"2"
"628",2019,1,21,"half ","SAAP",0,"2"
"629",2019,1,22,"full ","CEOL",0,"2"
"630",2019,1,22,"full ","HEAR",0,"2"
"631",2019,1,22,"full ","RHOV",0,"2"
"632",2019,1,22,"full ","SAAP",0,"2"
"633",2019,1,23,"half ","CEOL",0,"2"
"634",2019,1,23,"half ","HEAR",0,"2"
"635",2019,1,23,"half ","RHOV",0,"2"
"636",2019,1,23,"half ","SAAP",0,"2"
"637",2019,1,24,"none","CEOL",0,"2"
"638",2019,1,24,"none","HEAR",0,"2"
"639",2019,1,24,"none","RHOV",0,"2"
"640",2019,1,24,"none","SAAP",0,"2"
"641",2019,1,25,"none","CEOL",0,"2"
"642",2019,1,25,"none","HEAR",0,"2"
"643",2019,1,25,"none","RHOV",0,"2"
"644",2019,1,25,"none","SAAP",0,"2"
"645",2019,1,26,"half ","CEOL",0,"2"
"646",2019,1,26,"half ","HEAR",0,"2"
"647",2019,1,26,"half ","RHOV",0,"2"
"648",2019,1,26,"half ","SAAP",0,"2"
"649",2019,1,27,"full ","CEOL",0,"2"
"650",2019,1,27,"full ","HEAR",0,"2"
"651",2019,1,27,"full ","RHOV",0,"2"
"652",2019,1,27,"full ","SAAP",0,"2"
"653",2019,1,28,"half ","CEOL",0,"2"
"654",2019,1,28,"half ","HEAR",0,"2"
"655",2019,1,28,"half ","RHOV",0,"2"
"656",2019,1,28,"half ","SAAP",0,"2"
"657",2019,1,29,"none","CEOL",0,"2"
"658",2019,1,29,"none","HEAR",0,"2"
"659",2019,1,29,"none","RHOV",0,"2"
"660",2019,1,29,"none","SAAP",0,"2"
"661",2019,1,30,"full ","CEOL",0,"2"
"662",2019,1,30,"full ","HEAR",0,"2"
"663",2019,1,30,"full ","RHOV",0,"2"
"664",2019,1,30,"full ","SAAP",0,"2"
"665",2019,1,31,"none","CEOL",0,"2"
"666",2019,1,31,"none","HEAR",0,"2"
"667",2019,1,31,"none","RHOV",0,"2"
"668",2019,1,31,"none","SAAP",0,"2"
"669",2019,1,32,"half ","CEOL",0,"2"
"670",2019,1,32,"half ","HEAR",0,"2"
"671",2019,1,32,"half ","RHOV",0,"2"
"672",2019,1,32,"half ","SAAP",0,"2"
"673",2019,1,33,"full ","CEOL",0,"2"
"674",2019,1,33,"full ","HEAR",0,"2"
"675",2019,1,33,"full ","RHOV",0,"2"
"676",2019,1,33,"full ","SAAP",0,"2"
"677",2019,1,34,"half ","CEOL",0,"2"
"678",2019,1,34,"half ","HEAR",0,"2"
"679",2019,1,34,"half ","RHOV",0,"2"
"680",2019,1,34,"half ","SAAP",0,"2"
"681",2019,1,35,"full ","CEOL",0,"2"
"682",2019,1,35,"full ","HEAR",0,"2"
"683",2019,1,35,"full ","RHOV",0,"2"
"684",2019,1,35,"full ","SAAP",0,"2"
"685",2019,1,36,"none","CEOL",0,"2"
"686",2019,1,36,"none","HEAR",0,"2"
"687",2019,1,36,"none","RHOV",0,"2"
"688",2019,1,36,"none","SAAP",0,"2"
"689",2019,3,1,"none","CEOL",0,"1"
"690",2019,3,1,"none","HEAR",0,"1"
"691",2019,3,1,"none","RHOV",0,"1"
"692",2019,3,1,"none","SAAP",1,"1"
"693",2019,3,2,"full ","CEOL",0,"1"
"694",2019,3,2,"full ","HEAR",0,"1"
"695",2019,3,2,"full ","RHOV",1,"1"
"696",2019,3,2,"full ","SAAP",0,"1"
"697",2019,3,3,"full ","CEOL",0,"1"
"698",2019,3,3,"full ","HEAR",0,"1"
"699",2019,3,3,"full ","RHOV",0,"1"
"700",2019,3,3,"full ","SAAP",0,"1"
"701",2019,3,4,"half ","CEOL",0,"1"
"702",2019,3,4,"half ","HEAR",0,"1"
"703",2019,3,4,"half ","RHOV",0,"1"
"704",2019,3,4,"half ","SAAP",0,"1"
"705",2019,3,5,"half ","CEOL",0,"1"
"706",2019,3,5,"half ","HEAR",0,"1"
"707",2019,3,5,"half ","RHOV",0,"1"
"708",2019,3,5,"half ","SAAP",0,"1"
"709",2019,3,6,"none","CEOL",0,"1"
"710",2019,3,6,"none","HEAR",0,"1"
"711",2019,3,6,"none","RHOV",0,"1"
"712",2019,3,6,"none","SAAP",0,"1"
"713",2019,3,7,"none","CEOL",0,"1"
"714",2019,3,7,"none","HEAR",0,"1"
"715",2019,3,7,"none","RHOV",0,"1"
"716",2019,3,7,"none","SAAP",0,"1"
"717",2019,3,8,"half ","CEOL",0,"1"
"718",2019,3,8,"half ","HEAR",0,"1"
"719",2019,3,8,"half ","RHOV",1,"1"
"720",2019,3,8,"half ","SAAP",0,"1"
"721",2019,3,9,"full ","CEOL",0,"1"
"722",2019,3,9,"full ","HEAR",0,"1"
"723",2019,3,9,"full ","RHOV",0,"1"
"724",2019,3,9,"full ","SAAP",0,"1"
"725",2019,3,10,"half ","CEOL",0,"1"
"726",2019,3,10,"half ","HEAR",0,"1"
"727",2019,3,10,"half ","RHOV",1,"1"
"728",2019,3,10,"half ","SAAP",0,"1"
"729",2019,3,11,"none","CEOL",0,"1"
"730",2019,3,11,"none","HEAR",0,"1"
"731",2019,3,11,"none","RHOV",1,"1"
"732",2019,3,11,"none","SAAP",0,"1"
"733",2019,3,12,"full ","CEOL",0,"1"
"734",2019,3,12,"full ","HEAR",0,"1"
"735",2019,3,12,"full ","RHOV",1,"1"
"736",2019,3,12,"full ","SAAP",1,"1"
"737",2019,3,13,"full ","CEOL",1,"1"
"738",2019,3,13,"full ","HEAR",0,"1"
"739",2019,3,13,"full ","RHOV",0,"1"
"740",2019,3,13,"full ","SAAP",0,"1"
"741",2019,3,14,"none","CEOL",0,"1"
"742",2019,3,14,"none","HEAR",0,"1"
"743",2019,3,14,"none","RHOV",2,"1"
"744",2019,3,14,"none","SAAP",2,"1"
"745",2019,3,15,"half ","CEOL",1,"1"
"746",2019,3,15,"half ","HEAR",0,"1"
"747",2019,3,15,"half ","RHOV",3,"1"
"748",2019,3,15,"half ","SAAP",3,"1"
"749",2019,3,16,"full ","CEOL",0,"1"
"750",2019,3,16,"full ","HEAR",0,"1"
"751",2019,3,16,"full ","RHOV",0,"1"
"752",2019,3,16,"full ","SAAP",0,"1"
"753",2019,3,17,"half ","CEOL",1,"1"
"754",2019,3,17,"half ","HEAR",0,"1"
"755",2019,3,17,"half ","RHOV",0,"1"
"756",2019,3,17,"half ","SAAP",1,"1"
"757",2019,3,18,"none","CEOL",2,"1"
"758",2019,3,18,"none","HEAR",2,"1"
"759",2019,3,18,"none","RHOV",1,"1"
"760",2019,3,18,"none","SAAP",2,"1"
"761",2019,3,19,"full ","CEOL",1,"2"
"762",2019,3,19,"full ","HEAR",0,"2"
"763",2019,3,19,"full ","RHOV",2,"2"
"764",2019,3,19,"full ","SAAP",0,"2"
"765",2019,3,20,"none","CEOL",0,"2"
"766",2019,3,20,"none","HEAR",0,"2"
"767",2019,3,20,"none","RHOV",1,"2"
"768",2019,3,20,"none","SAAP",0,"2"
"769",2019,3,21,"half ","CEOL",1,"2"
"770",2019,3,21,"half ","HEAR",1,"2"
"771",2019,3,21,"half ","RHOV",0,"2"
"772",2019,3,21,"half ","SAAP",1,"2"
"773",2019,3,22,"full ","CEOL",1,"2"
"774",2019,3,22,"full ","HEAR",1,"2"
"775",2019,3,22,"full ","RHOV",0,"2"
"776",2019,3,22,"full ","SAAP",0,"2"
"777",2019,3,23,"half ","CEOL",1,"2"
"778",2019,3,23,"half ","HEAR",0,"2"
"779",2019,3,23,"half ","RHOV",0,"2"
"780",2019,3,23,"half ","SAAP",0,"2"
"781",2019,3,24,"none","CEOL",1,"2"
"782",2019,3,24,"none","HEAR",0,"2"
"783",2019,3,24,"none","RHOV",2,"2"
"784",2019,3,24,"none","SAAP",0,"2"
"785",2019,3,25,"none","CEOL",1,"2"
"786",2019,3,25,"none","HEAR",1,"2"
"787",2019,3,25,"none","RHOV",1,"2"
"788",2019,3,25,"none","SAAP",0,"2"
"789",2019,3,26,"half ","CEOL",0,"2"
"790",2019,3,26,"half ","HEAR",0,"2"
"791",2019,3,26,"half ","RHOV",1,"2"
"792",2019,3,26,"half ","SAAP",1,"2"
"793",2019,3,27,"full ","CEOL",0,"2"
"794",2019,3,27,"full ","HEAR",0,"2"
"795",2019,3,27,"full ","RHOV",0,"2"
"796",2019,3,27,"full ","SAAP",0,"2"
"797",2019,3,28,"half ","CEOL",1,"2"
"798",2019,3,28,"half ","HEAR",0,"2"
"799",2019,3,28,"half ","RHOV",2,"2"
"800",2019,3,28,"half ","SAAP",1,"2"
"801",2019,3,29,"none","CEOL",1,"2"
"802",2019,3,29,"none","HEAR",0,"2"
"803",2019,3,29,"none","RHOV",0,"2"
"804",2019,3,29,"none","SAAP",1,"2"
"805",2019,3,30,"full ","CEOL",1,"2"
"806",2019,3,30,"full ","HEAR",0,"2"
"807",2019,3,30,"full ","RHOV",2,"2"
"808",2019,3,30,"full ","SAAP",0,"2"
"809",2019,3,31,"none","CEOL",0,"2"
"810",2019,3,31,"none","HEAR",0,"2"
"811",2019,3,31,"none","RHOV",0,"2"
"812",2019,3,31,"none","SAAP",0,"2"
"813",2019,3,32,"half ","CEOL",0,"2"
"814",2019,3,32,"half ","HEAR",1,"2"
"815",2019,3,32,"half ","RHOV",3,"2"
"816",2019,3,32,"half ","SAAP",0,"2"
"817",2019,3,33,"full ","CEOL",0,"2"
"818",2019,3,33,"full ","HEAR",1,"2"
"819",2019,3,33,"full ","RHOV",2,"2"
"820",2019,3,33,"full ","SAAP",0,"2"
"821",2019,3,34,"half ","CEOL",0,"2"
"822",2019,3,34,"half ","HEAR",0,"2"
"823",2019,3,34,"half ","RHOV",2,"2"
"824",2019,3,34,"half ","SAAP",0,"2"
"825",2019,3,35,"full ","CEOL",0,"2"
"826",2019,3,35,"full ","HEAR",0,"2"
"827",2019,3,35,"full ","RHOV",2,"2"
"828",2019,3,35,"full ","SAAP",1,"2"
"829",2019,3,36,"none","CEOL",1,"2"
"830",2019,3,36,"none","HEAR",0,"2"
"831",2019,3,36,"none","RHOV",1,"2"
"832",2019,3,36,"none","SAAP",0,"2"
"833",2019,4,1,"none","CEOL",0,"1"
"834",2019,4,1,"none","HEAR",0,"1"
"835",2019,4,1,"none","RHOV",1,"1"
"836",2019,4,1,"none","SAAP",3,"1"
"837",2019,4,2,"full ","CEOL",0,"1"
"838",2019,4,2,"full ","HEAR",0,"1"
"839",2019,4,2,"full ","RHOV",1,"1"
"840",2019,4,2,"full ","SAAP",0,"1"
"841",2019,4,3,"full ","CEOL",0,"1"
"842",2019,4,3,"full ","HEAR",0,"1"
"843",2019,4,3,"full ","RHOV",0,"1"
"844",2019,4,3,"full ","SAAP",0,"1"
"845",2019,4,4,"half ","CEOL",2,"1"
"846",2019,4,4,"half ","HEAR",1,"1"
"847",2019,4,4,"half ","RHOV",2,"1"
"848",2019,4,4,"half ","SAAP",1,"1"
"849",2019,4,5,"half ","CEOL",0,"1"
"850",2019,4,5,"half ","HEAR",0,"1"
"851",2019,4,5,"half ","RHOV",0,"1"
"852",2019,4,5,"half ","SAAP",0,"1"
"853",2019,4,6,"none","CEOL",0,"1"
"854",2019,4,6,"none","HEAR",0,"1"
"855",2019,4,6,"none","RHOV",2,"1"
"856",2019,4,6,"none","SAAP",0,"1"
"857",2019,4,13,"full ","CEOL",1,"1"
"858",2019,4,13,"full ","HEAR",0,"1"
"859",2019,4,13,"full ","RHOV",0,"1"
"860",2019,4,13,"full ","SAAP",0,"1"
"861",2019,4,15,"half ","CEOL",2,"1"
"862",2019,4,15,"half ","HEAR",0,"1"
"863",2019,4,15,"half ","RHOV",3,"1"
"864",2019,4,15,"half ","SAAP",3,"1"
"865",2019,4,16,"full ","CEOL",0,"1"
"866",2019,4,16,"full ","HEAR",1,"1"
"867",2019,4,16,"full ","RHOV",2,"1"
"868",2019,4,16,"full ","SAAP",1,"1"
"869",2019,4,17,"half ","CEOL",0,"1"
"870",2019,4,17,"half ","HEAR",0,"1"
"871",2019,4,17,"half ","RHOV",1,"1"
"872",2019,4,17,"half ","SAAP",2,"1"
"873",2019,5,7,"none","CEOL",2,"1"
"874",2019,5,7,"none","HEAR",0,"1"
"875",2019,5,7,"none","RHOV",1,"1"
"876",2019,5,7,"none","SAAP",0,"1"
"877",2019,5,8,"half ","CEOL",0,"1"
"878",2019,5,8,"half ","HEAR",0,"1"
"879",2019,5,8,"half ","RHOV",2,"1"
"880",2019,5,8,"half ","SAAP",0,"1"
"881",2019,5,9,"full ","CEOL",0,"1"
"882",2019,5,9,"full ","HEAR",0,"1"
"883",2019,5,9,"full ","RHOV",2,"1"
"884",2019,5,9,"full ","SAAP",1,"1"
"885",2019,5,10,"half ","CEOL",0,"1"
"886",2019,5,10,"half ","HEAR",0,"1"
"887",2019,5,10,"half ","RHOV",1,"1"
"888",2019,5,10,"half ","SAAP",1,"1"
"889",2019,5,11,"none","CEOL",0,"1"
"890",2019,5,11,"none","HEAR",0,"1"
"891",2019,5,11,"none","RHOV",1,"1"
"892",2019,5,11,"none","SAAP",1,"1"
"893",2019,5,12,"full ","CEOL",0,"1"
"894",2019,5,12,"full ","HEAR",0,"1"
"895",2019,5,12,"full ","RHOV",2,"1"
"896",2019,5,12,"full ","SAAP",1,"1"
"897",2019,5,14,"none","CEOL",0,"1"
"898",2019,5,14,"none","HEAR",0,"1"
"899",2019,5,14,"none","RHOV",2,"1"
"900",2019,5,14,"none","SAAP",3,"1"
"901",2019,5,18,"none","CEOL",2,"1"
"902",2019,5,18,"none","HEAR",3,"1"
"903",2019,5,18,"none","RHOV",1,"1"
"904",2019,5,18,"none","SAAP",2,"1"
"905",2019,5,19,"full ","CEOL",1,"2"
"906",2019,5,19,"full ","HEAR",0,"2"
"907",2019,5,19,"full ","RHOV",2,"2"
"908",2019,5,19,"full ","SAAP",2,"2"
"909",2019,5,20,"none","CEOL",0,"2"
"910",2019,5,20,"none","HEAR",0,"2"
"911",2019,5,20,"none","RHOV",3,"2"
"912",2019,5,20,"none","SAAP",1,"2"
"913",2019,5,21,"half ","CEOL",1,"2"
"914",2019,5,21,"half ","HEAR",2,"2"
"915",2019,5,21,"half ","RHOV",2,"2"
"916",2019,5,21,"half ","SAAP",1,"2"
"917",2019,5,22,"full ","CEOL",1,"2"
"918",2019,5,22,"full ","HEAR",1,"2"
"919",2019,5,22,"full ","RHOV",1,"2"
"920",2019,5,22,"full ","SAAP",1,"2"
"921",2019,5,23,"half ","CEOL",1,"2"
"922",2019,5,23,"half ","HEAR",0,"2"
"923",2019,5,23,"half ","RHOV",2,"2"
"924",2019,5,23,"half ","SAAP",0,"2"
"925",2019,5,24,"none","CEOL",1,"2"
"926",2019,5,24,"none","HEAR",0,"2"
"927",2019,5,24,"none","RHOV",2,"2"
"928",2019,5,24,"none","SAAP",0,"2"
"929",2019,5,25,"none","CEOL",2,"2"
"930",2019,5,25,"none","HEAR",3,"2"
"931",2019,5,25,"none","RHOV",3,"2"
"932",2019,5,25,"none","SAAP",0,"2"
"933",2019,5,26,"half ","CEOL",2,"2"
"934",2019,5,26,"half ","HEAR",2,"2"
"935",2019,5,26,"half ","RHOV",3,"2"
"936",2019,5,26,"half ","SAAP",3,"2"
"937",2019,5,27,"full ","CEOL",1,"2"
"938",2019,5,27,"full ","HEAR",2,"2"
"939",2019,5,27,"full ","RHOV",2,"2"
"940",2019,5,27,"full ","SAAP",3,"2"
"941",2019,5,28,"half ","CEOL",2,"2"
"942",2019,5,28,"half ","HEAR",2,"2"
"943",2019,5,28,"half ","RHOV",3,"2"
"944",2019,5,28,"half ","SAAP",1,"2"
"945",2019,5,29,"none","CEOL",1,"2"
"946",2019,5,29,"none","HEAR",2,"2"
"947",2019,5,29,"none","RHOV",3,"2"
"948",2019,5,29,"none","SAAP",1,"2"
"949",2019,5,30,"full ","CEOL",2,"2"
"950",2019,5,30,"full ","HEAR",1,"2"
"951",2019,5,30,"full ","RHOV",3,"2"
"952",2019,5,30,"full ","SAAP",1,"2"
"953",2019,5,31,"none","CEOL",0,"2"
"954",2019,5,31,"none","HEAR",1,"2"
"955",2019,5,31,"none","RHOV",2,"2"
"956",2019,5,31,"none","SAAP",1,"2"
"957",2019,5,32,"half ","CEOL",1,"2"
"958",2019,5,32,"half ","HEAR",2,"2"
"959",2019,5,32,"half ","RHOV",3,"2"
"960",2019,5,32,"half ","SAAP",2,"2"
"961",2019,5,33,"full ","CEOL",1,"2"
"962",2019,5,33,"full ","HEAR",2,"2"
"963",2019,5,33,"full ","RHOV",3,"2"
"964",2019,5,33,"full ","SAAP",1,"2"
"965",2019,5,34,"half ","CEOL",1,"2"
"966",2019,5,34,"half ","HEAR",1,"2"
"967",2019,5,34,"half ","RHOV",3,"2"
"968",2019,5,34,"half ","SAAP",2,"2"
"969",2019,5,35,"full ","CEOL",2,"2"
"970",2019,5,35,"full ","HEAR",1,"2"
"971",2019,5,35,"full ","RHOV",3,"2"
"972",2019,5,35,"full ","SAAP",1,"2"
"973",2019,5,36,"none","CEOL",1,"2"
"974",2019,5,36,"none","HEAR",1,"2"
"975",2019,5,36,"none","RHOV",2,"2"
"976",2019,5,36,"none","SAAP",0,"2"
"977",2019,6,1,"none","CEOL",0,"1"
"978",2019,6,1,"none","HEAR",0,"1"
"979",2019,6,1,"none","RHOV",1,"1"
"980",2019,6,1,"none","SAAP",3,"1"
"981",2019,6,2,"full ","CEOL",0,"1"
"982",2019,6,2,"full ","HEAR",0,"1"
"983",2019,6,2,"full ","RHOV",1,"1"
"984",2019,6,2,"full ","SAAP",0,"1"
"985",2019,6,3,"full ","CEOL",1,"1"
"986",2019,6,3,"full ","HEAR",0,"1"
"987",2019,6,3,"full ","RHOV",0,"1"
"988",2019,6,3,"full ","SAAP",0,"1"
"989",2019,6,4,"half ","CEOL",2,"1"
"990",2019,6,4,"half ","HEAR",1,"1"
"991",2019,6,4,"half ","RHOV",2,"1"
"992",2019,6,4,"half ","SAAP",1,"1"
"993",2019,6,5,"half ","CEOL",1,"1"
"994",2019,6,5,"half ","HEAR",0,"1"
"995",2019,6,5,"half ","RHOV",0,"1"
"996",2019,6,5,"half ","SAAP",0,"1"
"997",2019,6,6,"none","CEOL",0,"1"
"998",2019,6,6,"none","HEAR",0,"1"
"999",2019,6,6,"none","RHOV",2,"1"
"1000",2019,6,6,"none","SAAP",0,"1"
"1001",2019,6,7,"none","CEOL",2,"1"
"1002",2019,6,7,"none","HEAR",0,"1"
"1003",2019,6,7,"none","RHOV",1,"1"
"1004",2019,6,7,"none","SAAP",1,"1"
"1005",2019,6,8,"half ","CEOL",1,"1"
"1006",2019,6,8,"half ","HEAR",0,"1"
"1007",2019,6,8,"half ","RHOV",1,"1"
"1008",2019,6,8,"half ","SAAP",0,"1"
"1009",2019,6,9,"full ","CEOL",0,"1"
"1010",2019,6,9,"full ","HEAR",0,"1"
"1011",2019,6,9,"full ","RHOV",2,"1"
"1012",2019,6,9,"full ","SAAP",1,"1"
"1013",2019,6,10,"half ","CEOL",1,"1"
"1014",2019,6,10,"half ","HEAR",0,"1"
"1015",2019,6,10,"half ","RHOV",1,"1"
"1016",2019,6,10,"half ","SAAP",1,"1"
"1017",2019,6,11,"none","CEOL",0,"1"
"1018",2019,6,11,"none","HEAR",0,"1"
"1019",2019,6,11,"none","RHOV",2,"1"
"1020",2019,6,11,"none","SAAP",1,"1"
"1021",2019,6,12,"full ","CEOL",1,"1"
"1022",2019,6,12,"full ","HEAR",0,"1"
"1023",2019,6,12,"full ","RHOV",2,"1"
"1024",2019,6,12,"full ","SAAP",1,"1"
"1025",2019,6,13,"full ","CEOL",1,"1"
"1026",2019,6,13,"full ","HEAR",1,"1"
"1027",2019,6,13,"full ","RHOV",0,"1"
"1028",2019,6,13,"full ","SAAP",0,"1"
"1029",2019,6,14,"none","CEOL",1,"1"
"1030",2019,6,14,"none","HEAR",0,"1"
"1031",2019,6,14,"none","RHOV",2,"1"
"1032",2019,6,14,"none","SAAP",3,"1"
"1033",2019,6,15,"half ","CEOL",2,"1"
"1034",2019,6,15,"half ","HEAR",0,"1"
"1035",2019,6,15,"half ","RHOV",3,"1"
"1036",2019,6,15,"half ","SAAP",3,"1"
"1037",2019,6,16,"full ","CEOL",1,"1"
"1038",2019,6,16,"full ","HEAR",1,"1"
"1039",2019,6,16,"full ","RHOV",2,"1"
"1040",2019,6,16,"full ","SAAP",1,"1"
"1041",2019,6,17,"half ","CEOL",0,"1"
"1042",2019,6,17,"half ","HEAR",0,"1"
"1043",2019,6,17,"half ","RHOV",1,"1"
"1044",2019,6,17,"half ","SAAP",2,"1"
"1045",2019,6,18,"none","CEOL",2,"1"
"1046",2019,6,18,"none","HEAR",3,"1"
"1047",2019,6,18,"none","RHOV",3,"1"
"1048",2019,6,18,"none","SAAP",3,"1"
"1049",2019,6,19,"full ","CEOL",2,"2"
"1050",2019,6,19,"full ","HEAR",2,"2"
"1051",2019,6,19,"full ","RHOV",3,"2"
"1052",2019,6,19,"full ","SAAP",2,"2"
"1053",2019,6,20,"none","CEOL",2,"2"
"1054",2019,6,20,"none","HEAR",0,"2"
"1055",2019,6,20,"none","RHOV",3,"2"
"1056",2019,6,20,"none","SAAP",1,"2"
"1057",2019,6,21,"half ","CEOL",1,"2"
"1058",2019,6,21,"half ","HEAR",3,"2"
"1059",2019,6,21,"half ","RHOV",2,"2"
"1060",2019,6,21,"half ","SAAP",1,"2"
"1061",2019,6,22,"full ","CEOL",1,"2"
"1062",2019,6,22,"full ","HEAR",2,"2"
"1063",2019,6,22,"full ","RHOV",3,"2"
"1064",2019,6,22,"full ","SAAP",2,"2"
"1065",2019,6,23,"half ","CEOL",2,"2"
"1066",2019,6,23,"half ","HEAR",1,"2"
"1067",2019,6,23,"half ","RHOV",2,"2"
"1068",2019,6,23,"half ","SAAP",0,"2"
"1069",2019,6,24,"none","CEOL",2,"2"
"1070",2019,6,24,"none","HEAR",0,"2"
"1071",2019,6,24,"none","RHOV",2,"2"
"1072",2019,6,24,"none","SAAP",0,"2"
"1073",2019,6,25,"none","CEOL",2,"2"
"1074",2019,6,25,"none","HEAR",3,"2"
"1075",2019,6,25,"none","RHOV",3,"2"
"1076",2019,6,25,"none","SAAP",0,"2"
"1077",2019,6,26,"half ","CEOL",2,"2"
"1078",2019,6,26,"half ","HEAR",3,"2"
"1079",2019,6,26,"half ","RHOV",3,"2"
"1080",2019,6,26,"half ","SAAP",3,"2"
"1081",2019,6,27,"full ","CEOL",2,"2"
"1082",2019,6,27,"full ","HEAR",3,"2"
"1083",2019,6,27,"full ","RHOV",3,"2"
"1084",2019,6,27,"full ","SAAP",3,"2"
"1085",2019,6,28,"half ","CEOL",2,"2"
"1086",2019,6,28,"half ","HEAR",3,"2"
"1087",2019,6,28,"half ","RHOV",3,"2"
"1088",2019,6,28,"half ","SAAP",3,"2"
"1089",2019,6,29,"none","CEOL",1,"2"
"1090",2019,6,29,"none","HEAR",3,"2"
"1091",2019,6,29,"none","RHOV",3,"2"
"1092",2019,6,29,"none","SAAP",2,"2"
"1093",2019,6,30,"full ","CEOL",2,"2"
"1094",2019,6,30,"full ","HEAR",2,"2"
"1095",2019,6,30,"full ","RHOV",3,"2"
"1096",2019,6,30,"full ","SAAP",0,"2"
"1097",2019,6,31,"none","CEOL",2,"2"
"1098",2019,6,31,"none","HEAR",0,"2"
"1099",2019,6,31,"none","RHOV",3,"2"
"1100",2019,6,31,"none","SAAP",2,"2"
"1101",2019,6,32,"half ","CEOL",2,"2"
"1102",2019,6,32,"half ","HEAR",3,"2"
"1103",2019,6,32,"half ","RHOV",3,"2"
"1104",2019,6,32,"half ","SAAP",2,"2"
"1105",2019,6,33,"full ","CEOL",2,"2"
"1106",2019,6,33,"full ","HEAR",2,"2"
"1107",2019,6,33,"full ","RHOV",2,"2"
"1108",2019,6,33,"full ","SAAP",1,"2"
"1109",2019,6,34,"half ","CEOL",2,"2"
"1110",2019,6,34,"half ","HEAR",2,"2"
"1111",2019,6,34,"half ","RHOV",3,"2"
"1112",2019,6,34,"half ","SAAP",1,"2"
"1113",2019,6,35,"full ","CEOL",2,"2"
"1114",2019,6,35,"full ","HEAR",1,"2"
"1115",2019,6,35,"full ","RHOV",3,"2"
"1116",2019,6,35,"full ","SAAP",1,"2"
"1117",2019,6,36,"none","CEOL",2,"2"
"1118",2019,6,36,"none","HEAR",2,"2"
"1119",2019,6,36,"none","RHOV",3,"2"
"1120",2019,6,36,"none","SAAP",1,"2"
"1121",2019,9,1,"none","CEOL",1,"1"
"1122",2019,9,1,"none","HEAR",0,"1"
"1123",2019,9,1,"none","RHOV",2,"1"
"1124",2019,9,1,"none","SAAP",3,"1"
"1125",2019,9,2,"full ","CEOL",1,"1"
"1126",2019,9,2,"full ","HEAR",2,"1"
"1127",2019,9,2,"full ","RHOV",3,"1"
"1128",2019,9,2,"full ","SAAP",0,"1"
"1129",2019,9,3,"full ","CEOL",2,"1"
"1130",2019,9,3,"full ","HEAR",2,"1"
"1131",2019,9,3,"full ","RHOV",3,"1"
"1132",2019,9,3,"full ","SAAP",2,"1"
"1133",2019,9,4,"half ","CEOL",2,"1"
"1134",2019,9,4,"half ","HEAR",2,"1"
"1135",2019,9,4,"half ","RHOV",3,"1"
"1136",2019,9,4,"half ","SAAP",0,"1"
"1137",2019,9,5,"half ","CEOL",1,"1"
"1138",2019,9,5,"half ","HEAR",0,"1"
"1139",2019,9,5,"half ","RHOV",1,"1"
"1140",2019,9,5,"half ","SAAP",0,"1"
"1141",2019,9,6,"none","CEOL",2,"1"
"1142",2019,9,6,"none","HEAR",1,"1"
"1143",2019,9,6,"none","RHOV",2,"1"
"1144",2019,9,6,"none","SAAP",2,"1"
"1145",2019,9,7,"none","CEOL",2,"1"
"1146",2019,9,7,"none","HEAR",1,"1"
"1147",2019,9,7,"none","RHOV",3,"1"
"1148",2019,9,7,"none","SAAP",1,"1"
"1149",2019,9,8,"half ","CEOL",2,"1"
"1150",2019,9,8,"half ","HEAR",0,"1"
"1151",2019,9,8,"half ","RHOV",2,"1"
"1152",2019,9,8,"half ","SAAP",0,"1"
"1153",2019,9,9,"full ","CEOL",1,"1"
"1154",2019,9,9,"full ","HEAR",0,"1"
"1155",2019,9,9,"full ","RHOV",2,"1"
"1156",2019,9,9,"full ","SAAP",2,"1"
"1157",2019,9,10,"half ","CEOL",1,"1"
"1158",2019,9,10,"half ","HEAR",0,"1"
"1159",2019,9,10,"half ","RHOV",2,"1"
"1160",2019,9,10,"half ","SAAP",1,"1"
"1161",2019,9,11,"none","CEOL",2,"1"
"1162",2019,9,11,"none","HEAR",3,"1"
"1163",2019,9,11,"none","RHOV",2,"1"
"1164",2019,9,11,"none","SAAP",1,"1"
"1165",2019,9,12,"full ","CEOL",1,"1"
"1166",2019,9,12,"full ","HEAR",0,"1"
"1167",2019,9,12,"full ","RHOV",3,"1"
"1168",2019,9,12,"full ","SAAP",2,"1"
"1169",2019,9,13,"full ","CEOL",2,"1"
"1170",2019,9,13,"full ","HEAR",3,"1"
"1171",2019,9,13,"full ","RHOV",3,"1"
"1172",2019,9,13,"full ","SAAP",2,"1"
"1173",2019,9,14,"none","CEOL",2,"1"
"1174",2019,9,14,"none","HEAR",2,"1"
"1175",2019,9,14,"none","RHOV",3,"1"
"1176",2019,9,14,"none","SAAP",3,"1"
"1177",2019,9,15,"half ","CEOL",2,"1"
"1178",2019,9,15,"half ","HEAR",0,"1"
"1179",2019,9,15,"half ","RHOV",3,"1"
"1180",2019,9,15,"half ","SAAP",3,"1"
"1181",2019,9,16,"full ","CEOL",2,"1"
"1182",2019,9,16,"full ","HEAR",2,"1"
"1183",2019,9,16,"full ","RHOV",3,"1"
"1184",2019,9,16,"full ","SAAP",1,"1"
"1185",2019,9,17,"half ","CEOL",0,"1"
"1186",2019,9,17,"half ","HEAR",0,"1"
"1187",2019,9,17,"half ","RHOV",2,"1"
"1188",2019,9,17,"half ","SAAP",3,"1"
"1189",2019,9,18,"none","CEOL",2,"1"
"1190",2019,9,18,"none","HEAR",3,"1"
"1191",2019,9,18,"none","RHOV",3,"1"
"1192",2019,9,18,"none","SAAP",3,"1"
"1193",2019,9,19,"full ","CEOL",2,"2"
"1194",2019,9,19,"full ","HEAR",3,"2"
"1195",2019,9,19,"full ","RHOV",3,"2"
"1196",2019,9,19,"full ","SAAP",3,"2"
"1197",2019,9,20,"none","CEOL",2,"2"
"1198",2019,9,20,"none","HEAR",1,"2"
"1199",2019,9,20,"none","RHOV",3,"2"
"1200",2019,9,20,"none","SAAP",3,"2"
"1201",2019,9,21,"half ","CEOL",1,"2"
"1202",2019,9,21,"half ","HEAR",3,"2"
"1203",2019,9,21,"half ","RHOV",3,"2"
"1204",2019,9,21,"half ","SAAP",2,"2"
"1205",2019,9,22,"full ","CEOL",1,"2"
"1206",2019,9,22,"full ","HEAR",3,"2"
"1207",2019,9,22,"full ","RHOV",3,"2"
"1208",2019,9,22,"full ","SAAP",2,"2"
"1209",2019,9,23,"half ","CEOL",2,"2"
"1210",2019,9,23,"half ","HEAR",1,"2"
"1211",2019,9,23,"half ","RHOV",3,"2"
"1212",2019,9,23,"half ","SAAP",2,"2"
"1213",2019,9,24,"none","CEOL",2,"2"
"1214",2019,9,24,"none","HEAR",1,"2"
"1215",2019,9,24,"none","RHOV",3,"2"
"1216",2019,9,24,"none","SAAP",2,"2"
"1217",2019,9,25,"none","CEOL",2,"2"
"1218",2019,9,25,"none","HEAR",3,"2"
"1219",2019,9,25,"none","RHOV",3,"2"
"1220",2019,9,25,"none","SAAP",2,"2"
"1221",2019,9,26,"half ","CEOL",2,"2"
"1222",2019,9,26,"half ","HEAR",3,"2"
"1223",2019,9,26,"half ","RHOV",3,"2"
"1224",2019,9,26,"half ","SAAP",3,"2"
"1225",2019,9,27,"full ","CEOL",2,"2"
"1226",2019,9,27,"full ","HEAR",3,"2"
"1227",2019,9,27,"full ","RHOV",3,"2"
"1228",2019,9,27,"full ","SAAP",3,"2"
"1229",2019,9,28,"half ","CEOL",2,"2"
"1230",2019,9,28,"half ","HEAR",3,"2"
"1231",2019,9,28,"half ","RHOV",3,"2"
"1232",2019,9,28,"half ","SAAP",3,"2"
"1233",2019,9,29,"none","CEOL",2,"2"
"1234",2019,9,29,"none","HEAR",3,"2"
"1235",2019,9,29,"none","RHOV",3,"2"
"1236",2019,9,29,"none","SAAP",2,"2"
"1237",2019,9,30,"full ","CEOL",2,"2"
"1238",2019,9,30,"full ","HEAR",3,"2"
"1239",2019,9,30,"full ","RHOV",3,"2"
"1240",2019,9,30,"full ","SAAP",1,"2"
"1241",2019,9,31,"none","CEOL",2,"2"
"1242",2019,9,31,"none","HEAR",2,"2"
"1243",2019,9,31,"none","RHOV",3,"2"
"1244",2019,9,31,"none","SAAP",2,"2"
"1245",2019,9,32,"half ","CEOL",2,"2"
"1246",2019,9,32,"half ","HEAR",3,"2"
"1247",2019,9,32,"half ","RHOV",3,"2"
"1248",2019,9,32,"half ","SAAP",3,"2"
"1249",2019,9,33,"full ","CEOL",2,"2"
"1250",2019,9,33,"full ","HEAR",3,"2"
"1251",2019,9,33,"full ","RHOV",3,"2"
"1252",2019,9,33,"full ","SAAP",0,"2"
"1253",2019,9,34,"half ","CEOL",2,"2"
"1254",2019,9,34,"half ","HEAR",2,"2"
"1255",2019,9,34,"half ","RHOV",3,"2"
"1256",2019,9,34,"half ","SAAP",1,"2"
"1257",2019,9,35,"full ","CEOL",2,"2"
"1258",2019,9,35,"full ","HEAR",3,"2"
"1259",2019,9,35,"full ","RHOV",3,"2"
"1260",2019,9,35,"full ","SAAP",2,"2"
"1261",2019,9,36,"none","CEOL",2,"2"
"1262",2019,9,36,"none","HEAR",3,"2"
"1263",2019,9,36,"none","RHOV",3,"2"
"1264",2019,9,36,"none","SAAP",3,"2"
"1265",2019,11,1,"none","CEOL",1,"1"
"1266",2019,11,1,"none","HEAR",2,"1"
"1267",2019,11,1,"none","RHOV",2,"1"
"1268",2019,11,1,"none","SAAP",3,"1"
"1269",2019,11,2,"full ","CEOL",2,"1"
"1270",2019,11,2,"full ","HEAR",3,"1"
"1271",2019,11,2,"full ","RHOV",3,"1"
"1272",2019,11,2,"full ","SAAP",1,"1"
"1273",2019,11,3,"full ","CEOL",2,"1"
"1274",2019,11,3,"full ","HEAR",2,"1"
"1275",2019,11,3,"full ","RHOV",3,"1"
"1276",2019,11,3,"full ","SAAP",1,"1"
"1277",2019,11,4,"half ","CEOL",2,"1"
"1278",2019,11,4,"half ","HEAR",2,"1"
"1279",2019,11,4,"half ","RHOV",3,"1"
"1280",2019,11,4,"half ","SAAP",2,"1"
"1281",2019,11,5,"half ","CEOL",2,"1"
"1282",2019,11,5,"half ","HEAR",0,"1"
"1283",2019,11,5,"half ","RHOV",3,"1"
"1284",2019,11,5,"half ","SAAP",0,"1"
"1285",2019,11,6,"none","CEOL",2,"1"
"1286",2019,11,6,"none","HEAR",2,"1"
"1287",2019,11,6,"none","RHOV",2,"1"
"1288",2019,11,6,"none","SAAP",1,"1"
"1289",2019,11,7,"none","CEOL",2,"1"
"1290",2019,11,7,"none","HEAR",1,"1"
"1291",2019,11,7,"none","RHOV",3,"1"
"1292",2019,11,7,"none","SAAP",1,"1"
"1293",2019,11,8,"half ","CEOL",2,"1"
"1294",2019,11,8,"half ","HEAR",1,"1"
"1295",2019,11,8,"half ","RHOV",2,"1"
"1296",2019,11,8,"half ","SAAP",2,"1"
"1297",2019,11,9,"full ","CEOL",1,"1"
"1298",2019,11,9,"full ","HEAR",0,"1"
"1299",2019,11,9,"full ","RHOV",3,"1"
"1300",2019,11,9,"full ","SAAP",2,"1"
"1301",2019,11,10,"half ","CEOL",1,"1"
"1302",2019,11,10,"half ","HEAR",1,"1"
"1303",2019,11,10,"half ","RHOV",2,"1"
"1304",2019,11,10,"half ","SAAP",1,"1"
"1305",2019,11,11,"none","CEOL",2,"1"
"1306",2019,11,11,"none","HEAR",3,"1"
"1307",2019,11,11,"none","RHOV",2,"1"
"1308",2019,11,11,"none","SAAP",1,"1"
"1309",2019,11,12,"full ","CEOL",1,"1"
"1310",2019,11,12,"full ","HEAR",0,"1"
"1311",2019,11,12,"full ","RHOV",3,"1"
"1312",2019,11,12,"full ","SAAP",2,"1"
"1313",2019,11,13,"full ","CEOL",2,"1"
"1314",2019,11,13,"full ","HEAR",3,"1"
"1315",2019,11,13,"full ","RHOV",3,"1"
"1316",2019,11,13,"full ","SAAP",3,"1"
"1317",2019,11,14,"none","CEOL",2,"1"
"1318",2019,11,14,"none","HEAR",3,"1"
"1319",2019,11,14,"none","RHOV",3,"1"
"1320",2019,11,14,"none","SAAP",3,"1"
"1321",2019,11,15,"half ","CEOL",2,"1"
"1322",2019,11,15,"half ","HEAR",0,"1"
"1323",2019,11,15,"half ","RHOV",3,"1"
"1324",2019,11,15,"half ","SAAP",3,"1"
"1325",2019,11,16,"full ","CEOL",2,"1"
"1326",2019,11,16,"full ","HEAR",2,"1"
"1327",2019,11,16,"full ","RHOV",3,"1"
"1328",2019,11,16,"full ","SAAP",1,"1"
"1329",2019,11,17,"half ","CEOL",0,"1"
"1330",2019,11,17,"half ","HEAR",0,"1"
"1331",2019,11,17,"half ","RHOV",2,"1"
"1332",2019,11,17,"half ","SAAP",3,"1"
"1333",2019,11,18,"none","CEOL",2,"1"
"1334",2019,11,18,"none","HEAR",3,"1"
"1335",2019,11,18,"none","RHOV",3,"1"
"1336",2019,11,18,"none","SAAP",3,"1"
"1337",2019,11,19,"full ","CEOL",2,"2"
"1338",2019,11,19,"full ","HEAR",3,"2"
"1339",2019,11,19,"full ","RHOV",3,"2"
"1340",2019,11,19,"full ","SAAP",3,"2"
"1341",2019,11,20,"none","CEOL",2,"2"
"1342",2019,11,20,"none","HEAR",1,"2"
"1343",2019,11,20,"none","RHOV",3,"2"
"1344",2019,11,20,"none","SAAP",3,"2"
"1345",2019,11,21,"half ","CEOL",2,"2"
"1346",2019,11,21,"half ","HEAR",3,"2"
"1347",2019,11,21,"half ","RHOV",3,"2"
"1348",2019,11,21,"half ","SAAP",2,"2"
"1349",2019,11,22,"full ","CEOL",1,"2"
"1350",2019,11,22,"full ","HEAR",3,"2"
"1351",2019,11,22,"full ","RHOV",3,"2"
"1352",2019,11,22,"full ","SAAP",2,"2"
"1353",2019,11,23,"half ","CEOL",2,"2"
"1354",2019,11,23,"half ","HEAR",1,"2"
"1355",2019,11,23,"half ","RHOV",3,"2"
"1356",2019,11,23,"half ","SAAP",2,"2"
"1357",2019,11,24,"none","CEOL",2,"2"
"1358",2019,11,24,"none","HEAR",2,"2"
"1359",2019,11,24,"none","RHOV",3,"2"
"1360",2019,11,24,"none","SAAP",2,"2"
"1361",2019,11,25,"none","CEOL",2,"2"
"1362",2019,11,25,"none","HEAR",3,"2"
"1363",2019,11,25,"none","RHOV",3,"2"
"1364",2019,11,25,"none","SAAP",2,"2"
"1365",2019,11,26,"half ","CEOL",2,"2"
"1366",2019,11,26,"half ","HEAR",3,"2"
"1367",2019,11,26,"half ","RHOV",3,"2"
"1368",2019,11,26,"half ","SAAP",3,"2"
"1369",2019,11,27,"full ","CEOL",2,"2"
"1370",2019,11,27,"full ","HEAR",3,"2"
"1371",2019,11,27,"full ","RHOV",3,"2"
"1372",2019,11,27,"full ","SAAP",3,"2"
"1373",2019,11,28,"half ","CEOL",2,"2"
"1374",2019,11,28,"half ","HEAR",3,"2"
"1375",2019,11,28,"half ","RHOV",3,"2"
"1376",2019,11,28,"half ","SAAP",3,"2"
"1377",2019,11,29,"none","CEOL",2,"2"
"1378",2019,11,29,"none","HEAR",3,"2"
"1379",2019,11,29,"none","RHOV",3,"2"
"1380",2019,11,29,"none","SAAP",2,"2"
"1381",2019,11,30,"full ","CEOL",2,"2"
"1382",2019,11,30,"full ","HEAR",3,"2"
"1383",2019,11,30,"full ","RHOV",3,"2"
"1384",2019,11,30,"full ","SAAP",1,"2"
"1385",2019,11,31,"none","CEOL",2,"2"
"1386",2019,11,31,"none","HEAR",2,"2"
"1387",2019,11,31,"none","RHOV",3,"2"
"1388",2019,11,31,"none","SAAP",2,"2"
"1389",2019,11,32,"half ","CEOL",2,"2"
"1390",2019,11,32,"half ","HEAR",3,"2"
"1391",2019,11,32,"half ","RHOV",3,"2"
"1392",2019,11,32,"half ","SAAP",3,"2"
"1393",2019,11,33,"full ","CEOL",2,"2"
"1394",2019,11,33,"full ","HEAR",3,"2"
"1395",2019,11,33,"full ","RHOV",3,"2"
"1396",2019,11,33,"full ","SAAP",1,"2"
"1397",2019,11,34,"half ","CEOL",2,"2"
"1398",2019,11,34,"half ","HEAR",2,"2"
"1399",2019,11,34,"half ","RHOV",3,"2"
"1400",2019,11,34,"half ","SAAP",1,"2"
"1401",2019,11,35,"full ","CEOL",2,"2"
"1402",2019,11,35,"full ","HEAR",3,"2"
"1403",2019,11,35,"full ","RHOV",3,"2"
"1404",2019,11,35,"full ","SAAP",2,"2"
"1405",2019,11,36,"none","CEOL",2,"2"
"1406",2019,11,36,"none","HEAR",3,"2"
"1407",2019,11,36,"none","RHOV",3,"2"
"1408",2019,11,36,"none","SAAP",3,"2"
"1409",2020,3,1,"none","CEOL",2,"1"
"1410",2020,3,1,"none","HEAR",3,"1"
"1411",2020,3,1,"none","RHOV",3,"1"
"1412",2020,3,1,"none","SAAP",3,"1"
"1413",2020,3,2,"full ","CEOL",2,"1"
"1414",2020,3,2,"full ","HEAR",3,"1"
"1415",2020,3,2,"full ","RHOV",3,"1"
"1416",2020,3,2,"full ","SAAP",1,"1"
"1417",2020,3,3,"full ","CEOL",2,"1"
"1418",2020,3,3,"full ","HEAR",2,"1"
"1419",2020,3,3,"full ","RHOV",3,"1"
"1420",2020,3,3,"full ","SAAP",2,"1"
"1421",2020,3,4,"half ","CEOL",2,"1"
"1422",2020,3,4,"half ","HEAR",2,"1"
"1423",2020,3,4,"half ","RHOV",3,"1"
"1424",2020,3,4,"half ","SAAP",3,"1"
"1425",2020,3,5,"half ","CEOL",2,"1"
"1426",2020,3,5,"half ","HEAR",1,"1"
"1427",2020,3,5,"half ","RHOV",3,"1"
"1428",2020,3,5,"half ","SAAP",0,"1"
"1429",2020,3,6,"none","CEOL",2,"1"
"1430",2020,3,6,"none","HEAR",3,"1"
"1431",2020,3,6,"none","RHOV",3,"1"
"1432",2020,3,6,"none","SAAP",3,"1"
"1433",2020,3,7,"none","CEOL",2,"1"
"1434",2020,3,7,"none","HEAR",3,"1"
"1435",2020,3,7,"none","RHOV",3,"1"
"1436",2020,3,7,"none","SAAP",2,"1"
"1437",2020,3,8,"half ","CEOL",2,"1"
"1438",2020,3,8,"half ","HEAR",2,"1"
"1439",2020,3,8,"half ","RHOV",2,"1"
"1440",2020,3,8,"half ","SAAP",2,"1"
"1441",2020,3,9,"full ","CEOL",1,"1"
"1442",2020,3,9,"full ","HEAR",0,"1"
"1443",2020,3,9,"full ","RHOV",3,"1"
"1444",2020,3,9,"full ","SAAP",2,"1"
"1445",2020,3,10,"half ","CEOL",2,"1"
"1446",2020,3,10,"half ","HEAR",1,"1"
"1447",2020,3,10,"half ","RHOV",3,"1"
"1448",2020,3,10,"half ","SAAP",2,"1"
"1449",2020,3,11,"none","CEOL",2,"1"
"1450",2020,3,11,"none","HEAR",3,"1"
"1451",2020,3,11,"none","RHOV",2,"1"
"1452",2020,3,11,"none","SAAP",2,"1"
"1453",2020,3,12,"full ","CEOL",2,"1"
"1454",2020,3,12,"full ","HEAR",1,"1"
"1455",2020,3,12,"full ","RHOV",3,"1"
"1456",2020,3,12,"full ","SAAP",2,"1"
"1457",2020,3,13,"full ","CEOL",2,"1"
"1458",2020,3,13,"full ","HEAR",3,"1"
"1459",2020,3,13,"full ","RHOV",3,"1"
"1460",2020,3,13,"full ","SAAP",3,"1"
"1461",2020,3,14,"none","CEOL",2,"1"
"1462",2020,3,14,"none","HEAR",3,"1"
"1463",2020,3,14,"none","RHOV",3,"1"
"1464",2020,3,14,"none","SAAP",3,"1"
"1465",2020,3,15,"half ","CEOL",2,"1"
"1466",2020,3,15,"half ","HEAR",1,"1"
"1467",2020,3,15,"half ","RHOV",3,"1"
"1468",2020,3,15,"half ","SAAP",3,"1"
"1469",2020,3,16,"full ","CEOL",2,"1"
"1470",2020,3,16,"full ","HEAR",2,"1"
"1471",2020,3,16,"full ","RHOV",3,"1"
"1472",2020,3,16,"full ","SAAP",1,"1"
"1473",2020,3,17,"half ","CEOL",2,"1"
"1474",2020,3,17,"half ","HEAR",0,"1"
"1475",2020,3,17,"half ","RHOV",3,"1"
"1476",2020,3,17,"half ","SAAP",3,"1"
"1477",2020,3,18,"none","CEOL",2,"1"
"1478",2020,3,18,"none","HEAR",3,"1"
"1479",2020,3,18,"none","RHOV",3,"1"
"1480",2020,3,18,"none","SAAP",3,"1"
"1481",2020,3,19,"full ","CEOL",2,"2"
"1482",2020,3,19,"full ","HEAR",3,"2"
"1483",2020,3,19,"full ","RHOV",3,"2"
"1484",2020,3,19,"full ","SAAP",3,"2"
"1485",2020,3,20,"none","CEOL",2,"2"
"1486",2020,3,20,"none","HEAR",3,"2"
"1487",2020,3,20,"none","RHOV",3,"2"
"1488",2020,3,20,"none","SAAP",3,"2"
"1489",2020,3,21,"half ","CEOL",2,"2"
"1490",2020,3,21,"half ","HEAR",3,"2"
"1491",2020,3,21,"half ","RHOV",3,"2"
"1492",2020,3,21,"half ","SAAP",3,"2"
"1493",2020,3,22,"full ","CEOL",1,"2"
"1494",2020,3,22,"full ","HEAR",2,"2"
"1495",2020,3,22,"full ","RHOV",3,"2"
"1496",2020,3,22,"full ","SAAP",3,"2"
"1497",2020,3,23,"half ","CEOL",2,"2"
"1498",2020,3,23,"half ","HEAR",2,"2"
"1499",2020,3,23,"half ","RHOV",3,"2"
"1500",2020,3,23,"half ","SAAP",2,"2"
"1501",2020,3,24,"none","CEOL",2,"2"
"1502",2020,3,24,"none","HEAR",2,"2"
"1503",2020,3,24,"none","RHOV",3,"2"
"1504",2020,3,24,"none","SAAP",2,"2"
"1505",2020,3,25,"none","CEOL",2,"2"
"1506",2020,3,25,"none","HEAR",3,"2"
"1507",2020,3,25,"none","RHOV",3,"2"
"1508",2020,3,25,"none","SAAP",3,"2"
"1509",2020,3,26,"half ","CEOL",2,"2"
"1510",2020,3,26,"half ","HEAR",3,"2"
"1511",2020,3,26,"half ","RHOV",3,"2"
"1512",2020,3,26,"half ","SAAP",3,"2"
"1513",2020,3,27,"full ","CEOL",2,"2"
"1514",2020,3,27,"full ","HEAR",3,"2"
"1515",2020,3,27,"full ","RHOV",3,"2"
"1516",2020,3,27,"full ","SAAP",3,"2"
"1517",2020,3,28,"half ","CEOL",2,"2"
"1518",2020,3,28,"half ","HEAR",3,"2"
"1519",2020,3,28,"half ","RHOV",3,"2"
"1520",2020,3,28,"half ","SAAP",3,"2"
"1521",2020,3,29,"none","CEOL",2,"2"
"1522",2020,3,29,"none","HEAR",3,"2"
"1523",2020,3,29,"none","RHOV",3,"2"
"1524",2020,3,29,"none","SAAP",3,"2"
"1525",2020,3,30,"full ","CEOL",2,"2"
"1526",2020,3,30,"full ","HEAR",3,"2"
"1527",2020,3,30,"full ","RHOV",3,"2"
"1528",2020,3,30,"full ","SAAP",3,"2"
"1529",2020,3,31,"none","CEOL",2,"2"
"1530",2020,3,31,"none","HEAR",2,"2"
"1531",2020,3,31,"none","RHOV",3,"2"
"1532",2020,3,31,"none","SAAP",3,"2"
"1533",2020,3,32,"half ","CEOL",2,"2"
"1534",2020,3,32,"half ","HEAR",3,"2"
"1535",2020,3,32,"half ","RHOV",3,"2"
"1536",2020,3,32,"half ","SAAP",3,"2"
"1537",2020,3,33,"full ","CEOL",2,"2"
"1538",2020,3,33,"full ","HEAR",3,"2"
"1539",2020,3,33,"full ","RHOV",3,"2"
"1540",2020,3,33,"full ","SAAP",3,"2"
"1541",2020,3,34,"half ","CEOL",2,"2"
"1542",2020,3,34,"half ","HEAR",2,"2"
"1543",2020,3,34,"half ","RHOV",3,"2"
"1544",2020,3,34,"half ","SAAP",1,"2"
"1545",2020,3,35,"full ","CEOL",2,"2"
"1546",2020,3,35,"full ","HEAR",3,"2"
"1547",2020,3,35,"full ","RHOV",3,"2"
"1548",2020,3,35,"full ","SAAP",2,"2"
"1549",2020,3,36,"none","CEOL",2,"2"
"1550",2020,3,36,"none","HEAR",3,"2"
"1551",2020,3,36,"none","RHOV",3,"2"
"1552",2020,3,36,"none","SAAP",3,"2"
"1553",2020,5,1,"none","CEOL",2,"1"
"1554",2020,5,1,"none","HEAR",3,"1"
"1555",2020,5,1,"none","RHOV",3,"1"
"1556",2020,5,1,"none","SAAP",3,"1"
"1557",2020,5,2,"full ","CEOL",2,"1"
"1558",2020,5,2,"full ","HEAR",3,"1"
"1559",2020,5,2,"full ","RHOV",3,"1"
"1560",2020,5,2,"full ","SAAP",1,"1"
"1561",2020,5,3,"full ","CEOL",2,"1"
"1562",2020,5,3,"full ","HEAR",2,"1"
"1563",2020,5,3,"full ","RHOV",3,"1"
"1564",2020,5,3,"full ","SAAP",2,"1"
"1565",2020,5,4,"half ","CEOL",2,"1"
"1566",2020,5,4,"half ","HEAR",2,"1"
"1567",2020,5,4,"half ","RHOV",3,"1"
"1568",2020,5,4,"half ","SAAP",3,"1"
"1569",2020,5,5,"half ","CEOL",2,"1"
"1570",2020,5,5,"half ","HEAR",1,"1"
"1571",2020,5,5,"half ","RHOV",3,"1"
"1572",2020,5,5,"half ","SAAP",0,"1"
"1573",2020,5,6,"none","CEOL",2,"1"
"1574",2020,5,6,"none","HEAR",3,"1"
"1575",2020,5,6,"none","RHOV",3,"1"
"1576",2020,5,6,"none","SAAP",3,"1"
"1577",2020,5,7,"none","CEOL",2,"1"
"1578",2020,5,7,"none","HEAR",3,"1"
"1579",2020,5,7,"none","RHOV",3,"1"
"1580",2020,5,7,"none","SAAP",3,"1"
"1581",2020,5,8,"half ","CEOL",2,"1"
"1582",2020,5,8,"half ","HEAR",2,"1"
"1583",2020,5,8,"half ","RHOV",2,"1"
"1584",2020,5,8,"half ","SAAP",2,"1"
"1585",2020,5,9,"full ","CEOL",2,"1"
"1586",2020,5,9,"full ","HEAR",1,"1"
"1587",2020,5,9,"full ","RHOV",3,"1"
"1588",2020,5,9,"full ","SAAP",3,"1"
"1589",2020,5,10,"half ","CEOL",2,"1"
"1590",2020,5,10,"half ","HEAR",1,"1"
"1591",2020,5,10,"half ","RHOV",3,"1"
"1592",2020,5,10,"half ","SAAP",2,"1"
"1593",2020,5,11,"none","CEOL",2,"1"
"1594",2020,5,11,"none","HEAR",3,"1"
"1595",2020,5,11,"none","RHOV",2,"1"
"1596",2020,5,11,"none","SAAP",2,"1"
"1597",2020,5,12,"full ","CEOL",2,"1"
"1598",2020,5,12,"full ","HEAR",1,"1"
"1599",2020,5,12,"full ","RHOV",3,"1"
"1600",2020,5,12,"full ","SAAP",2,"1"
"1601",2020,5,13,"full ","CEOL",2,"1"
"1602",2020,5,13,"full ","HEAR",3,"1"
"1603",2020,5,13,"full ","RHOV",3,"1"
"1604",2020,5,13,"full ","SAAP",3,"1"
"1605",2020,5,14,"none","CEOL",2,"1"
"1606",2020,5,14,"none","HEAR",3,"1"
"1607",2020,5,14,"none","RHOV",3,"1"
"1608",2020,5,14,"none","SAAP",3,"1"
"1609",2020,5,15,"half ","CEOL",2,"1"
"1610",2020,5,15,"half ","HEAR",2,"1"
"1611",2020,5,15,"half ","RHOV",3,"1"
"1612",2020,5,15,"half ","SAAP",3,"1"
"1613",2020,5,16,"full ","CEOL",2,"1"
"1614",2020,5,16,"full ","HEAR",2,"1"
"1615",2020,5,16,"full ","RHOV",3,"1"
"1616",2020,5,16,"full ","SAAP",1,"1"
"1617",2020,5,17,"half ","CEOL",2,"1"
"1618",2020,5,17,"half ","HEAR",0,"1"
"1619",2020,5,17,"half ","RHOV",3,"1"
"1620",2020,5,17,"half ","SAAP",3,"1"
"1621",2020,5,18,"none","CEOL",2,"1"
"1622",2020,5,18,"none","HEAR",3,"1"
"1623",2020,5,18,"none","RHOV",3,"1"
"1624",2020,5,18,"none","SAAP",3,"1"
"1625",2020,5,19,"full ","CEOL",2,"2"
"1626",2020,5,19,"full ","HEAR",3,"2"
"1627",2020,5,19,"full ","RHOV",3,"2"
"1628",2020,5,19,"full ","SAAP",3,"2"
"1629",2020,5,20,"none","CEOL",2,"2"
"1630",2020,5,20,"none","HEAR",3,"2"
"1631",2020,5,20,"none","RHOV",3,"2"
"1632",2020,5,20,"none","SAAP",2,"2"
"1633",2020,5,21,"half ","CEOL",2,"2"
"1634",2020,5,21,"half ","HEAR",3,"2"
"1635",2020,5,21,"half ","RHOV",3,"2"
"1636",2020,5,21,"half ","SAAP",3,"2"
"1637",2020,5,22,"full ","CEOL",1,"2"
"1638",2020,5,22,"full ","HEAR",2,"2"
"1639",2020,5,22,"full ","RHOV",3,"2"
"1640",2020,5,22,"full ","SAAP",3,"2"
"1641",2020,5,23,"half ","CEOL",2,"2"
"1642",2020,5,23,"half ","HEAR",2,"2"
"1643",2020,5,23,"half ","RHOV",3,"2"
"1644",2020,5,23,"half ","SAAP",2,"2"
"1645",2020,5,24,"none","CEOL",2,"2"
"1646",2020,5,24,"none","HEAR",2,"2"
"1647",2020,5,24,"none","RHOV",3,"2"
"1648",2020,5,24,"none","SAAP",2,"2"
"1649",2020,5,25,"none","CEOL",2,"2"
"1650",2020,5,25,"none","HEAR",3,"2"
"1651",2020,5,25,"none","RHOV",3,"2"
"1652",2020,5,25,"none","SAAP",3,"2"
"1653",2020,5,26,"half ","CEOL",2,"2"
"1654",2020,5,26,"half ","HEAR",3,"2"
"1655",2020,5,26,"half ","RHOV",3,"2"
"1656",2020,5,26,"half ","SAAP",3,"2"
"1657",2020,5,27,"full ","CEOL",2,"2"
"1658",2020,5,27,"full ","HEAR",3,"2"
"1659",2020,5,27,"full ","RHOV",3,"2"
"1660",2020,5,27,"full ","SAAP",3,"2"
"1661",2020,5,28,"half ","CEOL",2,"2"
"1662",2020,5,28,"half ","HEAR",3,"2"
"1663",2020,5,28,"half ","RHOV",3,"2"
"1664",2020,5,28,"half ","SAAP",3,"2"
"1665",2020,5,29,"none","CEOL",2,"2"
"1666",2020,5,29,"none","HEAR",3,"2"
"1667",2020,5,29,"none","RHOV",3,"2"
"1668",2020,5,29,"none","SAAP",3,"2"
"1669",2020,5,30,"full ","CEOL",2,"2"
"1670",2020,5,30,"full ","HEAR",3,"2"
"1671",2020,5,30,"full ","RHOV",3,"2"
"1672",2020,5,30,"full ","SAAP",3,"2"
"1673",2020,5,31,"none","CEOL",2,"2"
"1674",2020,5,31,"none","HEAR",2,"2"
"1675",2020,5,31,"none","RHOV",3,"2"
"1676",2020,5,31,"none","SAAP",3,"2"
"1677",2020,5,32,"half ","CEOL",2,"2"
"1678",2020,5,32,"half ","HEAR",3,"2"
"1679",2020,5,32,"half ","RHOV",3,"2"
"1680",2020,5,32,"half ","SAAP",3,"2"
"1681",2020,5,33,"full ","CEOL",2,"2"
"1682",2020,5,33,"full ","HEAR",3,"2"
"1683",2020,5,33,"full ","RHOV",3,"2"
"1684",2020,5,33,"full ","SAAP",3,"2"
"1685",2020,5,34,"half ","CEOL",2,"2"
"1686",2020,5,34,"half ","HEAR",2,"2"
"1687",2020,5,34,"half ","RHOV",3,"2"
"1688",2020,5,34,"half ","SAAP",1,"2"
"1689",2020,5,35,"full ","CEOL",2,"2"
"1690",2020,5,35,"full ","HEAR",3,"2"
"1691",2020,5,35,"full ","RHOV",3,"2"
"1692",2020,5,35,"full ","SAAP",2,"2"
"1693",2020,5,36,"none","CEOL",2,"2"
"1694",2020,5,36,"none","HEAR",3,"2"
"1695",2020,5,36,"none","RHOV",3,"2"
"1696",2020,5,36,"none","SAAP",3,"2"
"1697",2020,10,1,"none","CEOL",2,"1"
"1698",2020,10,1,"none","HEAR",3,"1"
"1699",2020,10,1,"none","RHOV",3,"1"
"1700",2020,10,1,"none","SAAP",3,"1"
"1701",2020,10,2,"full ","CEOL",2,"1"
"1702",2020,10,2,"full ","HEAR",3,"1"
"1703",2020,10,2,"full ","RHOV",3,"1"
"1704",2020,10,2,"full ","SAAP",2,"1"
"1705",2020,10,3,"full ","CEOL",2,"1"
"1706",2020,10,3,"full ","HEAR",3,"1"
"1707",2020,10,3,"full ","RHOV",3,"1"
"1708",2020,10,3,"full ","SAAP",3,"1"
"1709",2020,10,4,"half ","CEOL",2,"1"
"1710",2020,10,4,"half ","HEAR",3,"1"
"1711",2020,10,4,"half ","RHOV",3,"1"
"1712",2020,10,4,"half ","SAAP",3,"1"
"1713",2020,10,5,"half ","CEOL",2,"1"
"1714",2020,10,5,"half ","HEAR",3,"1"
"1715",2020,10,5,"half ","RHOV",3,"1"
"1716",2020,10,5,"half ","SAAP",1,"1"
"1717",2020,10,6,"none","CEOL",2,"1"
"1718",2020,10,6,"none","HEAR",3,"1"
"1719",2020,10,6,"none","RHOV",3,"1"
"1720",2020,10,6,"none","SAAP",3,"1"
"1721",2020,10,7,"none","CEOL",2,"1"
"1722",2020,10,7,"none","HEAR",3,"1"
"1723",2020,10,7,"none","RHOV",3,"1"
"1724",2020,10,7,"none","SAAP",3,"1"
"1725",2020,10,8,"half ","CEOL",2,"1"
"1726",2020,10,8,"half ","HEAR",3,"1"
"1727",2020,10,8,"half ","RHOV",3,"1"
"1728",2020,10,8,"half ","SAAP",2,"1"
"1729",2020,10,9,"full ","CEOL",2,"1"
"1730",2020,10,9,"full ","HEAR",3,"1"
"1731",2020,10,9,"full ","RHOV",3,"1"
"1732",2020,10,9,"full ","SAAP",3,"1"
"1733",2020,10,10,"half ","CEOL",2,"1"
"1734",2020,10,10,"half ","HEAR",3,"1"
"1735",2020,10,10,"half ","RHOV",3,"1"
"1736",2020,10,10,"half ","SAAP",3,"1"
"1737",2020,10,11,"none","CEOL",2,"1"
"1738",2020,10,11,"none","HEAR",3,"1"
"1739",2020,10,11,"none","RHOV",3,"1"
"1740",2020,10,11,"none","SAAP",2,"1"
"1741",2020,10,12,"full ","CEOL",2,"1"
"1742",2020,10,12,"full ","HEAR",3,"1"
"1743",2020,10,12,"full ","RHOV",3,"1"
"1744",2020,10,12,"full ","SAAP",3,"1"
"1745",2020,10,13,"full ","CEOL",2,"1"
"1746",2020,10,13,"full ","HEAR",3,"1"
"1747",2020,10,13,"full ","RHOV",3,"1"
"1748",2020,10,13,"full ","SAAP",3,"1"
"1749",2020,10,14,"none","CEOL",2,"1"
"1750",2020,10,14,"none","HEAR",3,"1"
"1751",2020,10,14,"none","RHOV",3,"1"
"1752",2020,10,14,"none","SAAP",3,"1"
"1753",2020,10,15,"half ","CEOL",2,"1"
"1754",2020,10,15,"half ","HEAR",3,"1"
"1755",2020,10,15,"half ","RHOV",3,"1"
"1756",2020,10,15,"half ","SAAP",3,"1"
"1757",2020,10,16,"full ","CEOL",2,"1"
"1758",2020,10,16,"full ","HEAR",3,"1"
"1759",2020,10,16,"full ","RHOV",3,"1"
"1760",2020,10,16,"full ","SAAP",2,"1"
"1761",2020,10,17,"half ","CEOL",2,"1"
"1762",2020,10,17,"half ","HEAR",3,"1"
"1763",2020,10,17,"half ","RHOV",3,"1"
"1764",2020,10,17,"half ","SAAP",3,"1"
"1765",2020,10,18,"none","CEOL",2,"1"
"1766",2020,10,18,"none","HEAR",3,"1"
"1767",2020,10,18,"none","RHOV",3,"1"
"1768",2020,10,18,"none","SAAP",3,"1"
"1769",2020,10,19,"full ","CEOL",2,"2"
"1770",2020,10,19,"full ","HEAR",3,"2"
"1771",2020,10,19,"full ","RHOV",3,"2"
"1772",2020,10,19,"full ","SAAP",3,"2"
"1773",2020,10,20,"none","CEOL",2,"2"
"1774",2020,10,20,"none","HEAR",3,"2"
"1775",2020,10,20,"none","RHOV",3,"2"
"1776",2020,10,20,"none","SAAP",3,"2"
"1777",2020,10,21,"half ","CEOL",2,"2"
"1778",2020,10,21,"half ","HEAR",3,"2"
"1779",2020,10,21,"half ","RHOV",3,"2"
"1780",2020,10,21,"half ","SAAP",3,"2"
"1781",2020,10,22,"full ","CEOL",1,"2"
"1782",2020,10,22,"full ","HEAR",3,"2"
"1783",2020,10,22,"full ","RHOV",3,"2"
"1784",2020,10,22,"full ","SAAP",3,"2"
"1785",2020,10,23,"half ","CEOL",2,"2"
"1786",2020,10,23,"half ","HEAR",3,"2"
"1787",2020,10,23,"half ","RHOV",3,"2"
"1788",2020,10,23,"half ","SAAP",2,"2"
"1789",2020,10,24,"none","CEOL",2,"2"
"1790",2020,10,24,"none","HEAR",3,"2"
"1791",2020,10,24,"none","RHOV",3,"2"
"1792",2020,10,24,"none","SAAP",2,"2"
"1793",2020,10,25,"none","CEOL",2,"2"
"1794",2020,10,25,"none","HEAR",3,"2"
"1795",2020,10,25,"none","RHOV",3,"2"
"1796",2020,10,25,"none","SAAP",3,"2"
"1797",2020,10,26,"half ","CEOL",2,"2"
"1798",2020,10,26,"half ","HEAR",3,"2"
"1799",2020,10,26,"half ","RHOV",3,"2"
"1800",2020,10,26,"half ","SAAP",3,"2"
"1801",2020,10,27,"full ","CEOL",2,"2"
"1802",2020,10,27,"full ","HEAR",3,"2"
"1803",2020,10,27,"full ","RHOV",3,"2"
"1804",2020,10,27,"full ","SAAP",3,"2"
"1805",2020,10,28,"half ","CEOL",2,"2"
"1806",2020,10,28,"half ","HEAR",3,"2"
"1807",2020,10,28,"half ","RHOV",3,"2"
"1808",2020,10,28,"half ","SAAP",3,"2"
"1809",2020,10,29,"none","CEOL",2,"2"
"1810",2020,10,29,"none","HEAR",3,"2"
"1811",2020,10,29,"none","RHOV",3,"2"
"1812",2020,10,29,"none","SAAP",3,"2"
"1813",2020,10,30,"full ","CEOL",2,"2"
"1814",2020,10,30,"full ","HEAR",3,"2"
"1815",2020,10,30,"full ","RHOV",3,"2"
"1816",2020,10,30,"full ","SAAP",3,"2"
"1817",2020,10,31,"none","CEOL",2,"2"
"1818",2020,10,31,"none","HEAR",3,"2"
"1819",2020,10,31,"none","RHOV",3,"2"
"1820",2020,10,31,"none","SAAP",3,"2"
"1821",2020,10,32,"half ","CEOL",2,"2"
"1822",2020,10,32,"half ","HEAR",3,"2"
"1823",2020,10,32,"half ","RHOV",3,"2"
"1824",2020,10,32,"half ","SAAP",3,"2"
"1825",2020,10,33,"full ","CEOL",2,"2"
"1826",2020,10,33,"full ","HEAR",3,"2"
"1827",2020,10,33,"full ","RHOV",3,"2"
"1828",2020,10,33,"full ","SAAP",3,"2"
"1829",2020,10,34,"half ","CEOL",2,"2"
"1830",2020,10,34,"half ","HEAR",3,"2"
"1831",2020,10,34,"half ","RHOV",3,"2"
"1832",2020,10,34,"half ","SAAP",1,"2"
"1833",2020,10,35,"full ","CEOL",2,"2"
"1834",2020,10,35,"full ","HEAR",3,"2"
"1835",2020,10,35,"full ","RHOV",3,"2"
"1836",2020,10,35,"full ","SAAP",3,"2"
"1837",2020,10,36,"none","CEOL",2,"2"
"1838",2020,10,36,"none","HEAR",3,"2"
"1839",2020,10,36,"none","RHOV",3,"2"
"1840",2020,10,36,"none","SAAP",3,"2"
"1841",2021,2,19,"full ","CEOL",2,"2"
"1842",2021,2,19,"full ","HEAR",3,"2"
"1843",2021,2,19,"full ","RHOV",3,"2"
"1844",2021,2,19,"full ","SAAP",3,"2"
"1845",2021,2,20,"none","CEOL",2,"2"
"1846",2021,2,20,"none","HEAR",3,"2"
"1847",2021,2,20,"none","RHOV",3,"2"
"1848",2021,2,20,"none","SAAP",3,"2"
"1849",2021,2,21,"half ","CEOL",2,"2"
"1850",2021,2,21,"half ","HEAR",3,"2"
"1851",2021,2,21,"half ","RHOV",3,"2"
"1852",2021,2,21,"half ","SAAP",3,"2"
"1853",2021,2,22,"full ","CEOL",1,"2"
"1854",2021,2,22,"full ","HEAR",3,"2"
"1855",2021,2,22,"full ","RHOV",3,"2"
"1856",2021,2,22,"full ","SAAP",2,"2"
"1857",2021,2,23,"half ","CEOL",2,"2"
"1858",2021,2,23,"half ","HEAR",3,"2"
"1859",2021,2,23,"half ","RHOV",3,"2"
"1860",2021,2,23,"half ","SAAP",2,"2"
"1861",2021,2,24,"none","CEOL",2,"2"
"1862",2021,2,24,"none","HEAR",3,"2"
"1863",2021,2,24,"none","RHOV",3,"2"
"1864",2021,2,24,"none","SAAP",3,"2"
"1865",2021,2,25,"none","CEOL",2,"2"
"1866",2021,2,25,"none","HEAR",3,"2"
"1867",2021,2,25,"none","RHOV",3,"2"
"1868",2021,2,25,"none","SAAP",3,"2"
"1869",2021,2,26,"half ","CEOL",2,"2"
"1870",2021,2,26,"half ","HEAR",3,"2"
"1871",2021,2,26,"half ","RHOV",3,"2"
"1872",2021,2,26,"half ","SAAP",3,"2"
"1873",2021,2,27,"full ","CEOL",2,"2"
"1874",2021,2,27,"full ","HEAR",3,"2"
"1875",2021,2,27,"full ","RHOV",3,"2"
"1876",2021,2,27,"full ","SAAP",3,"2"
"1877",2021,2,28,"half ","CEOL",2,"2"
"1878",2021,2,28,"half ","HEAR",3,"2"
"1879",2021,2,28,"half ","RHOV",3,"2"
"1880",2021,2,28,"half ","SAAP",3,"2"
"1881",2021,2,29,"none","CEOL",2,"2"
"1882",2021,2,29,"none","HEAR",3,"2"
"1883",2021,2,29,"none","RHOV",3,"2"
"1884",2021,2,29,"none","SAAP",3,"2"
"1885",2021,2,30,"full ","CEOL",2,"2"
"1886",2021,2,30,"full ","HEAR",3,"2"
"1887",2021,2,30,"full ","RHOV",3,"2"
"1888",2021,2,30,"full ","SAAP",3,"2"
"1889",2021,2,31,"none","CEOL",2,"2"
"1890",2021,2,31,"none","HEAR",3,"2"
"1891",2021,2,31,"none","RHOV",3,"2"
"1892",2021,2,31,"none","SAAP",3,"2"
"1893",2021,2,32,"half ","CEOL",2,"2"
"1894",2021,2,32,"half ","HEAR",3,"2"
"1895",2021,2,32,"half ","RHOV",3,"2"
"1896",2021,2,32,"half ","SAAP",3,"2"
"1897",2021,2,33,"full ","CEOL",2,"2"
"1898",2021,2,33,"full ","HEAR",3,"2"
"1899",2021,2,33,"full ","RHOV",3,"2"
"1900",2021,2,33,"full ","SAAP",3,"2"
"1901",2021,2,34,"half ","CEOL",2,"2"
"1902",2021,2,34,"half ","HEAR",3,"2"
"1903",2021,2,34,"half ","RHOV",3,"2"
"1904",2021,2,34,"half ","SAAP",2,"2"
"1905",2021,2,35,"full ","CEOL",2,"2"
"1906",2021,2,35,"full ","HEAR",3,"2"
"1907",2021,2,35,"full ","RHOV",3,"2"
"1908",2021,2,35,"full ","SAAP",3,"2"
"1909",2021,2,36,"none","CEOL",2,"2"
"1910",2021,2,36,"none","HEAR",3,"2"
"1911",2021,2,36,"none","RHOV",3,"2"
"1912",2021,2,36,"none","SAAP",3,"2"
"1913",2021,4,1,"none","CEOL",2,"1"
"1914",2021,4,1,"none","HEAR",3,"1"
"1915",2021,4,1,"none","RHOV",3,"1"
"1916",2021,4,1,"none","SAAP",3,"1"
"1917",2021,4,2,"full ","CEOL",2,"1"
"1918",2021,4,2,"full ","HEAR",3,"1"
"1919",2021,4,2,"full ","RHOV",3,"1"
"1920",2021,4,2,"full ","SAAP",1,"1"
"1921",2021,4,3,"full ","CEOL",2,"1"
"1922",2021,4,3,"full ","HEAR",3,"1"
"1923",2021,4,3,"full ","RHOV",3,"1"
"1924",2021,4,3,"full ","SAAP",3,"1"
"1925",2021,4,4,"half ","CEOL",2,"1"
"1926",2021,4,4,"half ","HEAR",3,"1"
"1927",2021,4,4,"half ","RHOV",3,"1"
"1928",2021,4,4,"half ","SAAP",3,"1"
"1929",2021,4,5,"half ","CEOL",2,"1"
"1930",2021,4,5,"half ","HEAR",3,"1"
"1931",2021,4,5,"half ","RHOV",3,"1"
"1932",2021,4,5,"half ","SAAP",0,"1"
"1933",2021,4,6,"none","CEOL",2,"1"
"1934",2021,4,6,"none","HEAR",3,"1"
"1935",2021,4,6,"none","RHOV",3,"1"
"1936",2021,4,6,"none","SAAP",2,"1"
"1937",2021,4,7,"none","CEOL",2,"1"
"1938",2021,4,7,"none","HEAR",3,"1"
"1939",2021,4,7,"none","RHOV",3,"1"
"1940",2021,4,7,"none","SAAP",3,"1"
"1941",2021,4,8,"half ","CEOL",2,"1"
"1942",2021,4,8,"half ","HEAR",3,"1"
"1943",2021,4,8,"half ","RHOV",3,"1"
"1944",2021,4,8,"half ","SAAP",3,"1"
"1945",2021,4,9,"full ","CEOL",2,"1"
"1946",2021,4,9,"full ","HEAR",3,"1"
"1947",2021,4,9,"full ","RHOV",3,"1"
"1948",2021,4,9,"full ","SAAP",3,"1"
"1949",2021,4,10,"half ","CEOL",2,"1"
"1950",2021,4,10,"half ","HEAR",3,"1"
"1951",2021,4,10,"half ","RHOV",3,"1"
"1952",2021,4,10,"half ","SAAP",3,"1"
"1953",2021,4,11,"none","CEOL",2,"1"
"1954",2021,4,11,"none","HEAR",2,"1"
"1955",2021,4,11,"none","RHOV",3,"1"
"1956",2021,4,11,"none","SAAP",2,"1"
"1957",2021,4,12,"full ","CEOL",2,"1"
"1958",2021,4,12,"full ","HEAR",3,"1"
"1959",2021,4,12,"full ","RHOV",3,"1"
"1960",2021,4,12,"full ","SAAP",3,"1"
"1961",2021,4,13,"full ","CEOL",2,"1"
"1962",2021,4,13,"full ","HEAR",3,"1"
"1963",2021,4,13,"full ","RHOV",3,"1"
"1964",2021,4,13,"full ","SAAP",3,"1"
"1965",2021,4,14,"none","CEOL",2,"1"
"1966",2021,4,14,"none","HEAR",3,"1"
"1967",2021,4,14,"none","RHOV",3,"1"
"1968",2021,4,14,"none","SAAP",3,"1"
"1969",2021,4,15,"half ","CEOL",2,"1"
"1970",2021,4,15,"half ","HEAR",3,"1"
"1971",2021,4,15,"half ","RHOV",3,"1"
"1972",2021,4,15,"half ","SAAP",3,"1"
"1973",2021,4,16,"full ","CEOL",2,"1"
"1974",2021,4,16,"full ","HEAR",3,"1"
"1975",2021,4,16,"full ","RHOV",3,"1"
"1976",2021,4,16,"full ","SAAP",2,"1"
"1977",2021,4,17,"half ","CEOL",2,"1"
"1978",2021,4,17,"half ","HEAR",3,"1"
"1979",2021,4,17,"half ","RHOV",3,"1"
"1980",2021,4,17,"half ","SAAP",3,"1"
"1981",2021,4,18,"none","CEOL",2,"1"
"1982",2021,4,18,"none","HEAR",3,"1"
"1983",2021,4,18,"none","RHOV",3,"1"
"1984",2021,4,18,"none","SAAP",3,"1"
