"","year","month","plot_number","treatment","species","alive","dead","site","month_count","transplanted"
"1",2018,1,1,"none","CEOL",4,0,"1",0,2018
"2",2018,1,1,"none","HEAR",6,0,"1",0,2018
"3",2018,1,1,"none","RHOV",4,0,"1",0,2018
"4",2018,1,1,"none","SAAP",4,0,"1",0,2018
"5",2018,1,2,"full ","CEOL",4,0,"1",0,2018
"6",2018,1,2,"full ","HEAR",6,0,"1",0,2018
"7",2018,1,2,"full ","RHOV",4,0,"1",0,2018
"8",2018,1,2,"full ","SAAP",4,0,"1",0,2018
"9",2018,1,3,"full ","CEOL",4,0,"1",0,2018
"10",2018,1,3,"full ","HEAR",6,0,"1",0,2018
"11",2018,1,3,"full ","RHOV",4,0,"1",0,2018
"12",2018,1,3,"full ","SAAP",4,0,"1",0,2018
"13",2018,1,4,"half ","CEOL",4,0,"1",0,2018
"14",2018,1,4,"half ","HEAR",6,0,"1",0,2018
"15",2018,1,4,"half ","RHOV",4,0,"1",0,2018
"16",2018,1,4,"half ","SAAP",4,0,"1",0,2018
"17",2018,1,5,"half ","CEOL",4,0,"1",0,2018
"18",2018,1,5,"half ","HEAR",6,0,"1",0,2018
"19",2018,1,5,"half ","RHOV",4,0,"1",0,2018
"20",2018,1,5,"half ","SAAP",4,0,"1",0,2018
"21",2018,1,6,"none","CEOL",4,0,"1",0,2018
"22",2018,1,6,"none","HEAR",6,0,"1",0,2018
"23",2018,1,6,"none","RHOV",4,0,"1",0,2018
"24",2018,1,6,"none","SAAP",4,0,"1",0,2018
"25",2018,1,7,"none","CEOL",4,0,"1",0,2018
"26",2018,1,7,"none","HEAR",6,0,"1",0,2018
"27",2018,1,7,"none","RHOV",4,0,"1",0,2018
"28",2018,1,7,"none","SAAP",4,0,"1",0,2018
"29",2018,1,8,"half ","CEOL",4,0,"1",0,2018
"30",2018,1,8,"half ","HEAR",6,0,"1",0,2018
"31",2018,1,8,"half ","RHOV",4,0,"1",0,2018
"32",2018,1,8,"half ","SAAP",4,0,"1",0,2018
"33",2018,1,9,"full ","CEOL",4,0,"1",0,2018
"34",2018,1,9,"full ","HEAR",6,0,"1",0,2018
"35",2018,1,9,"full ","RHOV",4,0,"1",0,2018
"36",2018,1,9,"full ","SAAP",4,0,"1",0,2018
"37",2018,1,10,"half ","CEOL",4,0,"1",0,2018
"38",2018,1,10,"half ","HEAR",6,0,"1",0,2018
"39",2018,1,10,"half ","RHOV",4,0,"1",0,2018
"40",2018,1,10,"half ","SAAP",4,0,"1",0,2018
"41",2018,2,1,"none","CEOL",4,0,"1",1,2018
"42",2018,2,1,"none","HEAR",6,0,"1",1,2018
"43",2018,2,1,"none","RHOV",4,0,"1",1,2018
"44",2018,2,1,"none","SAAP",4,0,"1",1,2018
"45",2018,2,2,"full ","CEOL",4,0,"1",1,2018
"46",2018,2,2,"full ","HEAR",6,0,"1",1,2018
"47",2018,2,2,"full ","RHOV",4,0,"1",1,2018
"48",2018,2,2,"full ","SAAP",2,2,"1",1,2018
"49",2018,2,3,"full ","CEOL",4,0,"1",1,2018
"50",2018,2,3,"full ","HEAR",6,0,"1",1,2018
"51",2018,2,3,"full ","RHOV",3,1,"1",1,2018
"52",2018,2,3,"full ","SAAP",3,1,"1",1,2018
"53",2018,2,4,"half ","CEOL",4,0,"1",1,2018
"54",2018,2,4,"half ","HEAR",6,0,"1",1,2018
"55",2018,2,4,"half ","RHOV",4,0,"1",1,2018
"56",2018,2,4,"half ","SAAP",4,0,"1",1,2018
"57",2018,2,5,"half ","CEOL",4,0,"1",1,2018
"58",2018,2,5,"half ","HEAR",6,0,"1",1,2018
"59",2018,2,5,"half ","RHOV",4,0,"1",1,2018
"60",2018,2,5,"half ","SAAP",4,0,"1",1,2018
"61",2018,2,6,"none","CEOL",3,1,"1",1,2018
"62",2018,2,6,"none","HEAR",6,0,"1",1,2018
"63",2018,2,6,"none","RHOV",2,2,"1",1,2018
"64",2018,2,6,"none","SAAP",1,3,"1",1,2018
"65",2018,2,7,"none","CEOL",4,0,"1",1,2018
"66",2018,2,7,"none","HEAR",6,0,"1",1,2018
"67",2018,2,7,"none","RHOV",4,0,"1",1,2018
"68",2018,2,7,"none","SAAP",1,3,"1",1,2018
"69",2018,2,8,"half ","CEOL",4,0,"1",1,2018
"70",2018,2,8,"half ","HEAR",6,0,"1",1,2018
"71",2018,2,8,"half ","RHOV",3,1,"1",1,2018
"72",2018,2,8,"half ","SAAP",4,0,"1",1,2018
"73",2018,2,9,"full ","CEOL",4,0,"1",1,2018
"74",2018,2,9,"full ","HEAR",6,0,"1",1,2018
"75",2018,2,9,"full ","RHOV",3,1,"1",1,2018
"76",2018,2,9,"full ","SAAP",3,1,"1",1,2018
"77",2018,2,10,"half ","CEOL",4,0,"1",1,2018
"78",2018,2,10,"half ","HEAR",6,0,"1",1,2018
"79",2018,2,10,"half ","RHOV",4,0,"1",1,2018
"80",2018,2,10,"half ","SAAP",1,3,"1",1,2018
"81",2018,2,11,"none","CEOL",4,0,"1",0,2018
"82",2018,2,11,"none","CEOL",4,0,"1",1,2018
"83",2018,2,11,"none","HEAR",6,0,"1",0,2018
"84",2018,2,11,"none","HEAR",6,0,"1",1,2018
"85",2018,2,11,"none","RHOV",4,0,"1",0,2018
"86",2018,2,11,"none","RHOV",4,0,"1",1,2018
"87",2018,2,11,"none","SAAP",4,0,"1",0,2018
"88",2018,2,11,"none","SAAP",4,0,"1",1,2018
"89",2018,2,12,"full ","CEOL",4,0,"1",0,2018
"90",2018,2,12,"full ","CEOL",4,0,"1",1,2018
"91",2018,2,12,"full ","HEAR",6,0,"1",0,2018
"92",2018,2,12,"full ","HEAR",6,0,"1",1,2018
"93",2018,2,12,"full ","RHOV",4,0,"1",0,2018
"94",2018,2,12,"full ","RHOV",4,0,"1",1,2018
"95",2018,2,12,"full ","SAAP",4,0,"1",0,2018
"96",2018,2,12,"full ","SAAP",4,0,"1",1,2018
"97",2018,2,13,"full ","CEOL",4,0,"1",0,2018
"98",2018,2,13,"full ","CEOL",3,1,"1",1,2018
"99",2018,2,13,"full ","HEAR",6,0,"1",0,2018
"100",2018,2,13,"full ","HEAR",6,0,"1",1,2018
"101",2018,2,13,"full ","RHOV",4,0,"1",0,2018
"102",2018,2,13,"full ","RHOV",4,0,"1",1,2018
"103",2018,2,13,"full ","SAAP",4,0,"1",0,2018
"104",2018,2,13,"full ","SAAP",1,3,"1",1,2018
"105",2018,2,14,"none","CEOL",4,0,"1",0,2018
"106",2018,2,14,"none","CEOL",3,1,"1",1,2018
"107",2018,2,14,"none","HEAR",6,0,"1",0,2018
"108",2018,2,14,"none","HEAR",6,0,"1",1,2018
"109",2018,2,14,"none","RHOV",4,0,"1",0,2018
"110",2018,2,14,"none","RHOV",4,0,"1",1,2018
"111",2018,2,14,"none","SAAP",4,0,"1",0,2018
"112",2018,2,14,"none","SAAP",4,0,"1",1,2018
"113",2018,2,15,"half ","CEOL",4,0,"1",0,2018
"114",2018,2,15,"half ","CEOL",3,1,"1",1,2018
"115",2018,2,15,"half ","HEAR",6,0,"1",0,2018
"116",2018,2,15,"half ","HEAR",6,0,"1",1,2018
"117",2018,2,15,"half ","RHOV",4,0,"1",0,2018
"118",2018,2,15,"half ","RHOV",4,0,"1",1,2018
"119",2018,2,15,"half ","SAAP",4,0,"1",0,2018
"120",2018,2,15,"half ","SAAP",2,2,"1",1,2018
"121",2018,2,16,"full ","CEOL",4,0,"1",0,2018
"122",2018,2,16,"full ","CEOL",4,0,"1",1,2018
"123",2018,2,16,"full ","HEAR",6,0,"1",0,2018
"124",2018,2,16,"full ","HEAR",6,0,"1",1,2018
"125",2018,2,16,"full ","RHOV",4,0,"1",0,2018
"126",2018,2,16,"full ","RHOV",3,1,"1",1,2018
"127",2018,2,16,"full ","SAAP",4,0,"1",0,2018
"128",2018,2,16,"full ","SAAP",4,0,"1",1,2018
"129",2018,2,17,"half ","CEOL",4,0,"1",0,2018
"130",2018,2,17,"half ","CEOL",3,1,"1",1,2018
"131",2018,2,17,"half ","HEAR",6,0,"1",0,2018
"132",2018,2,17,"half ","HEAR",6,0,"1",1,2018
"133",2018,2,17,"half ","RHOV",4,0,"1",0,2018
"134",2018,2,17,"half ","RHOV",4,0,"1",1,2018
"135",2018,2,17,"half ","SAAP",4,0,"1",0,2018
"136",2018,2,17,"half ","SAAP",2,2,"1",1,2018
"137",2018,2,18,"none","CEOL",4,0,"1",0,2018
"138",2018,2,18,"none","CEOL",1,3,"1",1,2018
"139",2018,2,18,"none","HEAR",6,0,"1",0,2018
"140",2018,2,18,"none","HEAR",5,1,"1",1,2018
"141",2018,2,18,"none","RHOV",4,0,"1",0,2018
"142",2018,2,18,"none","RHOV",3,1,"1",1,2018
"143",2018,2,18,"none","SAAP",4,0,"1",0,2018
"144",2018,2,18,"none","SAAP",3,1,"1",1,2018
"145",2018,2,19,"full ","CEOL",4,0,"2",0,2018
"146",2018,2,19,"full ","HEAR",6,0,"2",0,2018
"147",2018,2,19,"full ","RHOV",4,0,"2",0,2018
"148",2018,2,19,"full ","SAAP",4,0,"2",0,2018
"149",2018,2,20,"none","CEOL",4,0,"2",0,2018
"150",2018,2,20,"none","HEAR",6,0,"2",0,2018
"151",2018,2,20,"none","RHOV",4,0,"2",0,2018
"152",2018,2,20,"none","SAAP",4,0,"2",0,2018
"153",2018,2,21,"half ","CEOL",4,0,"2",0,2018
"154",2018,2,21,"half ","HEAR",6,0,"2",0,2018
"155",2018,2,21,"half ","RHOV",4,0,"2",0,2018
"156",2018,2,21,"half ","SAAP",4,0,"2",0,2018
"157",2018,2,22,"full ","CEOL",4,0,"2",0,2018
"158",2018,2,22,"full ","HEAR",6,0,"2",0,2018
"159",2018,2,22,"full ","RHOV",4,0,"2",0,2018
"160",2018,2,22,"full ","SAAP",4,0,"2",0,2018
"161",2018,2,23,"half ","CEOL",4,0,"2",0,2018
"162",2018,2,23,"half ","HEAR",6,0,"2",0,2018
"163",2018,2,23,"half ","RHOV",4,0,"2",0,2018
"164",2018,2,23,"half ","SAAP",4,0,"2",0,2018
"165",2018,2,24,"none","CEOL",4,0,"2",0,2018
"166",2018,2,24,"none","HEAR",6,0,"2",0,2018
"167",2018,2,24,"none","RHOV",4,0,"2",0,2018
"168",2018,2,24,"none","SAAP",1,0,"2",0,2018
"169",2018,2,24,"none","SAAP",3,0,"2",0,2018
"170",2018,2,25,"none","CEOL",4,0,"2",0,2018
"171",2018,2,25,"none","HEAR",6,0,"2",0,2018
"172",2018,2,25,"none","RHOV",4,0,"2",0,2018
"173",2018,2,25,"none","SAAP",4,0,"2",0,2018
"174",2018,2,26,"half ","CEOL",4,0,"2",0,2018
"175",2018,2,26,"half ","HEAR",6,0,"2",0,2018
"176",2018,2,26,"half ","RHOV",4,0,"2",0,2018
"177",2018,2,26,"half ","SAAP",3,0,"2",0,2018
"178",2018,2,27,"full ","CEOL",4,0,"2",0,2018
"179",2018,2,27,"full ","HEAR",6,0,"2",0,2018
"180",2018,2,27,"full ","RHOV",4,0,"2",0,2018
"181",2018,2,27,"full ","SAAP",4,0,"2",0,2018
"182",2018,2,28,"half ","CEOL",4,0,"2",0,2018
"183",2018,2,28,"half ","HEAR",6,0,"2",0,2018
"184",2018,2,28,"half ","RHOV",4,0,"2",0,2018
"185",2018,2,28,"half ","SAAP",4,0,"2",0,2018
"186",2018,2,29,"none","CEOL",4,0,"2",0,2018
"187",2018,2,29,"none","HEAR",6,0,"2",0,2018
"188",2018,2,29,"none","RHOV",4,0,"2",0,2018
"189",2018,2,29,"none","SAAP",4,0,"2",0,2018
"190",2018,2,30,"full ","CEOL",4,0,"2",0,2018
"191",2018,2,30,"full ","HEAR",6,0,"2",0,2018
"192",2018,2,30,"full ","RHOV",4,0,"2",0,2018
"193",2018,2,30,"full ","SAAP",4,0,"2",0,2018
"194",2018,2,31,"none","CEOL",4,0,"2",0,2018
"195",2018,2,31,"none","HEAR",6,0,"2",0,2018
"196",2018,2,31,"none","RHOV",4,0,"2",0,2018
"197",2018,2,31,"none","SAAP",4,0,"2",0,2018
"198",2018,2,32,"half ","CEOL",4,0,"2",0,2018
"199",2018,2,32,"half ","HEAR",6,0,"2",0,2018
"200",2018,2,32,"half ","RHOV",4,0,"2",0,2018
"201",2018,2,32,"half ","SAAP",4,0,"2",0,2018
"202",2018,2,33,"full ","CEOL",4,0,"2",0,2018
"203",2018,2,33,"full ","HEAR",6,0,"2",0,2018
"204",2018,2,33,"full ","RHOV",4,0,"2",0,2018
"205",2018,2,33,"full ","SAAP",4,0,"2",0,2018
"206",2018,2,34,"half ","CEOL",4,0,"2",0,2018
"207",2018,2,34,"half ","HEAR",6,0,"2",0,2018
"208",2018,2,34,"half ","RHOV",4,0,"2",0,2018
"209",2018,2,34,"half ","SAAP",4,0,"2",0,2018
"210",2018,2,35,"full ","CEOL",4,0,"2",0,2018
"211",2018,2,35,"full ","HEAR",6,0,"2",0,2018
"212",2018,2,35,"full ","RHOV",4,0,"2",0,2018
"213",2018,2,35,"full ","SAAP",4,0,"2",0,2018
"214",2018,2,36,"none","CEOL",4,0,"2",0,2018
"215",2018,2,36,"none","HEAR",6,0,"2",0,2018
"216",2018,2,36,"none","RHOV",4,0,"2",0,2018
"217",2018,2,36,"none","SAAP",3,0,"2",0,2018
"218",2018,3,19,"full ","CEOL",4,0,"2",1,2018
"219",2018,3,19,"full ","HEAR",2,4,"2",1,2018
"220",2018,3,19,"full ","RHOV",3,1,"2",1,2018
"221",2018,3,19,"full ","SAAP",0,4,"2",1,2018
"222",2018,3,20,"none","CEOL",1,3,"2",1,2018
"223",2018,3,20,"none","HEAR",6,0,"2",1,2018
"224",2018,3,20,"none","RHOV",2,2,"2",1,2018
"225",2018,3,20,"none","SAAP",0,4,"2",1,2018
"226",2018,3,21,"half ","CEOL",2,2,"2",1,2018
"227",2018,3,21,"half ","HEAR",6,0,"2",1,2018
"228",2018,3,21,"half ","RHOV",4,0,"2",1,2018
"229",2018,3,21,"half ","SAAP",1,3,"2",1,2018
"230",2018,3,22,"full ","CEOL",1,3,"2",1,2018
"231",2018,3,22,"full ","HEAR",6,0,"2",1,2018
"232",2018,3,22,"full ","RHOV",4,0,"2",1,2018
"233",2018,3,22,"full ","SAAP",2,2,"2",1,2018
"234",2018,3,23,"half ","CEOL",3,1,"2",1,2018
"235",2018,3,23,"half ","HEAR",5,1,"2",1,2018
"236",2018,3,23,"half ","RHOV",4,0,"2",1,2018
"237",2018,3,23,"half ","SAAP",2,2,"2",1,2018
"238",2018,3,24,"none","CEOL",0,4,"2",1,2018
"239",2018,3,24,"none","HEAR",5,1,"2",1,2018
"240",2018,3,24,"none","RHOV",2,2,"2",1,2018
"241",2018,3,24,"none","SAAP",3,1,"2",1,2018
"242",2018,3,25,"none","CEOL",4,0,"2",1,2018
"243",2018,3,25,"none","HEAR",5,1,"2",1,2018
"244",2018,3,25,"none","RHOV",2,2,"2",1,2018
"245",2018,3,25,"none","SAAP",0,4,"2",1,2018
"246",2018,3,26,"half ","CEOL",4,0,"2",1,2018
"247",2018,3,26,"half ","HEAR",6,0,"2",1,2018
"248",2018,3,26,"half ","RHOV",4,0,"2",1,2018
"249",2018,3,26,"half ","SAAP",1,2,"2",1,2018
"250",2018,3,27,"full ","CEOL",3,1,"2",1,2018
"251",2018,3,27,"full ","HEAR",4,2,"2",1,2018
"252",2018,3,27,"full ","RHOV",4,0,"2",1,2018
"253",2018,3,27,"full ","SAAP",2,2,"2",1,2018
"254",2018,3,28,"half ","CEOL",2,2,"2",1,2018
"255",2018,3,28,"half ","HEAR",4,2,"2",1,2018
"256",2018,3,28,"half ","RHOV",2,2,"2",1,2018
"257",2018,3,28,"half ","SAAP",0,4,"2",1,2018
"258",2018,3,29,"none","CEOL",0,4,"2",1,2018
"259",2018,3,29,"none","HEAR",6,0,"2",1,2018
"260",2018,3,29,"none","RHOV",2,2,"2",1,2018
"261",2018,3,29,"none","SAAP",2,2,"2",1,2018
"262",2018,3,30,"full ","CEOL",3,1,"2",1,2018
"263",2018,3,30,"full ","HEAR",6,0,"2",1,2018
"264",2018,3,30,"full ","RHOV",3,1,"2",1,2018
"265",2018,3,30,"full ","SAAP",1,3,"2",1,2018
"266",2018,3,31,"none","CEOL",3,1,"2",1,2018
"267",2018,3,31,"none","HEAR",5,1,"2",1,2018
"268",2018,3,31,"none","RHOV",3,1,"2",1,2018
"269",2018,3,31,"none","SAAP",0,4,"2",1,2018
"270",2018,3,32,"half ","CEOL",1,3,"2",1,2018
"271",2018,3,32,"half ","HEAR",4,2,"2",1,2018
"272",2018,3,32,"half ","RHOV",1,3,"2",1,2018
"273",2018,3,32,"half ","SAAP",0,4,"2",1,2018
"274",2018,3,33,"full ","CEOL",4,0,"2",1,2018
"275",2018,3,33,"full ","HEAR",5,1,"2",1,2018
"276",2018,3,33,"full ","RHOV",3,1,"2",1,2018
"277",2018,3,33,"full ","SAAP",4,0,"2",1,2018
"278",2018,3,34,"half ","CEOL",3,1,"2",1,2018
"279",2018,3,34,"half ","HEAR",6,0,"2",1,2018
"280",2018,3,34,"half ","RHOV",3,1,"2",1,2018
"281",2018,3,34,"half ","SAAP",1,3,"2",1,2018
"282",2018,3,35,"full ","CEOL",3,1,"2",1,2018
"283",2018,3,35,"full ","HEAR",3,3,"2",1,2018
"284",2018,3,35,"full ","RHOV",1,3,"2",1,2018
"285",2018,3,35,"full ","SAAP",0,4,"2",1,2018
"286",2018,3,36,"none","CEOL",3,1,"2",1,2018
"287",2018,3,36,"none","HEAR",6,0,"2",1,2018
"288",2018,3,36,"none","RHOV",3,1,"2",1,2018
"289",2018,3,36,"none","SAAP",0,4,"2",1,2018
"290",2018,5,1,"no ","CEOL",2,2,"1",4,2018
"291",2018,5,1,"no ","HEAR",0,6,"1",4,2018
"292",2018,5,1,"no ","RHOV",2,2,"1",4,2018
"293",2018,5,1,"no ","SAAP",1,3,"1",4,2018
"294",2018,5,2,"full ","CEOL",2,2,"1",4,2018
"295",2018,5,2,"full ","HEAR",6,0,"1",4,2018
"296",2018,5,2,"full ","RHOV",1,3,"1",4,2018
"297",2018,5,2,"full ","SAAP",1,3,"1",4,2018
"298",2018,5,3,"full ","CEOL",2,2,"1",4,2018
"299",2018,5,3,"full ","HEAR",3,3,"1",4,2018
"300",2018,5,3,"full ","RHOV",0,4,"1",4,2018
"301",2018,5,3,"full ","SAAP",1,3,"1",4,2018
"302",2018,5,4,"half ","CEOL",2,2,"1",4,2018
"303",2018,5,4,"half ","HEAR",4,2,"1",4,2018
"304",2018,5,4,"half ","RHOV",2,2,"1",4,2018
"305",2018,5,4,"half ","SAAP",2,2,"1",4,2018
"306",2018,5,5,"no ","CEOL",3,1,"1",4,2018
"307",2018,5,5,"no ","HEAR",2,4,"1",4,2018
"308",2018,5,5,"no ","RHOV",0,4,"1",4,2018
"309",2018,5,5,"no ","SAAP",2,2,"1",4,2018
"310",2018,5,6,"no ","CEOL",0,4,"1",4,2018
"311",2018,5,6,"no ","HEAR",5,1,"1",4,2018
"312",2018,5,6,"no ","RHOV",2,2,"1",4,2018
"313",2018,5,6,"no ","SAAP",0,4,"1",4,2018
"314",2018,5,7,"no ","CEOL",1,3,"1",4,2018
"315",2018,5,7,"no ","HEAR",2,4,"1",4,2018
"316",2018,5,7,"no ","RHOV",2,2,"1",4,2018
"317",2018,5,7,"no ","SAAP",1,3,"1",4,2018
"318",2018,5,8,"half ","CEOL",0,4,"1",4,2018
"319",2018,5,8,"half ","HEAR",5,1,"1",4,2018
"320",2018,5,8,"half ","RHOV",3,1,"1",4,2018
"321",2018,5,8,"half ","SAAP",1,3,"1",4,2018
"322",2018,5,9,"full ","CEOL",1,3,"1",4,2018
"323",2018,5,9,"full ","HEAR",6,0,"1",4,2018
"324",2018,5,9,"full ","RHOV",0,4,"1",4,2018
"325",2018,5,9,"full ","SAAP",0,4,"1",4,2018
"326",2018,5,10,"half ","CEOL",4,0,"1",4,2018
"327",2018,5,10,"half ","HEAR",5,1,"1",4,2018
"328",2018,5,10,"half ","RHOV",3,1,"1",4,2018
"329",2018,5,10,"half ","SAAP",1,3,"1",4,2018
"330",2018,5,11,"no ","CEOL",0,4,"1",4,2018
"331",2018,5,11,"no ","HEAR",1,5,"1",4,2018
"332",2018,5,11,"no ","RHOV",1,3,"1",4,2018
"333",2018,5,11,"no ","SAAP",2,2,"1",4,2018
"334",2018,5,12,"full ","CEOL",2,2,"1",4,2018
"335",2018,5,12,"full ","HEAR",6,0,"1",4,2018
"336",2018,5,12,"full ","RHOV",3,1,"1",4,2018
"337",2018,5,12,"full ","SAAP",3,1,"1",4,2018
"338",2018,5,13,"full ","CEOL",0,4,"1",4,2018
"339",2018,5,13,"full ","HEAR",2,4,"1",4,2018
"340",2018,5,13,"full ","RHOV",1,3,"1",4,2018
"341",2018,5,13,"full ","SAAP",1,3,"1",4,2018
"342",2018,5,14,"no ","CEOL",1,3,"1",4,2018
"343",2018,5,14,"no ","HEAR",1,5,"1",4,2018
"344",2018,5,14,"no ","RHOV",0,4,"1",4,2018
"345",2018,5,14,"no ","SAAP",1,3,"1",4,2018
"346",2018,5,15,"half ","CEOL",3,1,"1",4,2018
"347",2018,5,15,"half ","HEAR",0,6,"1",4,2018
"348",2018,5,15,"half ","RHOV",1,3,"1",4,2018
"349",2018,5,15,"half ","SAAP",0,4,"1",4,2018
"350",2018,5,16,"full ","CEOL",2,2,"1",4,2018
"351",2018,5,16,"full ","HEAR",1,5,"1",4,2018
"352",2018,5,16,"full ","RHOV",1,3,"1",4,2018
"353",2018,5,16,"full ","SAAP",1,3,"1",4,2018
"354",2018,5,17,"half ","CEOL",1,3,"1",4,2018
"355",2018,5,17,"half ","HEAR",2,4,"1",4,2018
"356",2018,5,17,"half ","RHOV",0,4,"1",4,2018
"357",2018,5,17,"half ","SAAP",1,3,"1",4,2018
"358",2018,5,18,"no ","CEOL",1,3,"1",4,2018
"359",2018,5,18,"no ","HEAR",1,5,"1",4,2018
"360",2018,5,18,"no ","RHOV",0,4,"1",4,2018
"361",2018,5,18,"no ","SAAP",0,4,"1",4,2018
"362",2018,5,19,"full ","CEOL",0,4,"2",4,2018
"363",2018,5,19,"full ","HEAR",2,4,"2",4,2018
"364",2018,5,19,"full ","RHOV",1,3,"2",4,2018
"365",2018,5,19,"full ","SAAP",0,4,"2",4,2018
"366",2018,5,20,"no ","CEOL",0,4,"2",4,2018
"367",2018,5,20,"no ","HEAR",3,3,"2",4,2018
"368",2018,5,20,"no ","RHOV",1,3,"2",4,2018
"369",2018,5,20,"no ","SAAP",0,4,"2",4,2018
"370",2018,5,21,"half ","CEOL",0,4,"2",4,2018
"371",2018,5,21,"half ","HEAR",4,2,"2",4,2018
"372",2018,5,21,"half ","RHOV",2,2,"2",4,2018
"373",2018,5,21,"half ","SAAP",0,4,"2",4,2018
"374",2018,5,22,"full ","CEOL",0,4,"2",4,2018
"375",2018,5,22,"full ","HEAR",5,1,"2",4,2018
"376",2018,5,22,"full ","RHOV",2,2,"2",4,2018
"377",2018,5,22,"full ","SAAP",0,4,"2",4,2018
"378",2018,5,23,"half ","CEOL",1,3,"2",4,2018
"379",2018,5,23,"half ","HEAR",5,1,"2",4,2018
"380",2018,5,23,"half ","RHOV",0,4,"2",4,2018
"381",2018,5,23,"half ","SAAP",0,4,"2",4,2018
"382",2018,5,24,"no ","CEOL",0,4,"2",4,2018
"383",2018,5,24,"no ","HEAR",3,3,"2",4,2018
"384",2018,5,24,"no ","RHOV",1,3,"2",4,2018
"385",2018,5,24,"no ","SAAP",0,4,"2",4,2018
"386",2018,5,25,"no ","CEOL",0,4,"2",4,2018
"387",2018,5,25,"no ","HEAR",5,1,"2",4,2018
"388",2018,5,25,"no ","RHOV",0,4,"2",4,2018
"389",2018,5,25,"no ","SAAP",0,4,"2",4,2018
"390",2018,5,26,"half ","CEOL",1,3,"2",4,2018
"391",2018,5,26,"half ","HEAR",1,5,"2",4,2018
"392",2018,5,26,"half ","RHOV",1,3,"2",4,2018
"393",2018,5,26,"half ","SAAP",0,4,"2",4,2018
"394",2018,5,27,"full ","CEOL",0,4,"2",4,2018
"395",2018,5,27,"full ","HEAR",3,3,"2",4,2018
"396",2018,5,27,"full ","RHOV",0,4,"2",4,2018
"397",2018,5,27,"full ","SAAP",1,3,"2",4,2018
"398",2018,5,28,"half ","CEOL",0,4,"2",4,2018
"399",2018,5,28,"half ","HEAR",1,5,"2",4,2018
"400",2018,5,28,"half ","RHOV",0,4,"2",4,2018
"401",2018,5,28,"half ","SAAP",0,4,"2",4,2018
"402",2018,5,29,"no ","CEOL",0,4,"2",4,2018
"403",2018,5,29,"no ","HEAR",0,6,"2",4,2018
"404",2018,5,29,"no ","RHOV",0,4,"2",4,2018
"405",2018,5,29,"no ","SAAP",0,4,"2",4,2018
"406",2018,5,30,"full ","CEOL",1,3,"2",4,2018
"407",2018,5,30,"full ","HEAR",0,6,"2",4,2018
"408",2018,5,30,"full ","RHOV",0,4,"2",4,2018
"409",2018,5,30,"full ","SAAP",0,4,"2",4,2018
"410",2018,5,31,"no ","CEOL",0,4,"2",4,2018
"411",2018,5,31,"no ","HEAR",2,4,"2",4,2018
"412",2018,5,31,"no ","RHOV",1,3,"2",4,2018
"413",2018,5,31,"no ","SAAP",0,4,"2",4,2018
"414",2018,5,32,"half ","CEOL",0,4,"2",4,2018
"415",2018,5,32,"half ","HEAR",3,3,"2",4,2018
"416",2018,5,32,"half ","RHOV",1,3,"2",4,2018
"417",2018,5,32,"half ","SAAP",0,4,"2",4,2018
"418",2018,5,33,"full ","CEOL",3,1,"2",4,2018
"419",2018,5,33,"full ","HEAR",1,5,"2",4,2018
"420",2018,5,33,"full ","RHOV",1,3,"2",4,2018
"421",2018,5,33,"full ","SAAP",1,3,"2",4,2018
"422",2018,5,34,"half ","CEOL",1,3,"2",4,2018
"423",2018,5,34,"half ","HEAR",2,4,"2",4,2018
"424",2018,5,34,"half ","RHOV",1,3,"2",4,2018
"425",2018,5,34,"half ","SAAP",0,4,"2",4,2018
"426",2018,5,35,"full ","CEOL",1,3,"2",4,2018
"427",2018,5,35,"full ","HEAR",5,1,"2",4,2018
"428",2018,5,35,"full ","RHOV",0,4,"2",4,2018
"429",2018,5,35,"full ","SAAP",0,4,"2",4,2018
"430",2018,5,36,"no ","CEOL",0,4,"2",4,2018
"431",2018,5,36,"no ","HEAR",3,3,"2",4,2018
"432",2018,5,36,"no ","RHOV",0,4,"2",4,2018
"433",2018,5,36,"no ","SAAP",0,4,"2",4,2018
"434",2018,12,1,"none","CEOL",0,4,"1",11,2018
"435",2018,12,1,"none","HEAR",0,6,"1",11,2018
"436",2018,12,1,"none","RHOV",0,4,"1",11,2018
"437",2018,12,1,"none","SAAP",0,4,"1",11,2018
"438",2018,12,2,"full ","CEOL",0,4,"1",11,2018
"439",2018,12,2,"full ","HEAR",0,6,"1",11,2018
"440",2018,12,2,"full ","RHOV",0,4,"1",11,2018
"441",2018,12,2,"full ","SAAP",0,4,"1",11,2018
"442",2018,12,3,"full ","CEOL",0,4,"1",11,2018
"443",2018,12,3,"full ","HEAR",0,6,"1",11,2018
"444",2018,12,3,"full ","RHOV",0,4,"1",11,2018
"445",2018,12,3,"full ","SAAP",0,4,"1",11,2018
"446",2018,12,4,"half ","CEOL",0,4,"1",11,2018
"447",2018,12,4,"half ","HEAR",0,6,"1",11,2018
"448",2018,12,4,"half ","RHOV",0,4,"1",11,2018
"449",2018,12,4,"half ","SAAP",1,3,"1",11,2018
"450",2018,12,5,"half ","CEOL",0,4,"1",11,2018
"451",2018,12,5,"half ","HEAR",0,6,"1",11,2018
"452",2018,12,5,"half ","RHOV",0,4,"1",11,2018
"453",2018,12,5,"half ","SAAP",0,4,"1",11,2018
"454",2018,12,6,"none","CEOL",0,4,"1",11,2018
"455",2018,12,6,"none","HEAR",0,6,"1",11,2018
"456",2018,12,6,"none","RHOV",0,4,"1",11,2018
"457",2018,12,6,"none","SAAP",0,4,"1",11,2018
"458",2018,12,7,"none","CEOL",0,4,"1",11,2018
"459",2018,12,7,"none","HEAR",0,6,"1",11,2018
"460",2018,12,7,"none","RHOV",0,4,"1",11,2018
"461",2018,12,7,"none","SAAP",0,4,"1",11,2018
"462",2018,12,8,"half ","CEOL",0,4,"1",11,2018
"463",2018,12,8,"half ","HEAR",0,6,"1",11,2018
"464",2018,12,8,"half ","RHOV",0,4,"1",11,2018
"465",2018,12,8,"half ","SAAP",0,4,"1",11,2018
"466",2018,12,9,"full ","CEOL",0,4,"1",11,2018
"467",2018,12,9,"full ","HEAR",0,6,"1",11,2018
"468",2018,12,9,"full ","RHOV",0,4,"1",11,2018
"469",2018,12,9,"full ","SAAP",0,4,"1",11,2018
"470",2018,12,10,"half ","CEOL",0,4,"1",11,2018
"471",2018,12,10,"half ","HEAR",0,6,"1",11,2018
"472",2018,12,10,"half ","RHOV",0,4,"1",11,2018
"473",2018,12,10,"half ","SAAP",1,3,"1",11,2018
"474",2018,12,11,"none","CEOL",0,4,"1",11,2018
"475",2018,12,11,"none","HEAR",0,6,"1",11,2018
"476",2018,12,11,"none","RHOV",0,4,"1",11,2018
"477",2018,12,11,"none","SAAP",0,4,"1",11,2018
"478",2018,12,12,"full ","CEOL",0,4,"1",11,2018
"479",2018,12,12,"full ","HEAR",0,6,"1",11,2018
"480",2018,12,12,"full ","RHOV",1,3,"1",11,2018
"481",2018,12,12,"full ","SAAP",0,4,"1",11,2018
"482",2018,12,13,"full ","CEOL",0,4,"1",11,2018
"483",2018,12,13,"full ","HEAR",0,6,"1",11,2018
"484",2018,12,13,"full ","RHOV",0,4,"1",11,2018
"485",2018,12,13,"full ","SAAP",0,4,"1",11,2018
"486",2018,12,14,"none","CEOL",0,4,"1",11,2018
"487",2018,12,14,"none","HEAR",0,6,"1",11,2018
"488",2018,12,14,"none","RHOV",0,4,"1",11,2018
"489",2018,12,14,"none","SAAP",0,4,"1",11,2018
"490",2018,12,15,"half ","CEOL",0,4,"1",11,2018
"491",2018,12,15,"half ","HEAR",0,6,"1",11,2018
"492",2018,12,15,"half ","RHOV",0,4,"1",11,2018
"493",2018,12,15,"half ","SAAP",0,4,"1",11,2018
"494",2018,12,16,"full ","CEOL",0,4,"1",11,2018
"495",2018,12,16,"full ","HEAR",0,6,"1",11,2018
"496",2018,12,16,"full ","RHOV",0,4,"1",11,2018
"497",2018,12,16,"full ","SAAP",0,4,"1",11,2018
"498",2018,12,17,"half ","CEOL",0,4,"1",11,2018
"499",2018,12,17,"half ","HEAR",0,6,"1",11,2018
"500",2018,12,17,"half ","RHOV",0,4,"1",11,2018
"501",2018,12,17,"half ","SAAP",0,4,"1",11,2018
"502",2018,12,18,"none","CEOL",0,4,"1",11,2018
"503",2018,12,18,"none","HEAR",0,6,"1",11,2018
"504",2018,12,18,"none","RHOV",0,4,"1",11,2018
"505",2018,12,18,"none","SAAP",0,4,"1",11,2018
"506",2018,12,19,"full ","CEOL",0,4,"2",11,2018
"507",2018,12,19,"full ","HEAR",0,6,"2",11,2018
"508",2018,12,19,"full ","RHOV",0,4,"2",11,2018
"509",2018,12,19,"full ","SAAP",0,4,"2",11,2018
"510",2018,12,20,"none","CEOL",0,4,"2",11,2018
"511",2018,12,20,"none","HEAR",0,6,"2",11,2018
"512",2018,12,20,"none","RHOV",0,4,"2",11,2018
"513",2018,12,20,"none","SAAP",0,4,"2",11,2018
"514",2018,12,21,"half ","CEOL",0,4,"2",11,2018
"515",2018,12,21,"half ","HEAR",0,6,"2",11,2018
"516",2018,12,21,"half ","RHOV",0,4,"2",11,2018
"517",2018,12,21,"half ","SAAP",0,4,"2",11,2018
"518",2018,12,22,"full ","CEOL",0,4,"2",11,2018
"519",2018,12,22,"full ","HEAR",0,6,"2",11,2018
"520",2018,12,22,"full ","RHOV",0,4,"2",11,2018
"521",2018,12,22,"full ","SAAP",0,4,"2",11,2018
"522",2018,12,23,"half ","CEOL",0,4,"2",11,2018
"523",2018,12,23,"half ","HEAR",0,6,"2",11,2018
"524",2018,12,23,"half ","RHOV",0,4,"2",11,2018
"525",2018,12,23,"half ","SAAP",0,4,"2",11,2018
"526",2018,12,24,"none","CEOL",0,4,"2",11,2018
"527",2018,12,24,"none","HEAR",0,6,"2",11,2018
"528",2018,12,24,"none","RHOV",0,4,"2",11,2018
"529",2018,12,24,"none","SAAP",0,4,"2",11,2018
"530",2018,12,25,"none","CEOL",0,4,"2",11,2018
"531",2018,12,25,"none","HEAR",0,6,"2",11,2018
"532",2018,12,25,"none","RHOV",0,4,"2",11,2018
"533",2018,12,25,"none","SAAP",0,4,"2",11,2018
"534",2018,12,26,"half ","CEOL",0,4,"2",11,2018
"535",2018,12,26,"half ","HEAR",0,6,"2",11,2018
"536",2018,12,26,"half ","RHOV",0,4,"2",11,2018
"537",2018,12,26,"half ","SAAP",0,3,"2",11,2018
"538",2018,12,27,"full ","CEOL",0,4,"2",11,2018
"539",2018,12,27,"full ","HEAR",0,6,"2",11,2018
"540",2018,12,27,"full ","RHOV",0,4,"2",11,2018
"541",2018,12,27,"full ","SAAP",0,4,"2",11,2018
"542",2018,12,28,"half ","CEOL",0,4,"2",11,2018
"543",2018,12,28,"half ","HEAR",0,6,"2",11,2018
"544",2018,12,28,"half ","RHOV",0,4,"2",11,2018
"545",2018,12,28,"half ","SAAP",0,4,"2",11,2018
"546",2018,12,29,"none","CEOL",0,4,"2",11,2018
"547",2018,12,29,"none","HEAR",0,6,"2",11,2018
"548",2018,12,29,"none","RHOV",0,4,"2",11,2018
"549",2018,12,29,"none","SAAP",0,4,"2",11,2018
"550",2018,12,30,"full ","CEOL",0,4,"2",11,2018
"551",2018,12,30,"full ","HEAR",0,6,"2",11,2018
"552",2018,12,30,"full ","RHOV",0,4,"2",11,2018
"553",2018,12,30,"full ","SAAP",0,4,"2",11,2018
"554",2018,12,31,"none","CEOL",0,4,"2",11,2018
"555",2018,12,31,"none","HEAR",0,6,"2",11,2018
"556",2018,12,31,"none","RHOV",0,4,"2",11,2018
"557",2018,12,31,"none","SAAP",0,4,"2",11,2018
"558",2018,12,32,"half ","CEOL",0,4,"2",11,2018
"559",2018,12,32,"half ","HEAR",0,6,"2",11,2018
"560",2018,12,32,"half ","RHOV",0,4,"2",11,2018
"561",2018,12,32,"half ","SAAP",0,4,"2",11,2018
"562",2018,12,33,"full ","CEOL",0,4,"2",11,2018
"563",2018,12,33,"full ","HEAR",0,6,"2",11,2018
"564",2018,12,33,"full ","RHOV",0,4,"2",11,2018
"565",2018,12,33,"full ","SAAP",0,4,"2",11,2018
"566",2018,12,34,"half ","CEOL",0,4,"2",11,2018
"567",2018,12,34,"half ","HEAR",0,6,"2",11,2018
"568",2018,12,34,"half ","RHOV",0,4,"2",11,2018
"569",2018,12,34,"half ","SAAP",0,4,"2",11,2018
"570",2018,12,35,"full ","CEOL",0,4,"2",11,2018
"571",2018,12,35,"full ","HEAR",0,6,"2",11,2018
"572",2018,12,35,"full ","RHOV",0,4,"2",11,2018
"573",2018,12,35,"full ","SAAP",0,4,"2",11,2018
"574",2018,12,36,"none","CEOL",0,4,"2",11,2018
"575",2018,12,36,"none","HEAR",0,6,"2",11,2018
"576",2018,12,36,"none","RHOV",0,4,"2",11,2018
"577",2018,12,36,"none","SAAP",0,4,"2",11,2018
"578",2019,1,1,"none","CEOL",2,0,"1",12,2019
"579",2019,1,1,"none","HEAR",3,0,"1",12,2019
"580",2019,1,1,"none","RHOV",3,0,"1",12,2019
"581",2019,1,1,"none","SAAP",3,0,"1",12,2019
"582",2019,1,2,"full ","CEOL",2,0,"1",12,2019
"583",2019,1,2,"full ","HEAR",3,0,"1",12,2019
"584",2019,1,2,"full ","RHOV",3,0,"1",12,2019
"585",2019,1,2,"full ","SAAP",3,0,"1",12,2019
"586",2019,1,3,"full ","CEOL",2,0,"1",12,2019
"587",2019,1,3,"full ","HEAR",3,0,"1",12,2019
"588",2019,1,3,"full ","RHOV",3,0,"1",12,2019
"589",2019,1,3,"full ","SAAP",3,0,"1",12,2019
"590",2019,1,4,"half ","CEOL",2,0,"1",12,2019
"591",2019,1,4,"half ","HEAR",3,0,"1",12,2019
"592",2019,1,4,"half ","RHOV",3,0,"1",12,2019
"593",2019,1,4,"half ","SAAP",3,0,"1",12,2019
"594",2019,1,5,"half ","CEOL",2,0,"1",12,2019
"595",2019,1,5,"half ","HEAR",3,0,"1",12,2019
"596",2019,1,5,"half ","RHOV",3,0,"1",12,2019
"597",2019,1,5,"half ","SAAP",3,0,"1",12,2019
"598",2019,1,6,"none","CEOL",2,0,"1",12,2019
"599",2019,1,6,"none","HEAR",3,0,"1",12,2019
"600",2019,1,6,"none","RHOV",3,0,"1",12,2019
"601",2019,1,6,"none","SAAP",3,0,"1",12,2019
"602",2019,1,7,"none","CEOL",2,0,"1",12,2019
"603",2019,1,7,"none","HEAR",3,0,"1",12,2019
"604",2019,1,7,"none","RHOV",3,0,"1",12,2019
"605",2019,1,7,"none","SAAP",3,0,"1",12,2019
"606",2019,1,8,"half ","CEOL",2,0,"1",12,2019
"607",2019,1,8,"half ","HEAR",3,0,"1",12,2019
"608",2019,1,8,"half ","RHOV",3,0,"1",12,2019
"609",2019,1,8,"half ","SAAP",3,0,"1",12,2019
"610",2019,1,9,"full ","CEOL",2,0,"1",12,2019
"611",2019,1,9,"full ","HEAR",3,0,"1",12,2019
"612",2019,1,9,"full ","RHOV",3,0,"1",12,2019
"613",2019,1,9,"full ","SAAP",3,0,"1",12,2019
"614",2019,1,10,"half ","CEOL",2,0,"1",12,2019
"615",2019,1,10,"half ","HEAR",3,0,"1",12,2019
"616",2019,1,10,"half ","RHOV",3,0,"1",12,2019
"617",2019,1,10,"half ","SAAP",3,0,"1",12,2019
"618",2019,1,11,"none","CEOL",2,0,"1",12,2019
"619",2019,1,11,"none","HEAR",3,0,"1",12,2019
"620",2019,1,11,"none","RHOV",3,0,"1",12,2019
"621",2019,1,11,"none","SAAP",3,0,"1",12,2019
"622",2019,1,12,"full ","CEOL",2,0,"1",12,2019
"623",2019,1,12,"full ","HEAR",3,0,"1",12,2019
"624",2019,1,12,"full ","RHOV",3,0,"1",12,2019
"625",2019,1,12,"full ","SAAP",3,0,"1",12,2019
"626",2019,1,13,"full ","CEOL",2,0,"1",12,2019
"627",2019,1,13,"full ","HEAR",3,0,"1",12,2019
"628",2019,1,13,"full ","RHOV",3,0,"1",12,2019
"629",2019,1,13,"full ","SAAP",3,0,"1",12,2019
"630",2019,1,14,"none","CEOL",2,0,"1",12,2019
"631",2019,1,14,"none","HEAR",3,0,"1",12,2019
"632",2019,1,14,"none","RHOV",3,0,"1",12,2019
"633",2019,1,14,"none","SAAP",3,0,"1",12,2019
"634",2019,1,15,"half ","CEOL",2,0,"1",12,2019
"635",2019,1,15,"half ","HEAR",3,0,"1",12,2019
"636",2019,1,15,"half ","RHOV",3,0,"1",12,2019
"637",2019,1,15,"half ","SAAP",3,0,"1",12,2019
"638",2019,1,16,"full ","CEOL",2,0,"1",12,2019
"639",2019,1,16,"full ","HEAR",3,0,"1",12,2019
"640",2019,1,16,"full ","RHOV",3,0,"1",12,2019
"641",2019,1,16,"full ","SAAP",3,0,"1",12,2019
"642",2019,1,17,"half ","CEOL",2,0,"1",12,2019
"643",2019,1,17,"half ","HEAR",3,0,"1",12,2019
"644",2019,1,17,"half ","RHOV",3,0,"1",12,2019
"645",2019,1,17,"half ","SAAP",3,0,"1",12,2019
"646",2019,1,18,"none","CEOL",2,0,"1",12,2019
"647",2019,1,18,"none","HEAR",3,0,"1",12,2019
"648",2019,1,18,"none","RHOV",3,0,"1",12,2019
"649",2019,1,18,"none","SAAP",3,0,"1",12,2019
"650",2019,1,19,"full ","CEOL",2,0,"2",12,2019
"651",2019,1,19,"full ","HEAR",3,0,"2",12,2019
"652",2019,1,19,"full ","RHOV",3,0,"2",12,2019
"653",2019,1,19,"full ","SAAP",3,0,"2",12,2019
"654",2019,1,20,"none","CEOL",2,0,"2",12,2019
"655",2019,1,20,"none","HEAR",3,0,"2",12,2019
"656",2019,1,20,"none","RHOV",3,0,"2",12,2019
"657",2019,1,20,"none","SAAP",3,0,"2",12,2019
"658",2019,1,21,"half ","CEOL",2,0,"2",12,2019
"659",2019,1,21,"half ","HEAR",3,0,"2",12,2019
"660",2019,1,21,"half ","RHOV",3,0,"2",12,2019
"661",2019,1,21,"half ","SAAP",3,0,"2",12,2019
"662",2019,1,22,"full ","CEOL",1,0,"2",12,2019
"663",2019,1,22,"full ","HEAR",3,0,"2",12,2019
"664",2019,1,22,"full ","RHOV",3,0,"2",12,2019
"665",2019,1,22,"full ","SAAP",3,0,"2",12,2019
"666",2019,1,23,"half ","CEOL",2,0,"2",12,2019
"667",2019,1,23,"half ","HEAR",3,0,"2",12,2019
"668",2019,1,23,"half ","RHOV",3,0,"2",12,2019
"669",2019,1,23,"half ","SAAP",3,0,"2",12,2019
"670",2019,1,24,"none","CEOL",2,0,"2",12,2019
"671",2019,1,24,"none","HEAR",3,0,"2",12,2019
"672",2019,1,24,"none","RHOV",3,0,"2",12,2019
"673",2019,1,24,"none","SAAP",3,0,"2",12,2019
"674",2019,1,25,"none","CEOL",2,0,"2",12,2019
"675",2019,1,25,"none","HEAR",3,0,"2",12,2019
"676",2019,1,25,"none","RHOV",3,0,"2",12,2019
"677",2019,1,25,"none","SAAP",3,0,"2",12,2019
"678",2019,1,26,"half ","CEOL",2,0,"2",12,2019
"679",2019,1,26,"half ","HEAR",3,0,"2",12,2019
"680",2019,1,26,"half ","RHOV",3,0,"2",12,2019
"681",2019,1,26,"half ","SAAP",3,0,"2",12,2019
"682",2019,1,27,"full ","CEOL",2,0,"2",12,2019
"683",2019,1,27,"full ","HEAR",3,0,"2",12,2019
"684",2019,1,27,"full ","RHOV",3,0,"2",12,2019
"685",2019,1,27,"full ","SAAP",3,0,"2",12,2019
"686",2019,1,28,"half ","CEOL",2,0,"2",12,2019
"687",2019,1,28,"half ","HEAR",3,0,"2",12,2019
"688",2019,1,28,"half ","RHOV",3,0,"2",12,2019
"689",2019,1,28,"half ","SAAP",3,0,"2",12,2019
"690",2019,1,29,"none","CEOL",2,0,"2",12,2019
"691",2019,1,29,"none","HEAR",3,0,"2",12,2019
"692",2019,1,29,"none","RHOV",3,0,"2",12,2019
"693",2019,1,29,"none","SAAP",3,0,"2",12,2019
"694",2019,1,30,"full ","CEOL",2,0,"2",12,2019
"695",2019,1,30,"full ","HEAR",3,0,"2",12,2019
"696",2019,1,30,"full ","RHOV",3,0,"2",12,2019
"697",2019,1,30,"full ","SAAP",3,0,"2",12,2019
"698",2019,1,31,"none","CEOL",2,0,"2",12,2019
"699",2019,1,31,"none","HEAR",3,0,"2",12,2019
"700",2019,1,31,"none","RHOV",3,0,"2",12,2019
"701",2019,1,31,"none","SAAP",3,0,"2",12,2019
"702",2019,1,32,"half ","CEOL",2,0,"2",12,2019
"703",2019,1,32,"half ","HEAR",3,0,"2",12,2019
"704",2019,1,32,"half ","RHOV",3,0,"2",12,2019
"705",2019,1,32,"half ","SAAP",3,0,"2",12,2019
"706",2019,1,33,"full ","CEOL",2,0,"2",12,2019
"707",2019,1,33,"full ","HEAR",3,0,"2",12,2019
"708",2019,1,33,"full ","RHOV",3,0,"2",12,2019
"709",2019,1,33,"full ","SAAP",3,0,"2",12,2019
"710",2019,1,34,"half ","CEOL",2,0,"2",12,2019
"711",2019,1,34,"half ","HEAR",3,0,"2",12,2019
"712",2019,1,34,"half ","RHOV",3,0,"2",12,2019
"713",2019,1,34,"half ","SAAP",3,0,"2",12,2019
"714",2019,1,35,"full ","CEOL",2,0,"2",12,2019
"715",2019,1,35,"full ","HEAR",3,0,"2",12,2019
"716",2019,1,35,"full ","RHOV",3,0,"2",12,2019
"717",2019,1,35,"full ","SAAP",3,0,"2",12,2019
"718",2019,1,36,"none","CEOL",2,0,"2",12,2019
"719",2019,1,36,"none","HEAR",3,0,"2",12,2019
"720",2019,1,36,"none","RHOV",3,0,"2",12,2019
"721",2019,1,36,"none","SAAP",3,0,"2",12,2019
"722",2019,3,1,"none","CEOL",2,0,"1",14,2019
"723",2019,3,1,"none","HEAR",3,0,"1",14,2019
"724",2019,3,1,"none","RHOV",3,0,"1",14,2019
"725",2019,3,1,"none","SAAP",2,1,"1",14,2019
"726",2019,3,2,"full ","CEOL",2,0,"1",14,2019
"727",2019,3,2,"full ","HEAR",3,0,"1",14,2019
"728",2019,3,2,"full ","RHOV",2,1,"1",14,2019
"729",2019,3,2,"full ","SAAP",3,0,"1",14,2019
"730",2019,3,3,"full ","CEOL",2,0,"1",14,2019
"731",2019,3,3,"full ","HEAR",3,0,"1",14,2019
"732",2019,3,3,"full ","RHOV",3,0,"1",14,2019
"733",2019,3,3,"full ","SAAP",3,0,"1",14,2019
"734",2019,3,4,"half ","CEOL",2,0,"1",14,2019
"735",2019,3,4,"half ","HEAR",3,0,"1",14,2019
"736",2019,3,4,"half ","RHOV",3,0,"1",14,2019
"737",2019,3,4,"half ","SAAP",3,0,"1",14,2019
"738",2019,3,5,"half ","CEOL",2,0,"1",14,2019
"739",2019,3,5,"half ","HEAR",3,0,"1",14,2019
"740",2019,3,5,"half ","RHOV",3,0,"1",14,2019
"741",2019,3,5,"half ","SAAP",3,0,"1",14,2019
"742",2019,3,6,"none","CEOL",2,0,"1",14,2019
"743",2019,3,6,"none","HEAR",3,0,"1",14,2019
"744",2019,3,6,"none","RHOV",3,0,"1",14,2019
"745",2019,3,6,"none","SAAP",3,0,"1",14,2019
"746",2019,3,7,"none","CEOL",2,0,"1",14,2019
"747",2019,3,7,"none","HEAR",3,0,"1",14,2019
"748",2019,3,7,"none","RHOV",3,0,"1",14,2019
"749",2019,3,7,"none","SAAP",3,0,"1",14,2019
"750",2019,3,8,"half ","CEOL",2,0,"1",14,2019
"751",2019,3,8,"half ","HEAR",3,0,"1",14,2019
"752",2019,3,8,"half ","RHOV",2,1,"1",14,2019
"753",2019,3,8,"half ","SAAP",3,0,"1",14,2019
"754",2019,3,9,"full ","CEOL",2,0,"1",14,2019
"755",2019,3,9,"full ","HEAR",3,0,"1",14,2019
"756",2019,3,9,"full ","RHOV",3,0,"1",14,2019
"757",2019,3,9,"full ","SAAP",3,0,"1",14,2019
"758",2019,3,10,"half ","CEOL",2,0,"1",14,2019
"759",2019,3,10,"half ","HEAR",3,0,"1",14,2019
"760",2019,3,10,"half ","RHOV",2,1,"1",14,2019
"761",2019,3,10,"half ","SAAP",3,0,"1",14,2019
"762",2019,3,11,"none","CEOL",2,0,"1",14,2019
"763",2019,3,11,"none","HEAR",3,0,"1",14,2019
"764",2019,3,11,"none","RHOV",2,1,"1",14,2019
"765",2019,3,11,"none","SAAP",3,0,"1",14,2019
"766",2019,3,12,"full ","CEOL",2,0,"1",14,2019
"767",2019,3,12,"full ","HEAR",3,0,"1",14,2019
"768",2019,3,12,"full ","RHOV",2,1,"1",14,2019
"769",2019,3,12,"full ","SAAP",2,1,"1",14,2019
"770",2019,3,13,"full ","CEOL",1,1,"1",14,2019
"771",2019,3,13,"full ","HEAR",3,0,"1",14,2019
"772",2019,3,13,"full ","RHOV",3,0,"1",14,2019
"773",2019,3,13,"full ","SAAP",3,0,"1",14,2019
"774",2019,3,14,"none","CEOL",2,0,"1",14,2019
"775",2019,3,14,"none","HEAR",3,0,"1",14,2019
"776",2019,3,14,"none","RHOV",1,2,"1",14,2019
"777",2019,3,14,"none","SAAP",1,2,"1",14,2019
"778",2019,3,15,"half ","CEOL",1,1,"1",14,2019
"779",2019,3,15,"half ","HEAR",3,0,"1",14,2019
"780",2019,3,15,"half ","RHOV",0,3,"1",14,2019
"781",2019,3,15,"half ","SAAP",0,3,"1",14,2019
"782",2019,3,16,"full ","CEOL",2,0,"1",14,2019
"783",2019,3,16,"full ","HEAR",3,0,"1",14,2019
"784",2019,3,16,"full ","RHOV",3,0,"1",14,2019
"785",2019,3,16,"full ","SAAP",3,0,"1",14,2019
"786",2019,3,17,"half ","CEOL",1,1,"1",14,2019
"787",2019,3,17,"half ","HEAR",3,0,"1",14,2019
"788",2019,3,17,"half ","RHOV",3,0,"1",14,2019
"789",2019,3,17,"half ","SAAP",2,1,"1",14,2019
"790",2019,3,18,"none","CEOL",0,2,"1",14,2019
"791",2019,3,18,"none","HEAR",1,2,"1",14,2019
"792",2019,3,18,"none","RHOV",2,1,"1",14,2019
"793",2019,3,18,"none","SAAP",1,2,"1",14,2019
"794",2019,3,19,"full ","CEOL",1,1,"2",14,2019
"795",2019,3,19,"full ","HEAR",3,0,"2",14,2019
"796",2019,3,19,"full ","RHOV",1,2,"2",14,2019
"797",2019,3,19,"full ","SAAP",3,0,"2",14,2019
"798",2019,3,20,"none","CEOL",2,0,"2",14,2019
"799",2019,3,20,"none","HEAR",3,0,"2",14,2019
"800",2019,3,20,"none","RHOV",2,1,"2",14,2019
"801",2019,3,20,"none","SAAP",3,0,"2",14,2019
"802",2019,3,21,"half ","CEOL",1,1,"2",14,2019
"803",2019,3,21,"half ","HEAR",2,1,"2",14,2019
"804",2019,3,21,"half ","RHOV",3,0,"2",14,2019
"805",2019,3,21,"half ","SAAP",2,1,"2",14,2019
"806",2019,3,22,"full ","CEOL",0,1,"2",14,2019
"807",2019,3,22,"full ","HEAR",2,1,"2",14,2019
"808",2019,3,22,"full ","RHOV",3,0,"2",14,2019
"809",2019,3,22,"full ","SAAP",3,0,"2",14,2019
"810",2019,3,23,"half ","CEOL",1,1,"2",14,2019
"811",2019,3,23,"half ","HEAR",3,0,"2",14,2019
"812",2019,3,23,"half ","RHOV",3,0,"2",14,2019
"813",2019,3,23,"half ","SAAP",3,0,"2",14,2019
"814",2019,3,24,"none","CEOL",1,1,"2",14,2019
"815",2019,3,24,"none","HEAR",3,0,"2",14,2019
"816",2019,3,24,"none","RHOV",1,2,"2",14,2019
"817",2019,3,24,"none","SAAP",3,0,"2",14,2019
"818",2019,3,25,"none","CEOL",1,1,"2",14,2019
"819",2019,3,25,"none","HEAR",2,1,"2",14,2019
"820",2019,3,25,"none","RHOV",2,1,"2",14,2019
"821",2019,3,25,"none","SAAP",3,0,"2",14,2019
"822",2019,3,26,"half ","CEOL",2,0,"2",14,2019
"823",2019,3,26,"half ","HEAR",3,0,"2",14,2019
"824",2019,3,26,"half ","RHOV",2,1,"2",14,2019
"825",2019,3,26,"half ","SAAP",2,1,"2",14,2019
"826",2019,3,27,"full ","CEOL",2,0,"2",14,2019
"827",2019,3,27,"full ","HEAR",3,0,"2",14,2019
"828",2019,3,27,"full ","RHOV",3,0,"2",14,2019
"829",2019,3,27,"full ","SAAP",3,0,"2",14,2019
"830",2019,3,28,"half ","CEOL",1,1,"2",14,2019
"831",2019,3,28,"half ","HEAR",3,0,"2",14,2019
"832",2019,3,28,"half ","RHOV",1,2,"2",14,2019
"833",2019,3,28,"half ","SAAP",2,1,"2",14,2019
"834",2019,3,29,"none","CEOL",1,1,"2",14,2019
"835",2019,3,29,"none","HEAR",3,0,"2",14,2019
"836",2019,3,29,"none","RHOV",3,0,"2",14,2019
"837",2019,3,29,"none","SAAP",2,1,"2",14,2019
"838",2019,3,30,"full ","CEOL",1,1,"2",14,2019
"839",2019,3,30,"full ","HEAR",3,0,"2",14,2019
"840",2019,3,30,"full ","RHOV",1,2,"2",14,2019
"841",2019,3,30,"full ","SAAP",3,0,"2",14,2019
"842",2019,3,31,"none","CEOL",2,0,"2",14,2019
"843",2019,3,31,"none","HEAR",3,0,"2",14,2019
"844",2019,3,31,"none","RHOV",3,0,"2",14,2019
"845",2019,3,31,"none","SAAP",3,0,"2",14,2019
"846",2019,3,32,"half ","CEOL",2,0,"2",14,2019
"847",2019,3,32,"half ","HEAR",2,1,"2",14,2019
"848",2019,3,32,"half ","RHOV",0,3,"2",14,2019
"849",2019,3,32,"half ","SAAP",3,0,"2",14,2019
"850",2019,3,33,"full ","CEOL",2,0,"2",14,2019
"851",2019,3,33,"full ","HEAR",2,1,"2",14,2019
"852",2019,3,33,"full ","RHOV",1,2,"2",14,2019
"853",2019,3,33,"full ","SAAP",3,0,"2",14,2019
"854",2019,3,34,"half ","CEOL",2,0,"2",14,2019
"855",2019,3,34,"half ","HEAR",3,0,"2",14,2019
"856",2019,3,34,"half ","RHOV",1,2,"2",14,2019
"857",2019,3,34,"half ","SAAP",3,0,"2",14,2019
"858",2019,3,35,"full ","CEOL",2,0,"2",14,2019
"859",2019,3,35,"full ","HEAR",3,0,"2",14,2019
"860",2019,3,35,"full ","RHOV",1,2,"2",14,2019
"861",2019,3,35,"full ","SAAP",2,1,"2",14,2019
"862",2019,3,36,"none","CEOL",1,1,"2",14,2019
"863",2019,3,36,"none","HEAR",3,0,"2",14,2019
"864",2019,3,36,"none","RHOV",2,1,"2",14,2019
"865",2019,3,36,"none","SAAP",3,0,"2",14,2019
"866",2019,4,1,"none","CEOL",2,0,"1",15,2019
"867",2019,4,1,"none","HEAR",3,0,"1",15,2019
"868",2019,4,1,"none","RHOV",2,1,"1",15,2019
"869",2019,4,1,"none","SAAP",0,3,"1",15,2019
"870",2019,4,2,"full ","CEOL",2,0,"1",15,2019
"871",2019,4,2,"full ","HEAR",3,0,"1",15,2019
"872",2019,4,2,"full ","RHOV",2,1,"1",15,2019
"873",2019,4,2,"full ","SAAP",3,0,"1",15,2019
"874",2019,4,3,"full ","CEOL",2,0,"1",15,2019
"875",2019,4,3,"full ","HEAR",3,0,"1",15,2019
"876",2019,4,3,"full ","RHOV",3,0,"1",15,2019
"877",2019,4,3,"full ","SAAP",3,0,"1",15,2019
"878",2019,4,4,"half ","CEOL",0,2,"1",15,2019
"879",2019,4,4,"half ","HEAR",2,1,"1",15,2019
"880",2019,4,4,"half ","RHOV",1,2,"1",15,2019
"881",2019,4,4,"half ","SAAP",2,1,"1",15,2019
"882",2019,4,5,"half ","CEOL",2,0,"1",15,2019
"883",2019,4,5,"half ","HEAR",3,0,"1",15,2019
"884",2019,4,5,"half ","RHOV",3,0,"1",15,2019
"885",2019,4,5,"half ","SAAP",3,0,"1",15,2019
"886",2019,4,6,"none","CEOL",2,0,"1",15,2019
"887",2019,4,6,"none","HEAR",3,0,"1",15,2019
"888",2019,4,6,"none","RHOV",1,2,"1",15,2019
"889",2019,4,6,"none","SAAP",3,0,"1",15,2019
"890",2019,4,13,"full ","CEOL",1,1,"1",15,2019
"891",2019,4,13,"full ","HEAR",3,0,"1",15,2019
"892",2019,4,13,"full ","RHOV",3,0,"1",15,2019
"893",2019,4,13,"full ","SAAP",3,0,"1",15,2019
"894",2019,4,15,"half ","CEOL",0,2,"1",15,2019
"895",2019,4,15,"half ","HEAR",3,0,"1",15,2019
"896",2019,4,15,"half ","RHOV",0,3,"1",15,2019
"897",2019,4,15,"half ","SAAP",0,3,"1",15,2019
"898",2019,4,16,"full ","CEOL",2,0,"1",15,2019
"899",2019,4,16,"full ","HEAR",2,1,"1",15,2019
"900",2019,4,16,"full ","RHOV",1,2,"1",15,2019
"901",2019,4,16,"full ","SAAP",2,1,"1",15,2019
"902",2019,4,17,"half ","CEOL",2,0,"1",15,2019
"903",2019,4,17,"half ","HEAR",3,0,"1",15,2019
"904",2019,4,17,"half ","RHOV",2,1,"1",15,2019
"905",2019,4,17,"half ","SAAP",1,2,"1",15,2019
"906",2019,5,7,"none","CEOL",0,2,"1",16,2019
"907",2019,5,7,"none","HEAR",3,0,"1",16,2019
"908",2019,5,7,"none","RHOV",2,1,"1",16,2019
"909",2019,5,7,"none","SAAP",3,0,"1",16,2019
"910",2019,5,8,"half ","CEOL",2,0,"1",16,2019
"911",2019,5,8,"half ","HEAR",3,0,"1",16,2019
"912",2019,5,8,"half ","RHOV",1,2,"1",16,2019
"913",2019,5,8,"half ","SAAP",3,0,"1",16,2019
"914",2019,5,9,"full ","CEOL",2,0,"1",16,2019
"915",2019,5,9,"full ","HEAR",3,0,"1",16,2019
"916",2019,5,9,"full ","RHOV",1,2,"1",16,2019
"917",2019,5,9,"full ","SAAP",2,1,"1",16,2019
"918",2019,5,10,"half ","CEOL",2,0,"1",16,2019
"919",2019,5,10,"half ","HEAR",3,0,"1",16,2019
"920",2019,5,10,"half ","RHOV",2,1,"1",16,2019
"921",2019,5,10,"half ","SAAP",2,1,"1",16,2019
"922",2019,5,11,"none","CEOL",2,0,"1",16,2019
"923",2019,5,11,"none","HEAR",3,0,"1",16,2019
"924",2019,5,11,"none","RHOV",2,1,"1",16,2019
"925",2019,5,11,"none","SAAP",2,1,"1",16,2019
"926",2019,5,12,"full ","CEOL",2,0,"1",16,2019
"927",2019,5,12,"full ","HEAR",3,0,"1",16,2019
"928",2019,5,12,"full ","RHOV",1,2,"1",16,2019
"929",2019,5,12,"full ","SAAP",2,1,"1",16,2019
"930",2019,5,14,"none","CEOL",2,0,"1",16,2019
"931",2019,5,14,"none","HEAR",3,0,"1",16,2019
"932",2019,5,14,"none","RHOV",1,2,"1",16,2019
"933",2019,5,14,"none","SAAP",0,3,"1",16,2019
"934",2019,5,18,"none","CEOL",0,2,"1",16,2019
"935",2019,5,18,"none","HEAR",0,3,"1",16,2019
"936",2019,5,18,"none","RHOV",2,1,"1",16,2019
"937",2019,5,18,"none","SAAP",1,2,"1",16,2019
"938",2019,5,19,"full ","CEOL",1,1,"2",16,2019
"939",2019,5,19,"full ","HEAR",3,0,"2",16,2019
"940",2019,5,19,"full ","RHOV",1,2,"2",16,2019
"941",2019,5,19,"full ","SAAP",1,2,"2",16,2019
"942",2019,5,20,"none","CEOL",2,0,"2",16,2019
"943",2019,5,20,"none","HEAR",3,0,"2",16,2019
"944",2019,5,20,"none","RHOV",0,3,"2",16,2019
"945",2019,5,20,"none","SAAP",2,1,"2",16,2019
"946",2019,5,21,"half ","CEOL",1,1,"2",16,2019
"947",2019,5,21,"half ","HEAR",1,2,"2",16,2019
"948",2019,5,21,"half ","RHOV",1,2,"2",16,2019
"949",2019,5,21,"half ","SAAP",2,1,"2",16,2019
"950",2019,5,22,"full ","CEOL",0,1,"2",16,2019
"951",2019,5,22,"full ","HEAR",2,1,"2",16,2019
"952",2019,5,22,"full ","RHOV",2,1,"2",16,2019
"953",2019,5,22,"full ","SAAP",2,1,"2",16,2019
"954",2019,5,23,"half ","CEOL",1,1,"2",16,2019
"955",2019,5,23,"half ","HEAR",3,0,"2",16,2019
"956",2019,5,23,"half ","RHOV",1,2,"2",16,2019
"957",2019,5,23,"half ","SAAP",3,0,"2",16,2019
"958",2019,5,24,"none","CEOL",1,1,"2",16,2019
"959",2019,5,24,"none","HEAR",3,0,"2",16,2019
"960",2019,5,24,"none","RHOV",1,2,"2",16,2019
"961",2019,5,24,"none","SAAP",3,0,"2",16,2019
"962",2019,5,25,"none","CEOL",0,2,"2",16,2019
"963",2019,5,25,"none","HEAR",0,3,"2",16,2019
"964",2019,5,25,"none","RHOV",0,3,"2",16,2019
"965",2019,5,25,"none","SAAP",3,0,"2",16,2019
"966",2019,5,26,"half ","CEOL",0,2,"2",16,2019
"967",2019,5,26,"half ","HEAR",1,2,"2",16,2019
"968",2019,5,26,"half ","RHOV",0,3,"2",16,2019
"969",2019,5,26,"half ","SAAP",0,3,"2",16,2019
"970",2019,5,27,"full ","CEOL",1,1,"2",16,2019
"971",2019,5,27,"full ","HEAR",1,2,"2",16,2019
"972",2019,5,27,"full ","RHOV",1,2,"2",16,2019
"973",2019,5,27,"full ","SAAP",0,3,"2",16,2019
"974",2019,5,28,"half ","CEOL",0,2,"2",16,2019
"975",2019,5,28,"half ","HEAR",1,2,"2",16,2019
"976",2019,5,28,"half ","RHOV",0,3,"2",16,2019
"977",2019,5,28,"half ","SAAP",2,1,"2",16,2019
"978",2019,5,29,"none","CEOL",1,1,"2",16,2019
"979",2019,5,29,"none","HEAR",1,2,"2",16,2019
"980",2019,5,29,"none","RHOV",0,3,"2",16,2019
"981",2019,5,29,"none","SAAP",2,1,"2",16,2019
"982",2019,5,30,"full ","CEOL",0,2,"2",16,2019
"983",2019,5,30,"full ","HEAR",2,1,"2",16,2019
"984",2019,5,30,"full ","RHOV",0,3,"2",16,2019
"985",2019,5,30,"full ","SAAP",2,1,"2",16,2019
"986",2019,5,31,"none","CEOL",2,0,"2",16,2019
"987",2019,5,31,"none","HEAR",2,1,"2",16,2019
"988",2019,5,31,"none","RHOV",1,2,"2",16,2019
"989",2019,5,31,"none","SAAP",2,1,"2",16,2019
"990",2019,5,32,"half ","CEOL",1,1,"2",16,2019
"991",2019,5,32,"half ","HEAR",1,2,"2",16,2019
"992",2019,5,32,"half ","RHOV",0,3,"2",16,2019
"993",2019,5,32,"half ","SAAP",1,2,"2",16,2019
"994",2019,5,33,"full ","CEOL",1,1,"2",16,2019
"995",2019,5,33,"full ","HEAR",1,2,"2",16,2019
"996",2019,5,33,"full ","RHOV",0,3,"2",16,2019
"997",2019,5,33,"full ","SAAP",2,1,"2",16,2019
"998",2019,5,34,"half ","CEOL",1,1,"2",16,2019
"999",2019,5,34,"half ","HEAR",2,1,"2",16,2019
"1000",2019,5,34,"half ","RHOV",0,3,"2",16,2019
"1001",2019,5,34,"half ","SAAP",1,2,"2",16,2019
"1002",2019,5,35,"full ","CEOL",0,2,"2",16,2019
"1003",2019,5,35,"full ","HEAR",2,1,"2",16,2019
"1004",2019,5,35,"full ","RHOV",0,3,"2",16,2019
"1005",2019,5,35,"full ","SAAP",2,1,"2",16,2019
"1006",2019,5,36,"none","CEOL",1,1,"2",16,2019
"1007",2019,5,36,"none","HEAR",2,1,"2",16,2019
"1008",2019,5,36,"none","RHOV",1,2,"2",16,2019
"1009",2019,5,36,"none","SAAP",3,0,"2",16,2019
"1010",2019,6,1,"none","CEOL",2,0,"1",17,2019
"1011",2019,6,1,"none","HEAR",3,0,"1",17,2019
"1012",2019,6,1,"none","RHOV",2,1,"1",17,2019
"1013",2019,6,1,"none","SAAP",0,3,"1",17,2019
"1014",2019,6,2,"full ","CEOL",2,0,"1",17,2019
"1015",2019,6,2,"full ","HEAR",3,0,"1",17,2019
"1016",2019,6,2,"full ","RHOV",2,1,"1",17,2019
"1017",2019,6,2,"full ","SAAP",3,0,"1",17,2019
"1018",2019,6,3,"full ","CEOL",1,1,"1",17,2019
"1019",2019,6,3,"full ","HEAR",3,0,"1",17,2019
"1020",2019,6,3,"full ","RHOV",3,0,"1",17,2019
"1021",2019,6,3,"full ","SAAP",3,0,"1",17,2019
"1022",2019,6,4,"half ","CEOL",0,2,"1",17,2019
"1023",2019,6,4,"half ","HEAR",2,1,"1",17,2019
"1024",2019,6,4,"half ","RHOV",1,2,"1",17,2019
"1025",2019,6,4,"half ","SAAP",2,1,"1",17,2019
"1026",2019,6,5,"half ","CEOL",1,1,"1",17,2019
"1027",2019,6,5,"half ","HEAR",3,0,"1",17,2019
"1028",2019,6,5,"half ","RHOV",3,0,"1",17,2019
"1029",2019,6,5,"half ","SAAP",3,0,"1",17,2019
"1030",2019,6,6,"none","CEOL",2,0,"1",17,2019
"1031",2019,6,6,"none","HEAR",3,0,"1",17,2019
"1032",2019,6,6,"none","RHOV",1,2,"1",17,2019
"1033",2019,6,6,"none","SAAP",3,0,"1",17,2019
"1034",2019,6,7,"none","CEOL",0,2,"1",17,2019
"1035",2019,6,7,"none","HEAR",3,0,"1",17,2019
"1036",2019,6,7,"none","RHOV",2,1,"1",17,2019
"1037",2019,6,7,"none","SAAP",2,1,"1",17,2019
"1038",2019,6,8,"half ","CEOL",1,1,"1",17,2019
"1039",2019,6,8,"half ","HEAR",3,0,"1",17,2019
"1040",2019,6,8,"half ","RHOV",2,1,"1",17,2019
"1041",2019,6,8,"half ","SAAP",3,0,"1",17,2019
"1042",2019,6,9,"full ","CEOL",2,0,"1",17,2019
"1043",2019,6,9,"full ","HEAR",3,0,"1",17,2019
"1044",2019,6,9,"full ","RHOV",1,2,"1",17,2019
"1045",2019,6,9,"full ","SAAP",2,1,"1",17,2019
"1046",2019,6,10,"half ","CEOL",1,1,"1",17,2019
"1047",2019,6,10,"half ","HEAR",3,0,"1",17,2019
"1048",2019,6,10,"half ","RHOV",2,1,"1",17,2019
"1049",2019,6,10,"half ","SAAP",2,1,"1",17,2019
"1050",2019,6,11,"none","CEOL",2,0,"1",17,2019
"1051",2019,6,11,"none","HEAR",3,0,"1",17,2019
"1052",2019,6,11,"none","RHOV",1,2,"1",17,2019
"1053",2019,6,11,"none","SAAP",2,1,"1",17,2019
"1054",2019,6,12,"full ","CEOL",1,1,"1",17,2019
"1055",2019,6,12,"full ","HEAR",3,0,"1",17,2019
"1056",2019,6,12,"full ","RHOV",1,2,"1",17,2019
"1057",2019,6,12,"full ","SAAP",2,1,"1",17,2019
"1058",2019,6,13,"full ","CEOL",1,1,"1",17,2019
"1059",2019,6,13,"full ","HEAR",2,1,"1",17,2019
"1060",2019,6,13,"full ","RHOV",3,0,"1",17,2019
"1061",2019,6,13,"full ","SAAP",3,0,"1",17,2019
"1062",2019,6,14,"none","CEOL",1,1,"1",17,2019
"1063",2019,6,14,"none","HEAR",3,0,"1",17,2019
"1064",2019,6,14,"none","RHOV",1,2,"1",17,2019
"1065",2019,6,14,"none","SAAP",0,3,"1",17,2019
"1066",2019,6,15,"half ","CEOL",0,2,"1",17,2019
"1067",2019,6,15,"half ","HEAR",3,0,"1",17,2019
"1068",2019,6,15,"half ","RHOV",0,3,"1",17,2019
"1069",2019,6,15,"half ","SAAP",0,3,"1",17,2019
"1070",2019,6,16,"full ","CEOL",1,1,"1",17,2019
"1071",2019,6,16,"full ","HEAR",2,1,"1",17,2019
"1072",2019,6,16,"full ","RHOV",1,2,"1",17,2019
"1073",2019,6,16,"full ","SAAP",2,1,"1",17,2019
"1074",2019,6,17,"half ","CEOL",2,0,"1",17,2019
"1075",2019,6,17,"half ","HEAR",3,0,"1",17,2019
"1076",2019,6,17,"half ","RHOV",2,1,"1",17,2019
"1077",2019,6,17,"half ","SAAP",1,2,"1",17,2019
"1078",2019,6,18,"none","CEOL",0,2,"1",17,2019
"1079",2019,6,18,"none","HEAR",0,3,"1",17,2019
"1080",2019,6,18,"none","RHOV",0,3,"1",17,2019
"1081",2019,6,18,"none","SAAP",0,3,"1",17,2019
"1082",2019,6,19,"full ","CEOL",0,2,"2",17,2019
"1083",2019,6,19,"full ","HEAR",1,2,"2",17,2019
"1084",2019,6,19,"full ","RHOV",0,3,"2",17,2019
"1085",2019,6,19,"full ","SAAP",1,2,"2",17,2019
"1086",2019,6,20,"none","CEOL",0,2,"2",17,2019
"1087",2019,6,20,"none","HEAR",3,0,"2",17,2019
"1088",2019,6,20,"none","RHOV",0,3,"2",17,2019
"1089",2019,6,20,"none","SAAP",2,1,"2",17,2019
"1090",2019,6,21,"half ","CEOL",1,1,"2",17,2019
"1091",2019,6,21,"half ","HEAR",0,3,"2",17,2019
"1092",2019,6,21,"half ","RHOV",1,2,"2",17,2019
"1093",2019,6,21,"half ","SAAP",2,1,"2",17,2019
"1094",2019,6,22,"full ","CEOL",0,1,"2",17,2019
"1095",2019,6,22,"full ","HEAR",1,2,"2",17,2019
"1096",2019,6,22,"full ","RHOV",0,3,"2",17,2019
"1097",2019,6,22,"full ","SAAP",1,2,"2",17,2019
"1098",2019,6,23,"half ","CEOL",0,2,"2",17,2019
"1099",2019,6,23,"half ","HEAR",2,1,"2",17,2019
"1100",2019,6,23,"half ","RHOV",1,2,"2",17,2019
"1101",2019,6,23,"half ","SAAP",3,0,"2",17,2019
"1102",2019,6,24,"none","CEOL",0,2,"2",17,2019
"1103",2019,6,24,"none","HEAR",3,0,"2",17,2019
"1104",2019,6,24,"none","RHOV",1,2,"2",17,2019
"1105",2019,6,24,"none","SAAP",3,0,"2",17,2019
"1106",2019,6,25,"none","CEOL",0,2,"2",17,2019
"1107",2019,6,25,"none","HEAR",0,3,"2",17,2019
"1108",2019,6,25,"none","RHOV",0,3,"2",17,2019
"1109",2019,6,25,"none","SAAP",3,0,"2",17,2019
"1110",2019,6,26,"half ","CEOL",0,2,"2",17,2019
"1111",2019,6,26,"half ","HEAR",0,3,"2",17,2019
"1112",2019,6,26,"half ","RHOV",0,3,"2",17,2019
"1113",2019,6,26,"half ","SAAP",0,3,"2",17,2019
"1114",2019,6,27,"full ","CEOL",0,2,"2",17,2019
"1115",2019,6,27,"full ","HEAR",0,3,"2",17,2019
"1116",2019,6,27,"full ","RHOV",0,3,"2",17,2019
"1117",2019,6,27,"full ","SAAP",0,3,"2",17,2019
"1118",2019,6,28,"half ","CEOL",0,2,"2",17,2019
"1119",2019,6,28,"half ","HEAR",0,3,"2",17,2019
"1120",2019,6,28,"half ","RHOV",0,3,"2",17,2019
"1121",2019,6,28,"half ","SAAP",0,3,"2",17,2019
"1122",2019,6,29,"none","CEOL",1,1,"2",17,2019
"1123",2019,6,29,"none","HEAR",0,3,"2",17,2019
"1124",2019,6,29,"none","RHOV",0,3,"2",17,2019
"1125",2019,6,29,"none","SAAP",1,2,"2",17,2019
"1126",2019,6,30,"full ","CEOL",0,2,"2",17,2019
"1127",2019,6,30,"full ","HEAR",1,2,"2",17,2019
"1128",2019,6,30,"full ","RHOV",0,3,"2",17,2019
"1129",2019,6,30,"full ","SAAP",3,0,"2",17,2019
"1130",2019,6,31,"none","CEOL",0,2,"2",17,2019
"1131",2019,6,31,"none","HEAR",3,0,"2",17,2019
"1132",2019,6,31,"none","RHOV",0,3,"2",17,2019
"1133",2019,6,31,"none","SAAP",1,2,"2",17,2019
"1134",2019,6,32,"half ","CEOL",0,2,"2",17,2019
"1135",2019,6,32,"half ","HEAR",0,3,"2",17,2019
"1136",2019,6,32,"half ","RHOV",0,3,"2",17,2019
"1137",2019,6,32,"half ","SAAP",1,2,"2",17,2019
"1138",2019,6,33,"full ","CEOL",0,2,"2",17,2019
"1139",2019,6,33,"full ","HEAR",1,2,"2",17,2019
"1140",2019,6,33,"full ","RHOV",1,2,"2",17,2019
"1141",2019,6,33,"full ","SAAP",2,1,"2",17,2019
"1142",2019,6,34,"half ","CEOL",0,2,"2",17,2019
"1143",2019,6,34,"half ","HEAR",1,2,"2",17,2019
"1144",2019,6,34,"half ","RHOV",0,3,"2",17,2019
"1145",2019,6,34,"half ","SAAP",2,1,"2",17,2019
"1146",2019,6,35,"full ","CEOL",0,2,"2",17,2019
"1147",2019,6,35,"full ","HEAR",2,1,"2",17,2019
"1148",2019,6,35,"full ","RHOV",0,3,"2",17,2019
"1149",2019,6,35,"full ","SAAP",2,1,"2",17,2019
"1150",2019,6,36,"none","CEOL",0,2,"2",17,2019
"1151",2019,6,36,"none","HEAR",1,2,"2",17,2019
"1152",2019,6,36,"none","RHOV",0,3,"2",17,2019
"1153",2019,6,36,"none","SAAP",2,1,"2",17,2019
"1154",2019,9,1,"none","CEOL",1,1,"1",20,2019
"1155",2019,9,1,"none","HEAR",3,0,"1",20,2019
"1156",2019,9,1,"none","RHOV",1,2,"1",20,2019
"1157",2019,9,1,"none","SAAP",0,3,"1",20,2019
"1158",2019,9,2,"full ","CEOL",1,1,"1",20,2019
"1159",2019,9,2,"full ","HEAR",1,2,"1",20,2019
"1160",2019,9,2,"full ","RHOV",0,3,"1",20,2019
"1161",2019,9,2,"full ","SAAP",3,0,"1",20,2019
"1162",2019,9,3,"full ","CEOL",0,2,"1",20,2019
"1163",2019,9,3,"full ","HEAR",1,2,"1",20,2019
"1164",2019,9,3,"full ","RHOV",0,3,"1",20,2019
"1165",2019,9,3,"full ","SAAP",1,2,"1",20,2019
"1166",2019,9,4,"half ","CEOL",0,2,"1",20,2019
"1167",2019,9,4,"half ","HEAR",1,2,"1",20,2019
"1168",2019,9,4,"half ","RHOV",0,3,"1",20,2019
"1169",2019,9,4,"half ","SAAP",3,0,"1",20,2019
"1170",2019,9,5,"half ","CEOL",1,1,"1",20,2019
"1171",2019,9,5,"half ","HEAR",3,0,"1",20,2019
"1172",2019,9,5,"half ","RHOV",2,1,"1",20,2019
"1173",2019,9,5,"half ","SAAP",3,0,"1",20,2019
"1174",2019,9,6,"none","CEOL",0,2,"1",20,2019
"1175",2019,9,6,"none","HEAR",2,1,"1",20,2019
"1176",2019,9,6,"none","RHOV",1,2,"1",20,2019
"1177",2019,9,6,"none","SAAP",1,2,"1",20,2019
"1178",2019,9,7,"none","CEOL",0,2,"1",20,2019
"1179",2019,9,7,"none","HEAR",2,1,"1",20,2019
"1180",2019,9,7,"none","RHOV",0,3,"1",20,2019
"1181",2019,9,7,"none","SAAP",2,1,"1",20,2019
"1182",2019,9,8,"half ","CEOL",0,2,"1",20,2019
"1183",2019,9,8,"half ","HEAR",3,0,"1",20,2019
"1184",2019,9,8,"half ","RHOV",1,2,"1",20,2019
"1185",2019,9,8,"half ","SAAP",3,0,"1",20,2019
"1186",2019,9,9,"full ","CEOL",1,1,"1",20,2019
"1187",2019,9,9,"full ","HEAR",3,0,"1",20,2019
"1188",2019,9,9,"full ","RHOV",1,2,"1",20,2019
"1189",2019,9,9,"full ","SAAP",1,2,"1",20,2019
"1190",2019,9,10,"half ","CEOL",1,1,"1",20,2019
"1191",2019,9,10,"half ","HEAR",3,0,"1",20,2019
"1192",2019,9,10,"half ","RHOV",1,2,"1",20,2019
"1193",2019,9,10,"half ","SAAP",2,1,"1",20,2019
"1194",2019,9,11,"none","CEOL",0,2,"1",20,2019
"1195",2019,9,11,"none","HEAR",0,3,"1",20,2019
"1196",2019,9,11,"none","RHOV",1,2,"1",20,2019
"1197",2019,9,11,"none","SAAP",2,1,"1",20,2019
"1198",2019,9,12,"full ","CEOL",1,1,"1",20,2019
"1199",2019,9,12,"full ","HEAR",3,0,"1",20,2019
"1200",2019,9,12,"full ","RHOV",0,3,"1",20,2019
"1201",2019,9,12,"full ","SAAP",1,2,"1",20,2019
"1202",2019,9,13,"full ","CEOL",0,2,"1",20,2019
"1203",2019,9,13,"full ","HEAR",0,3,"1",20,2019
"1204",2019,9,13,"full ","RHOV",0,3,"1",20,2019
"1205",2019,9,13,"full ","SAAP",1,2,"1",20,2019
"1206",2019,9,14,"none","CEOL",0,2,"1",20,2019
"1207",2019,9,14,"none","HEAR",1,2,"1",20,2019
"1208",2019,9,14,"none","RHOV",0,3,"1",20,2019
"1209",2019,9,14,"none","SAAP",0,3,"1",20,2019
"1210",2019,9,15,"half ","CEOL",0,2,"1",20,2019
"1211",2019,9,15,"half ","HEAR",3,0,"1",20,2019
"1212",2019,9,15,"half ","RHOV",0,3,"1",20,2019
"1213",2019,9,15,"half ","SAAP",0,3,"1",20,2019
"1214",2019,9,16,"full ","CEOL",0,2,"1",20,2019
"1215",2019,9,16,"full ","HEAR",1,2,"1",20,2019
"1216",2019,9,16,"full ","RHOV",0,3,"1",20,2019
"1217",2019,9,16,"full ","SAAP",2,1,"1",20,2019
"1218",2019,9,17,"half ","CEOL",2,0,"1",20,2019
"1219",2019,9,17,"half ","HEAR",3,0,"1",20,2019
"1220",2019,9,17,"half ","RHOV",1,2,"1",20,2019
"1221",2019,9,17,"half ","SAAP",0,3,"1",20,2019
"1222",2019,9,18,"none","CEOL",0,2,"1",20,2019
"1223",2019,9,18,"none","HEAR",0,3,"1",20,2019
"1224",2019,9,18,"none","RHOV",0,3,"1",20,2019
"1225",2019,9,18,"none","SAAP",0,3,"1",20,2019
"1226",2019,9,19,"full ","CEOL",0,2,"2",20,2019
"1227",2019,9,19,"full ","HEAR",0,3,"2",20,2019
"1228",2019,9,19,"full ","RHOV",0,3,"2",20,2019
"1229",2019,9,19,"full ","SAAP",0,3,"2",20,2019
"1230",2019,9,20,"none","CEOL",0,2,"2",20,2019
"1231",2019,9,20,"none","HEAR",2,1,"2",20,2019
"1232",2019,9,20,"none","RHOV",0,3,"2",20,2019
"1233",2019,9,20,"none","SAAP",0,3,"2",20,2019
"1234",2019,9,21,"half ","CEOL",1,1,"2",20,2019
"1235",2019,9,21,"half ","HEAR",0,3,"2",20,2019
"1236",2019,9,21,"half ","RHOV",0,3,"2",20,2019
"1237",2019,9,21,"half ","SAAP",1,2,"2",20,2019
"1238",2019,9,22,"full ","CEOL",0,1,"2",20,2019
"1239",2019,9,22,"full ","HEAR",0,3,"2",20,2019
"1240",2019,9,22,"full ","RHOV",0,3,"2",20,2019
"1241",2019,9,22,"full ","SAAP",1,2,"2",20,2019
"1242",2019,9,23,"half ","CEOL",0,2,"2",20,2019
"1243",2019,9,23,"half ","HEAR",2,1,"2",20,2019
"1244",2019,9,23,"half ","RHOV",0,3,"2",20,2019
"1245",2019,9,23,"half ","SAAP",1,2,"2",20,2019
"1246",2019,9,24,"none","CEOL",0,2,"2",20,2019
"1247",2019,9,24,"none","HEAR",2,1,"2",20,2019
"1248",2019,9,24,"none","RHOV",0,3,"2",20,2019
"1249",2019,9,24,"none","SAAP",1,2,"2",20,2019
"1250",2019,9,25,"none","CEOL",0,2,"2",20,2019
"1251",2019,9,25,"none","HEAR",0,3,"2",20,2019
"1252",2019,9,25,"none","RHOV",0,3,"2",20,2019
"1253",2019,9,25,"none","SAAP",1,2,"2",20,2019
"1254",2019,9,26,"half ","CEOL",0,2,"2",20,2019
"1255",2019,9,26,"half ","HEAR",0,3,"2",20,2019
"1256",2019,9,26,"half ","RHOV",0,3,"2",20,2019
"1257",2019,9,26,"half ","SAAP",0,3,"2",20,2019
"1258",2019,9,27,"full ","CEOL",0,2,"2",20,2019
"1259",2019,9,27,"full ","HEAR",0,3,"2",20,2019
"1260",2019,9,27,"full ","RHOV",0,3,"2",20,2019
"1261",2019,9,27,"full ","SAAP",0,3,"2",20,2019
"1262",2019,9,28,"half ","CEOL",0,2,"2",20,2019
"1263",2019,9,28,"half ","HEAR",0,3,"2",20,2019
"1264",2019,9,28,"half ","RHOV",0,3,"2",20,2019
"1265",2019,9,28,"half ","SAAP",0,3,"2",20,2019
"1266",2019,9,29,"none","CEOL",0,2,"2",20,2019
"1267",2019,9,29,"none","HEAR",0,3,"2",20,2019
"1268",2019,9,29,"none","RHOV",0,3,"2",20,2019
"1269",2019,9,29,"none","SAAP",1,2,"2",20,2019
"1270",2019,9,30,"full ","CEOL",0,2,"2",20,2019
"1271",2019,9,30,"full ","HEAR",0,3,"2",20,2019
"1272",2019,9,30,"full ","RHOV",0,3,"2",20,2019
"1273",2019,9,30,"full ","SAAP",2,1,"2",20,2019
"1274",2019,9,31,"none","CEOL",0,2,"2",20,2019
"1275",2019,9,31,"none","HEAR",1,2,"2",20,2019
"1276",2019,9,31,"none","RHOV",0,3,"2",20,2019
"1277",2019,9,31,"none","SAAP",1,2,"2",20,2019
"1278",2019,9,32,"half ","CEOL",0,2,"2",20,2019
"1279",2019,9,32,"half ","HEAR",0,3,"2",20,2019
"1280",2019,9,32,"half ","RHOV",0,3,"2",20,2019
"1281",2019,9,32,"half ","SAAP",0,3,"2",20,2019
"1282",2019,9,33,"full ","CEOL",0,2,"2",20,2019
"1283",2019,9,33,"full ","HEAR",0,3,"2",20,2019
"1284",2019,9,33,"full ","RHOV",0,3,"2",20,2019
"1285",2019,9,33,"full ","SAAP",3,0,"2",20,2019
"1286",2019,9,34,"half ","CEOL",0,2,"2",20,2019
"1287",2019,9,34,"half ","HEAR",1,2,"2",20,2019
"1288",2019,9,34,"half ","RHOV",0,3,"2",20,2019
"1289",2019,9,34,"half ","SAAP",2,1,"2",20,2019
"1290",2019,9,35,"full ","CEOL",0,2,"2",20,2019
"1291",2019,9,35,"full ","HEAR",0,3,"2",20,2019
"1292",2019,9,35,"full ","RHOV",0,3,"2",20,2019
"1293",2019,9,35,"full ","SAAP",1,2,"2",20,2019
"1294",2019,9,36,"none","CEOL",0,2,"2",20,2019
"1295",2019,9,36,"none","HEAR",0,3,"2",20,2019
"1296",2019,9,36,"none","RHOV",0,3,"2",20,2019
"1297",2019,9,36,"none","SAAP",0,3,"2",20,2019
"1298",2019,11,1,"none","CEOL",1,1,"1",22,2019
"1299",2019,11,1,"none","HEAR",1,2,"1",22,2019
"1300",2019,11,1,"none","RHOV",1,2,"1",22,2019
"1301",2019,11,1,"none","SAAP",0,3,"1",22,2019
"1302",2019,11,2,"full ","CEOL",0,2,"1",22,2019
"1303",2019,11,2,"full ","HEAR",0,3,"1",22,2019
"1304",2019,11,2,"full ","RHOV",0,3,"1",22,2019
"1305",2019,11,2,"full ","SAAP",2,1,"1",22,2019
"1306",2019,11,3,"full ","CEOL",0,2,"1",22,2019
"1307",2019,11,3,"full ","HEAR",1,2,"1",22,2019
"1308",2019,11,3,"full ","RHOV",0,3,"1",22,2019
"1309",2019,11,3,"full ","SAAP",2,1,"1",22,2019
"1310",2019,11,4,"half ","CEOL",0,2,"1",22,2019
"1311",2019,11,4,"half ","HEAR",1,2,"1",22,2019
"1312",2019,11,4,"half ","RHOV",0,3,"1",22,2019
"1313",2019,11,4,"half ","SAAP",1,2,"1",22,2019
"1314",2019,11,5,"half ","CEOL",0,2,"1",22,2019
"1315",2019,11,5,"half ","HEAR",3,0,"1",22,2019
"1316",2019,11,5,"half ","RHOV",0,3,"1",22,2019
"1317",2019,11,5,"half ","SAAP",3,0,"1",22,2019
"1318",2019,11,6,"none","CEOL",0,2,"1",22,2019
"1319",2019,11,6,"none","HEAR",1,2,"1",22,2019
"1320",2019,11,6,"none","RHOV",1,2,"1",22,2019
"1321",2019,11,6,"none","SAAP",2,1,"1",22,2019
"1322",2019,11,7,"none","CEOL",0,2,"1",22,2019
"1323",2019,11,7,"none","HEAR",2,1,"1",22,2019
"1324",2019,11,7,"none","RHOV",0,3,"1",22,2019
"1325",2019,11,7,"none","SAAP",2,1,"1",22,2019
"1326",2019,11,8,"half ","CEOL",0,2,"1",22,2019
"1327",2019,11,8,"half ","HEAR",2,1,"1",22,2019
"1328",2019,11,8,"half ","RHOV",1,2,"1",22,2019
"1329",2019,11,8,"half ","SAAP",1,2,"1",22,2019
"1330",2019,11,9,"full ","CEOL",1,1,"1",22,2019
"1331",2019,11,9,"full ","HEAR",3,0,"1",22,2019
"1332",2019,11,9,"full ","RHOV",0,3,"1",22,2019
"1333",2019,11,9,"full ","SAAP",1,2,"1",22,2019
"1334",2019,11,10,"half ","CEOL",1,1,"1",22,2019
"1335",2019,11,10,"half ","HEAR",2,1,"1",22,2019
"1336",2019,11,10,"half ","RHOV",1,2,"1",22,2019
"1337",2019,11,10,"half ","SAAP",2,1,"1",22,2019
"1338",2019,11,11,"none","CEOL",0,2,"1",22,2019
"1339",2019,11,11,"none","HEAR",0,3,"1",22,2019
"1340",2019,11,11,"none","RHOV",1,2,"1",22,2019
"1341",2019,11,11,"none","SAAP",2,1,"1",22,2019
"1342",2019,11,12,"full ","CEOL",1,1,"1",22,2019
"1343",2019,11,12,"full ","HEAR",3,0,"1",22,2019
"1344",2019,11,12,"full ","RHOV",0,3,"1",22,2019
"1345",2019,11,12,"full ","SAAP",1,2,"1",22,2019
"1346",2019,11,13,"full ","CEOL",0,2,"1",22,2019
"1347",2019,11,13,"full ","HEAR",0,3,"1",22,2019
"1348",2019,11,13,"full ","RHOV",0,3,"1",22,2019
"1349",2019,11,13,"full ","SAAP",0,3,"1",22,2019
"1350",2019,11,14,"none","CEOL",0,2,"1",22,2019
"1351",2019,11,14,"none","HEAR",0,3,"1",22,2019
"1352",2019,11,14,"none","RHOV",0,3,"1",22,2019
"1353",2019,11,14,"none","SAAP",0,3,"1",22,2019
"1354",2019,11,15,"half ","CEOL",0,2,"1",22,2019
"1355",2019,11,15,"half ","HEAR",3,0,"1",22,2019
"1356",2019,11,15,"half ","RHOV",0,3,"1",22,2019
"1357",2019,11,15,"half ","SAAP",0,3,"1",22,2019
"1358",2019,11,16,"full ","CEOL",0,2,"1",22,2019
"1359",2019,11,16,"full ","HEAR",1,2,"1",22,2019
"1360",2019,11,16,"full ","RHOV",0,3,"1",22,2019
"1361",2019,11,16,"full ","SAAP",2,1,"1",22,2019
"1362",2019,11,17,"half ","CEOL",2,0,"1",22,2019
"1363",2019,11,17,"half ","HEAR",3,0,"1",22,2019
"1364",2019,11,17,"half ","RHOV",1,2,"1",22,2019
"1365",2019,11,17,"half ","SAAP",0,3,"1",22,2019
"1366",2019,11,18,"none","CEOL",0,2,"1",22,2019
"1367",2019,11,18,"none","HEAR",0,3,"1",22,2019
"1368",2019,11,18,"none","RHOV",0,3,"1",22,2019
"1369",2019,11,18,"none","SAAP",0,3,"1",22,2019
"1370",2019,11,19,"full ","CEOL",0,2,"2",22,2019
"1371",2019,11,19,"full ","HEAR",0,3,"2",22,2019
"1372",2019,11,19,"full ","RHOV",0,3,"2",22,2019
"1373",2019,11,19,"full ","SAAP",0,3,"2",22,2019
"1374",2019,11,20,"none","CEOL",0,2,"2",22,2019
"1375",2019,11,20,"none","HEAR",2,1,"2",22,2019
"1376",2019,11,20,"none","RHOV",0,3,"2",22,2019
"1377",2019,11,20,"none","SAAP",0,3,"2",22,2019
"1378",2019,11,21,"half ","CEOL",0,2,"2",22,2019
"1379",2019,11,21,"half ","HEAR",0,3,"2",22,2019
"1380",2019,11,21,"half ","RHOV",0,3,"2",22,2019
"1381",2019,11,21,"half ","SAAP",1,2,"2",22,2019
"1382",2019,11,22,"full ","CEOL",0,1,"2",22,2019
"1383",2019,11,22,"full ","HEAR",0,3,"2",22,2019
"1384",2019,11,22,"full ","RHOV",0,3,"2",22,2019
"1385",2019,11,22,"full ","SAAP",1,2,"2",22,2019
"1386",2019,11,23,"half ","CEOL",0,2,"2",22,2019
"1387",2019,11,23,"half ","HEAR",2,1,"2",22,2019
"1388",2019,11,23,"half ","RHOV",0,3,"2",22,2019
"1389",2019,11,23,"half ","SAAP",1,2,"2",22,2019
"1390",2019,11,24,"none","CEOL",0,2,"2",22,2019
"1391",2019,11,24,"none","HEAR",1,2,"2",22,2019
"1392",2019,11,24,"none","RHOV",0,3,"2",22,2019
"1393",2019,11,24,"none","SAAP",1,2,"2",22,2019
"1394",2019,11,25,"none","CEOL",0,2,"2",22,2019
"1395",2019,11,25,"none","HEAR",0,3,"2",22,2019
"1396",2019,11,25,"none","RHOV",0,3,"2",22,2019
"1397",2019,11,25,"none","SAAP",1,2,"2",22,2019
"1398",2019,11,26,"half ","CEOL",0,2,"2",22,2019
"1399",2019,11,26,"half ","HEAR",0,3,"2",22,2019
"1400",2019,11,26,"half ","RHOV",0,3,"2",22,2019
"1401",2019,11,26,"half ","SAAP",0,3,"2",22,2019
"1402",2019,11,27,"full ","CEOL",0,2,"2",22,2019
"1403",2019,11,27,"full ","HEAR",0,3,"2",22,2019
"1404",2019,11,27,"full ","RHOV",0,3,"2",22,2019
"1405",2019,11,27,"full ","SAAP",0,3,"2",22,2019
"1406",2019,11,28,"half ","CEOL",0,2,"2",22,2019
"1407",2019,11,28,"half ","HEAR",0,3,"2",22,2019
"1408",2019,11,28,"half ","RHOV",0,3,"2",22,2019
"1409",2019,11,28,"half ","SAAP",0,3,"2",22,2019
"1410",2019,11,29,"none","CEOL",0,2,"2",22,2019
"1411",2019,11,29,"none","HEAR",0,3,"2",22,2019
"1412",2019,11,29,"none","RHOV",0,3,"2",22,2019
"1413",2019,11,29,"none","SAAP",1,2,"2",22,2019
"1414",2019,11,30,"full ","CEOL",0,2,"2",22,2019
"1415",2019,11,30,"full ","HEAR",0,3,"2",22,2019
"1416",2019,11,30,"full ","RHOV",0,3,"2",22,2019
"1417",2019,11,30,"full ","SAAP",2,1,"2",22,2019
"1418",2019,11,31,"none","CEOL",0,2,"2",22,2019
"1419",2019,11,31,"none","HEAR",1,2,"2",22,2019
"1420",2019,11,31,"none","RHOV",0,3,"2",22,2019
"1421",2019,11,31,"none","SAAP",1,2,"2",22,2019
"1422",2019,11,32,"half ","CEOL",0,2,"2",22,2019
"1423",2019,11,32,"half ","HEAR",0,3,"2",22,2019
"1424",2019,11,32,"half ","RHOV",0,3,"2",22,2019
"1425",2019,11,32,"half ","SAAP",0,3,"2",22,2019
"1426",2019,11,33,"full ","CEOL",0,2,"2",22,2019
"1427",2019,11,33,"full ","HEAR",0,3,"2",22,2019
"1428",2019,11,33,"full ","RHOV",0,3,"2",22,2019
"1429",2019,11,33,"full ","SAAP",2,1,"2",22,2019
"1430",2019,11,34,"half ","CEOL",0,2,"2",22,2019
"1431",2019,11,34,"half ","HEAR",1,2,"2",22,2019
"1432",2019,11,34,"half ","RHOV",0,3,"2",22,2019
"1433",2019,11,34,"half ","SAAP",2,1,"2",22,2019
"1434",2019,11,35,"full ","CEOL",0,2,"2",22,2019
"1435",2019,11,35,"full ","HEAR",0,3,"2",22,2019
"1436",2019,11,35,"full ","RHOV",0,3,"2",22,2019
"1437",2019,11,35,"full ","SAAP",1,2,"2",22,2019
"1438",2019,11,36,"none","CEOL",0,2,"2",22,2019
"1439",2019,11,36,"none","HEAR",0,3,"2",22,2019
"1440",2019,11,36,"none","RHOV",0,3,"2",22,2019
"1441",2019,11,36,"none","SAAP",0,3,"2",22,2019
"1442",2020,3,1,"none","CEOL",0,2,"1",26,2019
"1443",2020,3,1,"none","HEAR",0,3,"1",26,2019
"1444",2020,3,1,"none","RHOV",0,3,"1",26,2019
"1445",2020,3,1,"none","SAAP",0,3,"1",26,2019
"1446",2020,3,2,"full ","CEOL",0,2,"1",26,2019
"1447",2020,3,2,"full ","HEAR",0,3,"1",26,2019
"1448",2020,3,2,"full ","RHOV",0,3,"1",26,2019
"1449",2020,3,2,"full ","SAAP",2,1,"1",26,2019
"1450",2020,3,3,"full ","CEOL",0,2,"1",26,2019
"1451",2020,3,3,"full ","HEAR",1,2,"1",26,2019
"1452",2020,3,3,"full ","RHOV",0,3,"1",26,2019
"1453",2020,3,3,"full ","SAAP",1,2,"1",26,2019
"1454",2020,3,4,"half ","CEOL",0,2,"1",26,2019
"1455",2020,3,4,"half ","HEAR",1,2,"1",26,2019
"1456",2020,3,4,"half ","RHOV",0,3,"1",26,2019
"1457",2020,3,4,"half ","SAAP",0,3,"1",26,2019
"1458",2020,3,5,"half ","CEOL",0,2,"1",26,2019
"1459",2020,3,5,"half ","HEAR",2,1,"1",26,2019
"1460",2020,3,5,"half ","RHOV",0,3,"1",26,2019
"1461",2020,3,5,"half ","SAAP",3,0,"1",26,2019
"1462",2020,3,6,"none","CEOL",0,2,"1",26,2019
"1463",2020,3,6,"none","HEAR",0,3,"1",26,2019
"1464",2020,3,6,"none","RHOV",0,3,"1",26,2019
"1465",2020,3,6,"none","SAAP",0,3,"1",26,2019
"1466",2020,3,7,"none","CEOL",0,2,"1",26,2019
"1467",2020,3,7,"none","HEAR",0,3,"1",26,2019
"1468",2020,3,7,"none","RHOV",0,3,"1",26,2019
"1469",2020,3,7,"none","SAAP",1,2,"1",26,2019
"1470",2020,3,8,"half ","CEOL",0,2,"1",26,2019
"1471",2020,3,8,"half ","HEAR",1,2,"1",26,2019
"1472",2020,3,8,"half ","RHOV",1,2,"1",26,2019
"1473",2020,3,8,"half ","SAAP",1,2,"1",26,2019
"1474",2020,3,9,"full ","CEOL",1,1,"1",26,2019
"1475",2020,3,9,"full ","HEAR",3,0,"1",26,2019
"1476",2020,3,9,"full ","RHOV",0,3,"1",26,2019
"1477",2020,3,9,"full ","SAAP",1,2,"1",26,2019
"1478",2020,3,10,"half ","CEOL",0,2,"1",26,2019
"1479",2020,3,10,"half ","HEAR",2,1,"1",26,2019
"1480",2020,3,10,"half ","RHOV",0,3,"1",26,2019
"1481",2020,3,10,"half ","SAAP",1,2,"1",26,2019
"1482",2020,3,11,"none","CEOL",0,2,"1",26,2019
"1483",2020,3,11,"none","HEAR",0,3,"1",26,2019
"1484",2020,3,11,"none","RHOV",1,2,"1",26,2019
"1485",2020,3,11,"none","SAAP",1,2,"1",26,2019
"1486",2020,3,12,"full ","CEOL",0,2,"1",26,2019
"1487",2020,3,12,"full ","HEAR",2,1,"1",26,2019
"1488",2020,3,12,"full ","RHOV",0,3,"1",26,2019
"1489",2020,3,12,"full ","SAAP",1,2,"1",26,2019
"1490",2020,3,13,"full ","CEOL",0,2,"1",26,2019
"1491",2020,3,13,"full ","HEAR",0,3,"1",26,2019
"1492",2020,3,13,"full ","RHOV",0,3,"1",26,2019
"1493",2020,3,13,"full ","SAAP",0,3,"1",26,2019
"1494",2020,3,14,"none","CEOL",0,2,"1",26,2019
"1495",2020,3,14,"none","HEAR",0,3,"1",26,2019
"1496",2020,3,14,"none","RHOV",0,3,"1",26,2019
"1497",2020,3,14,"none","SAAP",0,3,"1",26,2019
"1498",2020,3,15,"half ","CEOL",0,2,"1",26,2019
"1499",2020,3,15,"half ","HEAR",2,1,"1",26,2019
"1500",2020,3,15,"half ","RHOV",0,3,"1",26,2019
"1501",2020,3,15,"half ","SAAP",0,3,"1",26,2019
"1502",2020,3,16,"full ","CEOL",0,2,"1",26,2019
"1503",2020,3,16,"full ","HEAR",1,2,"1",26,2019
"1504",2020,3,16,"full ","RHOV",0,3,"1",26,2019
"1505",2020,3,16,"full ","SAAP",2,1,"1",26,2019
"1506",2020,3,17,"half ","CEOL",0,2,"1",26,2019
"1507",2020,3,17,"half ","HEAR",3,0,"1",26,2019
"1508",2020,3,17,"half ","RHOV",0,3,"1",26,2019
"1509",2020,3,17,"half ","SAAP",0,3,"1",26,2019
"1510",2020,3,18,"none","CEOL",0,2,"1",26,2019
"1511",2020,3,18,"none","HEAR",0,3,"1",26,2019
"1512",2020,3,18,"none","RHOV",0,3,"1",26,2019
"1513",2020,3,18,"none","SAAP",0,3,"1",26,2019
"1514",2020,3,19,"full ","CEOL",0,2,"2",26,2019
"1515",2020,3,19,"full ","HEAR",0,3,"2",26,2019
"1516",2020,3,19,"full ","RHOV",0,3,"2",26,2019
"1517",2020,3,19,"full ","SAAP",0,3,"2",26,2019
"1518",2020,3,20,"none","CEOL",0,2,"2",26,2019
"1519",2020,3,20,"none","HEAR",0,3,"2",26,2019
"1520",2020,3,20,"none","RHOV",0,3,"2",26,2019
"1521",2020,3,20,"none","SAAP",0,3,"2",26,2019
"1522",2020,3,21,"half ","CEOL",0,2,"2",26,2019
"1523",2020,3,21,"half ","HEAR",0,3,"2",26,2019
"1524",2020,3,21,"half ","RHOV",0,3,"2",26,2019
"1525",2020,3,21,"half ","SAAP",0,3,"2",26,2019
"1526",2020,3,22,"full ","CEOL",0,1,"2",26,2019
"1527",2020,3,22,"full ","HEAR",1,2,"2",26,2019
"1528",2020,3,22,"full ","RHOV",0,3,"2",26,2019
"1529",2020,3,22,"full ","SAAP",0,3,"2",26,2019
"1530",2020,3,23,"half ","CEOL",0,2,"2",26,2019
"1531",2020,3,23,"half ","HEAR",1,2,"2",26,2019
"1532",2020,3,23,"half ","RHOV",0,3,"2",26,2019
"1533",2020,3,23,"half ","SAAP",1,2,"2",26,2019
"1534",2020,3,24,"none","CEOL",0,2,"2",26,2019
"1535",2020,3,24,"none","HEAR",1,2,"2",26,2019
"1536",2020,3,24,"none","RHOV",0,3,"2",26,2019
"1537",2020,3,24,"none","SAAP",1,2,"2",26,2019
"1538",2020,3,25,"none","CEOL",0,2,"2",26,2019
"1539",2020,3,25,"none","HEAR",0,3,"2",26,2019
"1540",2020,3,25,"none","RHOV",0,3,"2",26,2019
"1541",2020,3,25,"none","SAAP",0,3,"2",26,2019
"1542",2020,3,26,"half ","CEOL",0,2,"2",26,2019
"1543",2020,3,26,"half ","HEAR",0,3,"2",26,2019
"1544",2020,3,26,"half ","RHOV",0,3,"2",26,2019
"1545",2020,3,26,"half ","SAAP",0,3,"2",26,2019
"1546",2020,3,27,"full ","CEOL",0,2,"2",26,2019
"1547",2020,3,27,"full ","HEAR",0,3,"2",26,2019
"1548",2020,3,27,"full ","RHOV",0,3,"2",26,2019
"1549",2020,3,27,"full ","SAAP",0,3,"2",26,2019
"1550",2020,3,28,"half ","CEOL",0,2,"2",26,2019
"1551",2020,3,28,"half ","HEAR",0,3,"2",26,2019
"1552",2020,3,28,"half ","RHOV",0,3,"2",26,2019
"1553",2020,3,28,"half ","SAAP",0,3,"2",26,2019
"1554",2020,3,29,"none","CEOL",0,2,"2",26,2019
"1555",2020,3,29,"none","HEAR",0,3,"2",26,2019
"1556",2020,3,29,"none","RHOV",0,3,"2",26,2019
"1557",2020,3,29,"none","SAAP",0,3,"2",26,2019
"1558",2020,3,30,"full ","CEOL",0,2,"2",26,2019
"1559",2020,3,30,"full ","HEAR",0,3,"2",26,2019
"1560",2020,3,30,"full ","RHOV",0,3,"2",26,2019
"1561",2020,3,30,"full ","SAAP",0,3,"2",26,2019
"1562",2020,3,31,"none","CEOL",0,2,"2",26,2019
"1563",2020,3,31,"none","HEAR",1,2,"2",26,2019
"1564",2020,3,31,"none","RHOV",0,3,"2",26,2019
"1565",2020,3,31,"none","SAAP",0,3,"2",26,2019
"1566",2020,3,32,"half ","CEOL",0,2,"2",26,2019
"1567",2020,3,32,"half ","HEAR",0,3,"2",26,2019
"1568",2020,3,32,"half ","RHOV",0,3,"2",26,2019
"1569",2020,3,32,"half ","SAAP",0,3,"2",26,2019
"1570",2020,3,33,"full ","CEOL",0,2,"2",26,2019
"1571",2020,3,33,"full ","HEAR",0,3,"2",26,2019
"1572",2020,3,33,"full ","RHOV",0,3,"2",26,2019
"1573",2020,3,33,"full ","SAAP",0,3,"2",26,2019
"1574",2020,3,34,"half ","CEOL",0,2,"2",26,2019
"1575",2020,3,34,"half ","HEAR",1,2,"2",26,2019
"1576",2020,3,34,"half ","RHOV",0,3,"2",26,2019
"1577",2020,3,34,"half ","SAAP",2,1,"2",26,2019
"1578",2020,3,35,"full ","CEOL",0,2,"2",26,2019
"1579",2020,3,35,"full ","HEAR",0,3,"2",26,2019
"1580",2020,3,35,"full ","RHOV",0,3,"2",26,2019
"1581",2020,3,35,"full ","SAAP",1,2,"2",26,2019
"1582",2020,3,36,"none","CEOL",0,2,"2",26,2019
"1583",2020,3,36,"none","HEAR",0,3,"2",26,2019
"1584",2020,3,36,"none","RHOV",0,3,"2",26,2019
"1585",2020,3,36,"none","SAAP",0,3,"2",26,2019
"1586",2020,5,1,"none","CEOL",0,2,"1",28,2019
"1587",2020,5,1,"none","HEAR",0,3,"1",28,2019
"1588",2020,5,1,"none","RHOV",0,3,"1",28,2019
"1589",2020,5,1,"none","SAAP",0,3,"1",28,2019
"1590",2020,5,2,"full ","CEOL",0,2,"1",28,2019
"1591",2020,5,2,"full ","HEAR",0,3,"1",28,2019
"1592",2020,5,2,"full ","RHOV",0,3,"1",28,2019
"1593",2020,5,2,"full ","SAAP",2,1,"1",28,2019
"1594",2020,5,3,"full ","CEOL",0,2,"1",28,2019
"1595",2020,5,3,"full ","HEAR",1,2,"1",28,2019
"1596",2020,5,3,"full ","RHOV",0,3,"1",28,2019
"1597",2020,5,3,"full ","SAAP",1,2,"1",28,2019
"1598",2020,5,4,"half ","CEOL",0,2,"1",28,2019
"1599",2020,5,4,"half ","HEAR",1,2,"1",28,2019
"1600",2020,5,4,"half ","RHOV",0,3,"1",28,2019
"1601",2020,5,4,"half ","SAAP",0,3,"1",28,2019
"1602",2020,5,5,"half ","CEOL",0,2,"1",28,2019
"1603",2020,5,5,"half ","HEAR",2,1,"1",28,2019
"1604",2020,5,5,"half ","RHOV",0,3,"1",28,2019
"1605",2020,5,5,"half ","SAAP",3,0,"1",28,2019
"1606",2020,5,6,"none","CEOL",0,2,"1",28,2019
"1607",2020,5,6,"none","HEAR",0,3,"1",28,2019
"1608",2020,5,6,"none","RHOV",0,3,"1",28,2019
"1609",2020,5,6,"none","SAAP",0,3,"1",28,2019
"1610",2020,5,7,"none","CEOL",0,2,"1",28,2019
"1611",2020,5,7,"none","HEAR",0,3,"1",28,2019
"1612",2020,5,7,"none","RHOV",0,3,"1",28,2019
"1613",2020,5,7,"none","SAAP",0,3,"1",28,2019
"1614",2020,5,8,"half ","CEOL",0,2,"1",28,2019
"1615",2020,5,8,"half ","HEAR",1,2,"1",28,2019
"1616",2020,5,8,"half ","RHOV",1,2,"1",28,2019
"1617",2020,5,8,"half ","SAAP",1,2,"1",28,2019
"1618",2020,5,9,"full ","CEOL",0,2,"1",28,2019
"1619",2020,5,9,"full ","HEAR",2,1,"1",28,2019
"1620",2020,5,9,"full ","RHOV",0,3,"1",28,2019
"1621",2020,5,9,"full ","SAAP",0,3,"1",28,2019
"1622",2020,5,10,"half ","CEOL",0,2,"1",28,2019
"1623",2020,5,10,"half ","HEAR",2,1,"1",28,2019
"1624",2020,5,10,"half ","RHOV",0,3,"1",28,2019
"1625",2020,5,10,"half ","SAAP",1,2,"1",28,2019
"1626",2020,5,11,"none","CEOL",0,2,"1",28,2019
"1627",2020,5,11,"none","HEAR",0,3,"1",28,2019
"1628",2020,5,11,"none","RHOV",1,2,"1",28,2019
"1629",2020,5,11,"none","SAAP",1,2,"1",28,2019
"1630",2020,5,12,"full ","CEOL",0,2,"1",28,2019
"1631",2020,5,12,"full ","HEAR",2,1,"1",28,2019
"1632",2020,5,12,"full ","RHOV",0,3,"1",28,2019
"1633",2020,5,12,"full ","SAAP",1,2,"1",28,2019
"1634",2020,5,13,"full ","CEOL",0,2,"1",28,2019
"1635",2020,5,13,"full ","HEAR",0,3,"1",28,2019
"1636",2020,5,13,"full ","RHOV",0,3,"1",28,2019
"1637",2020,5,13,"full ","SAAP",0,3,"1",28,2019
"1638",2020,5,14,"none","CEOL",0,2,"1",28,2019
"1639",2020,5,14,"none","HEAR",0,3,"1",28,2019
"1640",2020,5,14,"none","RHOV",0,3,"1",28,2019
"1641",2020,5,14,"none","SAAP",0,3,"1",28,2019
"1642",2020,5,15,"half ","CEOL",0,2,"1",28,2019
"1643",2020,5,15,"half ","HEAR",1,2,"1",28,2019
"1644",2020,5,15,"half ","RHOV",0,3,"1",28,2019
"1645",2020,5,15,"half ","SAAP",0,3,"1",28,2019
"1646",2020,5,16,"full ","CEOL",0,2,"1",28,2019
"1647",2020,5,16,"full ","HEAR",1,2,"1",28,2019
"1648",2020,5,16,"full ","RHOV",0,3,"1",28,2019
"1649",2020,5,16,"full ","SAAP",2,1,"1",28,2019
"1650",2020,5,17,"half ","CEOL",0,2,"1",28,2019
"1651",2020,5,17,"half ","HEAR",3,0,"1",28,2019
"1652",2020,5,17,"half ","RHOV",0,3,"1",28,2019
"1653",2020,5,17,"half ","SAAP",0,3,"1",28,2019
"1654",2020,5,18,"none","CEOL",0,2,"1",28,2019
"1655",2020,5,18,"none","HEAR",0,3,"1",28,2019
"1656",2020,5,18,"none","RHOV",0,3,"1",28,2019
"1657",2020,5,18,"none","SAAP",0,3,"1",28,2019
"1658",2020,5,19,"full ","CEOL",0,2,"2",28,2019
"1659",2020,5,19,"full ","HEAR",0,3,"2",28,2019
"1660",2020,5,19,"full ","RHOV",0,3,"2",28,2019
"1661",2020,5,19,"full ","SAAP",0,3,"2",28,2019
"1662",2020,5,20,"none","CEOL",0,2,"2",28,2019
"1663",2020,5,20,"none","HEAR",0,3,"2",28,2019
"1664",2020,5,20,"none","RHOV",0,3,"2",28,2019
"1665",2020,5,20,"none","SAAP",1,2,"2",28,2019
"1666",2020,5,21,"half ","CEOL",0,2,"2",28,2019
"1667",2020,5,21,"half ","HEAR",0,3,"2",28,2019
"1668",2020,5,21,"half ","RHOV",0,3,"2",28,2019
"1669",2020,5,21,"half ","SAAP",0,3,"2",28,2019
"1670",2020,5,22,"full ","CEOL",0,1,"2",28,2019
"1671",2020,5,22,"full ","HEAR",1,2,"2",28,2019
"1672",2020,5,22,"full ","RHOV",0,3,"2",28,2019
"1673",2020,5,22,"full ","SAAP",0,3,"2",28,2019
"1674",2020,5,23,"half ","CEOL",0,2,"2",28,2019
"1675",2020,5,23,"half ","HEAR",1,2,"2",28,2019
"1676",2020,5,23,"half ","RHOV",0,3,"2",28,2019
"1677",2020,5,23,"half ","SAAP",1,2,"2",28,2019
"1678",2020,5,24,"none","CEOL",0,2,"2",28,2019
"1679",2020,5,24,"none","HEAR",1,2,"2",28,2019
"1680",2020,5,24,"none","RHOV",0,3,"2",28,2019
"1681",2020,5,24,"none","SAAP",1,2,"2",28,2019
"1682",2020,5,25,"none","CEOL",0,2,"2",28,2019
"1683",2020,5,25,"none","HEAR",0,3,"2",28,2019
"1684",2020,5,25,"none","RHOV",0,3,"2",28,2019
"1685",2020,5,25,"none","SAAP",0,3,"2",28,2019
"1686",2020,5,26,"half ","CEOL",0,2,"2",28,2019
"1687",2020,5,26,"half ","HEAR",0,3,"2",28,2019
"1688",2020,5,26,"half ","RHOV",0,3,"2",28,2019
"1689",2020,5,26,"half ","SAAP",0,3,"2",28,2019
"1690",2020,5,27,"full ","CEOL",0,2,"2",28,2019
"1691",2020,5,27,"full ","HEAR",0,3,"2",28,2019
"1692",2020,5,27,"full ","RHOV",0,3,"2",28,2019
"1693",2020,5,27,"full ","SAAP",0,3,"2",28,2019
"1694",2020,5,28,"half ","CEOL",0,2,"2",28,2019
"1695",2020,5,28,"half ","HEAR",0,3,"2",28,2019
"1696",2020,5,28,"half ","RHOV",0,3,"2",28,2019
"1697",2020,5,28,"half ","SAAP",0,3,"2",28,2019
"1698",2020,5,29,"none","CEOL",0,2,"2",28,2019
"1699",2020,5,29,"none","HEAR",0,3,"2",28,2019
"1700",2020,5,29,"none","RHOV",0,3,"2",28,2019
"1701",2020,5,29,"none","SAAP",0,3,"2",28,2019
"1702",2020,5,30,"full ","CEOL",0,2,"2",28,2019
"1703",2020,5,30,"full ","HEAR",0,3,"2",28,2019
"1704",2020,5,30,"full ","RHOV",0,3,"2",28,2019
"1705",2020,5,30,"full ","SAAP",0,3,"2",28,2019
"1706",2020,5,31,"none","CEOL",0,2,"2",28,2019
"1707",2020,5,31,"none","HEAR",1,2,"2",28,2019
"1708",2020,5,31,"none","RHOV",0,3,"2",28,2019
"1709",2020,5,31,"none","SAAP",0,3,"2",28,2019
"1710",2020,5,32,"half ","CEOL",0,2,"2",28,2019
"1711",2020,5,32,"half ","HEAR",0,3,"2",28,2019
"1712",2020,5,32,"half ","RHOV",0,3,"2",28,2019
"1713",2020,5,32,"half ","SAAP",0,3,"2",28,2019
"1714",2020,5,33,"full ","CEOL",0,2,"2",28,2019
"1715",2020,5,33,"full ","HEAR",0,3,"2",28,2019
"1716",2020,5,33,"full ","RHOV",0,3,"2",28,2019
"1717",2020,5,33,"full ","SAAP",0,3,"2",28,2019
"1718",2020,5,34,"half ","CEOL",0,2,"2",28,2019
"1719",2020,5,34,"half ","HEAR",1,2,"2",28,2019
"1720",2020,5,34,"half ","RHOV",0,3,"2",28,2019
"1721",2020,5,34,"half ","SAAP",2,1,"2",28,2019
"1722",2020,5,35,"full ","CEOL",0,2,"2",28,2019
"1723",2020,5,35,"full ","HEAR",0,3,"2",28,2019
"1724",2020,5,35,"full ","RHOV",0,3,"2",28,2019
"1725",2020,5,35,"full ","SAAP",1,2,"2",28,2019
"1726",2020,5,36,"none","CEOL",0,2,"2",28,2019
"1727",2020,5,36,"none","HEAR",0,3,"2",28,2019
"1728",2020,5,36,"none","RHOV",0,3,"2",28,2019
"1729",2020,5,36,"none","SAAP",0,3,"2",28,2019
"1730",2020,10,1,"none","CEOL",0,2,"1",33,2019
"1731",2020,10,1,"none","HEAR",0,3,"1",33,2019
"1732",2020,10,1,"none","RHOV",0,3,"1",33,2019
"1733",2020,10,1,"none","SAAP",0,3,"1",33,2019
"1734",2020,10,2,"full ","CEOL",0,2,"1",33,2019
"1735",2020,10,2,"full ","HEAR",0,3,"1",33,2019
"1736",2020,10,2,"full ","RHOV",0,3,"1",33,2019
"1737",2020,10,2,"full ","SAAP",1,2,"1",33,2019
"1738",2020,10,3,"full ","CEOL",0,2,"1",33,2019
"1739",2020,10,3,"full ","HEAR",0,3,"1",33,2019
"1740",2020,10,3,"full ","RHOV",0,3,"1",33,2019
"1741",2020,10,3,"full ","SAAP",0,3,"1",33,2019
"1742",2020,10,4,"half ","CEOL",0,2,"1",33,2019
"1743",2020,10,4,"half ","HEAR",0,3,"1",33,2019
"1744",2020,10,4,"half ","RHOV",0,3,"1",33,2019
"1745",2020,10,4,"half ","SAAP",0,3,"1",33,2019
"1746",2020,10,5,"half ","CEOL",0,2,"1",33,2019
"1747",2020,10,5,"half ","HEAR",0,3,"1",33,2019
"1748",2020,10,5,"half ","RHOV",0,3,"1",33,2019
"1749",2020,10,5,"half ","SAAP",2,1,"1",33,2019
"1750",2020,10,6,"none","CEOL",0,2,"1",33,2019
"1751",2020,10,6,"none","HEAR",0,3,"1",33,2019
"1752",2020,10,6,"none","RHOV",0,3,"1",33,2019
"1753",2020,10,6,"none","SAAP",0,3,"1",33,2019
"1754",2020,10,7,"none","CEOL",0,2,"1",33,2019
"1755",2020,10,7,"none","HEAR",0,3,"1",33,2019
"1756",2020,10,7,"none","RHOV",0,3,"1",33,2019
"1757",2020,10,7,"none","SAAP",0,3,"1",33,2019
"1758",2020,10,8,"half ","CEOL",0,2,"1",33,2019
"1759",2020,10,8,"half ","HEAR",0,3,"1",33,2019
"1760",2020,10,8,"half ","RHOV",0,3,"1",33,2019
"1761",2020,10,8,"half ","SAAP",1,2,"1",33,2019
"1762",2020,10,9,"full ","CEOL",0,2,"1",33,2019
"1763",2020,10,9,"full ","HEAR",0,3,"1",33,2019
"1764",2020,10,9,"full ","RHOV",0,3,"1",33,2019
"1765",2020,10,9,"full ","SAAP",0,3,"1",33,2019
"1766",2020,10,10,"half ","CEOL",0,2,"1",33,2019
"1767",2020,10,10,"half ","HEAR",0,3,"1",33,2019
"1768",2020,10,10,"half ","RHOV",0,3,"1",33,2019
"1769",2020,10,10,"half ","SAAP",0,3,"1",33,2019
"1770",2020,10,11,"none","CEOL",0,2,"1",33,2019
"1771",2020,10,11,"none","HEAR",0,3,"1",33,2019
"1772",2020,10,11,"none","RHOV",0,3,"1",33,2019
"1773",2020,10,11,"none","SAAP",1,2,"1",33,2019
"1774",2020,10,12,"full ","CEOL",0,2,"1",33,2019
"1775",2020,10,12,"full ","HEAR",0,3,"1",33,2019
"1776",2020,10,12,"full ","RHOV",0,3,"1",33,2019
"1777",2020,10,12,"full ","SAAP",0,3,"1",33,2019
"1778",2020,10,13,"full ","CEOL",0,2,"1",33,2019
"1779",2020,10,13,"full ","HEAR",0,3,"1",33,2019
"1780",2020,10,13,"full ","RHOV",0,3,"1",33,2019
"1781",2020,10,13,"full ","SAAP",0,3,"1",33,2019
"1782",2020,10,14,"none","CEOL",0,2,"1",33,2019
"1783",2020,10,14,"none","HEAR",0,3,"1",33,2019
"1784",2020,10,14,"none","RHOV",0,3,"1",33,2019
"1785",2020,10,14,"none","SAAP",0,3,"1",33,2019
"1786",2020,10,15,"half ","CEOL",0,2,"1",33,2019
"1787",2020,10,15,"half ","HEAR",0,3,"1",33,2019
"1788",2020,10,15,"half ","RHOV",0,3,"1",33,2019
"1789",2020,10,15,"half ","SAAP",0,3,"1",33,2019
"1790",2020,10,16,"full ","CEOL",0,2,"1",33,2019
"1791",2020,10,16,"full ","HEAR",0,3,"1",33,2019
"1792",2020,10,16,"full ","RHOV",0,3,"1",33,2019
"1793",2020,10,16,"full ","SAAP",1,2,"1",33,2019
"1794",2020,10,17,"half ","CEOL",0,2,"1",33,2019
"1795",2020,10,17,"half ","HEAR",0,3,"1",33,2019
"1796",2020,10,17,"half ","RHOV",0,3,"1",33,2019
"1797",2020,10,17,"half ","SAAP",0,3,"1",33,2019
"1798",2020,10,18,"none","CEOL",0,2,"1",33,2019
"1799",2020,10,18,"none","HEAR",0,3,"1",33,2019
"1800",2020,10,18,"none","RHOV",0,3,"1",33,2019
"1801",2020,10,18,"none","SAAP",0,3,"1",33,2019
"1802",2020,10,19,"full ","CEOL",0,2,"2",33,2019
"1803",2020,10,19,"full ","HEAR",0,3,"2",33,2019
"1804",2020,10,19,"full ","RHOV",0,3,"2",33,2019
"1805",2020,10,19,"full ","SAAP",0,3,"2",33,2019
"1806",2020,10,20,"none","CEOL",0,2,"2",33,2019
"1807",2020,10,20,"none","HEAR",0,3,"2",33,2019
"1808",2020,10,20,"none","RHOV",0,3,"2",33,2019
"1809",2020,10,20,"none","SAAP",0,3,"2",33,2019
"1810",2020,10,21,"half ","CEOL",0,2,"2",33,2019
"1811",2020,10,21,"half ","HEAR",0,3,"2",33,2019
"1812",2020,10,21,"half ","RHOV",0,3,"2",33,2019
"1813",2020,10,21,"half ","SAAP",0,3,"2",33,2019
"1814",2020,10,22,"full ","CEOL",0,1,"2",33,2019
"1815",2020,10,22,"full ","HEAR",0,3,"2",33,2019
"1816",2020,10,22,"full ","RHOV",0,3,"2",33,2019
"1817",2020,10,22,"full ","SAAP",0,3,"2",33,2019
"1818",2020,10,23,"half ","CEOL",0,2,"2",33,2019
"1819",2020,10,23,"half ","HEAR",0,3,"2",33,2019
"1820",2020,10,23,"half ","RHOV",0,3,"2",33,2019
"1821",2020,10,23,"half ","SAAP",1,2,"2",33,2019
"1822",2020,10,24,"none","CEOL",0,2,"2",33,2019
"1823",2020,10,24,"none","HEAR",0,3,"2",33,2019
"1824",2020,10,24,"none","RHOV",0,3,"2",33,2019
"1825",2020,10,24,"none","SAAP",1,2,"2",33,2019
"1826",2020,10,25,"none","CEOL",0,2,"2",33,2019
"1827",2020,10,25,"none","HEAR",0,3,"2",33,2019
"1828",2020,10,25,"none","RHOV",0,3,"2",33,2019
"1829",2020,10,25,"none","SAAP",0,3,"2",33,2019
"1830",2020,10,26,"half ","CEOL",0,2,"2",33,2019
"1831",2020,10,26,"half ","HEAR",0,3,"2",33,2019
"1832",2020,10,26,"half ","RHOV",0,3,"2",33,2019
"1833",2020,10,26,"half ","SAAP",0,3,"2",33,2019
"1834",2020,10,27,"full ","CEOL",0,2,"2",33,2019
"1835",2020,10,27,"full ","HEAR",0,3,"2",33,2019
"1836",2020,10,27,"full ","RHOV",0,3,"2",33,2019
"1837",2020,10,27,"full ","SAAP",0,3,"2",33,2019
"1838",2020,10,28,"half ","CEOL",0,2,"2",33,2019
"1839",2020,10,28,"half ","HEAR",0,3,"2",33,2019
"1840",2020,10,28,"half ","RHOV",0,3,"2",33,2019
"1841",2020,10,28,"half ","SAAP",0,3,"2",33,2019
"1842",2020,10,29,"none","CEOL",0,2,"2",33,2019
"1843",2020,10,29,"none","HEAR",0,3,"2",33,2019
"1844",2020,10,29,"none","RHOV",0,3,"2",33,2019
"1845",2020,10,29,"none","SAAP",0,3,"2",33,2019
"1846",2020,10,30,"full ","CEOL",0,2,"2",33,2019
"1847",2020,10,30,"full ","HEAR",0,3,"2",33,2019
"1848",2020,10,30,"full ","RHOV",0,3,"2",33,2019
"1849",2020,10,30,"full ","SAAP",0,3,"2",33,2019
"1850",2020,10,31,"none","CEOL",0,2,"2",33,2019
"1851",2020,10,31,"none","HEAR",0,3,"2",33,2019
"1852",2020,10,31,"none","RHOV",0,3,"2",33,2019
"1853",2020,10,31,"none","SAAP",0,3,"2",33,2019
"1854",2020,10,32,"half ","CEOL",0,2,"2",33,2019
"1855",2020,10,32,"half ","HEAR",0,3,"2",33,2019
"1856",2020,10,32,"half ","RHOV",0,3,"2",33,2019
"1857",2020,10,32,"half ","SAAP",0,3,"2",33,2019
"1858",2020,10,33,"full ","CEOL",0,2,"2",33,2019
"1859",2020,10,33,"full ","HEAR",0,3,"2",33,2019
"1860",2020,10,33,"full ","RHOV",0,3,"2",33,2019
"1861",2020,10,33,"full ","SAAP",0,3,"2",33,2019
"1862",2020,10,34,"half ","CEOL",0,2,"2",33,2019
"1863",2020,10,34,"half ","HEAR",0,3,"2",33,2019
"1864",2020,10,34,"half ","RHOV",0,3,"2",33,2019
"1865",2020,10,34,"half ","SAAP",2,1,"2",33,2019
"1866",2020,10,35,"full ","CEOL",0,2,"2",33,2019
"1867",2020,10,35,"full ","HEAR",0,3,"2",33,2019
"1868",2020,10,35,"full ","RHOV",0,3,"2",33,2019
"1869",2020,10,35,"full ","SAAP",0,3,"2",33,2019
"1870",2020,10,36,"none","CEOL",0,2,"2",33,2019
"1871",2020,10,36,"none","HEAR",0,3,"2",33,2019
"1872",2020,10,36,"none","RHOV",0,3,"2",33,2019
"1873",2020,10,36,"none","SAAP",0,3,"2",33,2019
"1874",2021,2,19,"full ","CEOL",0,2,"2",37,2019
"1875",2021,2,19,"full ","HEAR",0,3,"2",37,2019
"1876",2021,2,19,"full ","RHOV",0,3,"2",37,2019
"1877",2021,2,19,"full ","SAAP",0,3,"2",37,2019
"1878",2021,2,20,"none","CEOL",0,2,"2",37,2019
"1879",2021,2,20,"none","HEAR",0,3,"2",37,2019
"1880",2021,2,20,"none","RHOV",0,3,"2",37,2019
"1881",2021,2,20,"none","SAAP",0,3,"2",37,2019
"1882",2021,2,21,"half ","CEOL",0,2,"2",37,2019
"1883",2021,2,21,"half ","HEAR",0,3,"2",37,2019
"1884",2021,2,21,"half ","RHOV",0,3,"2",37,2019
"1885",2021,2,21,"half ","SAAP",0,3,"2",37,2019
"1886",2021,2,22,"full ","CEOL",0,1,"2",37,2019
"1887",2021,2,22,"full ","HEAR",0,3,"2",37,2019
"1888",2021,2,22,"full ","RHOV",0,3,"2",37,2019
"1889",2021,2,22,"full ","SAAP",1,2,"2",37,2019
"1890",2021,2,23,"half ","CEOL",0,2,"2",37,2019
"1891",2021,2,23,"half ","HEAR",0,3,"2",37,2019
"1892",2021,2,23,"half ","RHOV",0,3,"2",37,2019
"1893",2021,2,23,"half ","SAAP",1,2,"2",37,2019
"1894",2021,2,24,"none","CEOL",0,2,"2",37,2019
"1895",2021,2,24,"none","HEAR",0,3,"2",37,2019
"1896",2021,2,24,"none","RHOV",0,3,"2",37,2019
"1897",2021,2,24,"none","SAAP",0,3,"2",37,2019
"1898",2021,2,25,"none","CEOL",0,2,"2",37,2019
"1899",2021,2,25,"none","HEAR",0,3,"2",37,2019
"1900",2021,2,25,"none","RHOV",0,3,"2",37,2019
"1901",2021,2,25,"none","SAAP",0,3,"2",37,2019
"1902",2021,2,26,"half ","CEOL",0,2,"2",37,2019
"1903",2021,2,26,"half ","HEAR",0,3,"2",37,2019
"1904",2021,2,26,"half ","RHOV",0,3,"2",37,2019
"1905",2021,2,26,"half ","SAAP",0,3,"2",37,2019
"1906",2021,2,27,"full ","CEOL",0,2,"2",37,2019
"1907",2021,2,27,"full ","HEAR",0,3,"2",37,2019
"1908",2021,2,27,"full ","RHOV",0,3,"2",37,2019
"1909",2021,2,27,"full ","SAAP",0,3,"2",37,2019
"1910",2021,2,28,"half ","CEOL",0,2,"2",37,2019
"1911",2021,2,28,"half ","HEAR",0,3,"2",37,2019
"1912",2021,2,28,"half ","RHOV",0,3,"2",37,2019
"1913",2021,2,28,"half ","SAAP",0,3,"2",37,2019
"1914",2021,2,29,"none","CEOL",0,2,"2",37,2019
"1915",2021,2,29,"none","HEAR",0,3,"2",37,2019
"1916",2021,2,29,"none","RHOV",0,3,"2",37,2019
"1917",2021,2,29,"none","SAAP",0,3,"2",37,2019
"1918",2021,2,30,"full ","CEOL",0,2,"2",37,2019
"1919",2021,2,30,"full ","HEAR",0,3,"2",37,2019
"1920",2021,2,30,"full ","RHOV",0,3,"2",37,2019
"1921",2021,2,30,"full ","SAAP",0,3,"2",37,2019
"1922",2021,2,31,"none","CEOL",0,2,"2",37,2019
"1923",2021,2,31,"none","HEAR",0,3,"2",37,2019
"1924",2021,2,31,"none","RHOV",0,3,"2",37,2019
"1925",2021,2,31,"none","SAAP",0,3,"2",37,2019
"1926",2021,2,32,"half ","CEOL",0,2,"2",37,2019
"1927",2021,2,32,"half ","HEAR",0,3,"2",37,2019
"1928",2021,2,32,"half ","RHOV",0,3,"2",37,2019
"1929",2021,2,32,"half ","SAAP",0,3,"2",37,2019
"1930",2021,2,33,"full ","CEOL",0,2,"2",37,2019
"1931",2021,2,33,"full ","HEAR",0,3,"2",37,2019
"1932",2021,2,33,"full ","RHOV",0,3,"2",37,2019
"1933",2021,2,33,"full ","SAAP",0,3,"2",37,2019
"1934",2021,2,34,"half ","CEOL",0,2,"2",37,2019
"1935",2021,2,34,"half ","HEAR",0,3,"2",37,2019
"1936",2021,2,34,"half ","RHOV",0,3,"2",37,2019
"1937",2021,2,34,"half ","SAAP",1,2,"2",37,2019
"1938",2021,2,35,"full ","CEOL",0,2,"2",37,2019
"1939",2021,2,35,"full ","HEAR",0,3,"2",37,2019
"1940",2021,2,35,"full ","RHOV",0,3,"2",37,2019
"1941",2021,2,35,"full ","SAAP",0,3,"2",37,2019
"1942",2021,2,36,"none","CEOL",0,2,"2",37,2019
"1943",2021,2,36,"none","HEAR",0,3,"2",37,2019
"1944",2021,2,36,"none","RHOV",0,3,"2",37,2019
"1945",2021,2,36,"none","SAAP",0,3,"2",37,2019
"1946",2021,4,1,"none","CEOL",0,2,"1",39,2019
"1947",2021,4,1,"none","HEAR",0,3,"1",39,2019
"1948",2021,4,1,"none","RHOV",0,3,"1",39,2019
"1949",2021,4,1,"none","SAAP",0,3,"1",39,2019
"1950",2021,4,2,"full ","CEOL",0,2,"1",39,2019
"1951",2021,4,2,"full ","HEAR",0,3,"1",39,2019
"1952",2021,4,2,"full ","RHOV",0,3,"1",39,2019
"1953",2021,4,2,"full ","SAAP",2,1,"1",39,2019
"1954",2021,4,3,"full ","CEOL",0,2,"1",39,2019
"1955",2021,4,3,"full ","HEAR",0,3,"1",39,2019
"1956",2021,4,3,"full ","RHOV",0,3,"1",39,2019
"1957",2021,4,3,"full ","SAAP",0,3,"1",39,2019
"1958",2021,4,4,"half ","CEOL",0,2,"1",39,2019
"1959",2021,4,4,"half ","HEAR",0,3,"1",39,2019
"1960",2021,4,4,"half ","RHOV",0,3,"1",39,2019
"1961",2021,4,4,"half ","SAAP",0,3,"1",39,2019
"1962",2021,4,5,"half ","CEOL",0,2,"1",39,2019
"1963",2021,4,5,"half ","HEAR",0,3,"1",39,2019
"1964",2021,4,5,"half ","RHOV",0,3,"1",39,2019
"1965",2021,4,5,"half ","SAAP",3,0,"1",39,2019
"1966",2021,4,6,"none","CEOL",0,2,"1",39,2019
"1967",2021,4,6,"none","HEAR",0,3,"1",39,2019
"1968",2021,4,6,"none","RHOV",0,3,"1",39,2019
"1969",2021,4,6,"none","SAAP",1,2,"1",39,2019
"1970",2021,4,7,"none","CEOL",0,2,"1",39,2019
"1971",2021,4,7,"none","HEAR",0,3,"1",39,2019
"1972",2021,4,7,"none","RHOV",0,3,"1",39,2019
"1973",2021,4,7,"none","SAAP",0,3,"1",39,2019
"1974",2021,4,8,"half ","CEOL",0,2,"1",39,2019
"1975",2021,4,8,"half ","HEAR",0,3,"1",39,2019
"1976",2021,4,8,"half ","RHOV",0,3,"1",39,2019
"1977",2021,4,8,"half ","SAAP",0,3,"1",39,2019
"1978",2021,4,9,"full ","CEOL",0,2,"1",39,2019
"1979",2021,4,9,"full ","HEAR",0,3,"1",39,2019
"1980",2021,4,9,"full ","RHOV",0,3,"1",39,2019
"1981",2021,4,9,"full ","SAAP",0,3,"1",39,2019
"1982",2021,4,10,"half ","CEOL",0,2,"1",39,2019
"1983",2021,4,10,"half ","HEAR",0,3,"1",39,2019
"1984",2021,4,10,"half ","RHOV",0,3,"1",39,2019
"1985",2021,4,10,"half ","SAAP",0,3,"1",39,2019
"1986",2021,4,11,"none","CEOL",0,2,"1",39,2019
"1987",2021,4,11,"none","HEAR",1,2,"1",39,2019
"1988",2021,4,11,"none","RHOV",0,3,"1",39,2019
"1989",2021,4,11,"none","SAAP",1,2,"1",39,2019
"1990",2021,4,12,"full ","CEOL",0,2,"1",39,2019
"1991",2021,4,12,"full ","HEAR",0,3,"1",39,2019
"1992",2021,4,12,"full ","RHOV",0,3,"1",39,2019
"1993",2021,4,12,"full ","SAAP",0,3,"1",39,2019
"1994",2021,4,13,"full ","CEOL",0,2,"1",39,2019
"1995",2021,4,13,"full ","HEAR",0,3,"1",39,2019
"1996",2021,4,13,"full ","RHOV",0,3,"1",39,2019
"1997",2021,4,13,"full ","SAAP",0,3,"1",39,2019
"1998",2021,4,14,"none","CEOL",0,2,"1",39,2019
"1999",2021,4,14,"none","HEAR",0,3,"1",39,2019
"2000",2021,4,14,"none","RHOV",0,3,"1",39,2019
"2001",2021,4,14,"none","SAAP",0,3,"1",39,2019
"2002",2021,4,15,"half ","CEOL",0,2,"1",39,2019
"2003",2021,4,15,"half ","HEAR",0,3,"1",39,2019
"2004",2021,4,15,"half ","RHOV",0,3,"1",39,2019
"2005",2021,4,15,"half ","SAAP",0,3,"1",39,2019
"2006",2021,4,16,"full ","CEOL",0,2,"1",39,2019
"2007",2021,4,16,"full ","HEAR",0,3,"1",39,2019
"2008",2021,4,16,"full ","RHOV",0,3,"1",39,2019
"2009",2021,4,16,"full ","SAAP",1,2,"1",39,2019
"2010",2021,4,17,"half ","CEOL",0,2,"1",39,2019
"2011",2021,4,17,"half ","HEAR",0,3,"1",39,2019
"2012",2021,4,17,"half ","RHOV",0,3,"1",39,2019
"2013",2021,4,17,"half ","SAAP",0,3,"1",39,2019
"2014",2021,4,18,"none","CEOL",0,2,"1",39,2019
"2015",2021,4,18,"none","HEAR",0,3,"1",39,2019
"2016",2021,4,18,"none","RHOV",0,3,"1",39,2019
"2017",2021,4,18,"none","SAAP",0,3,"1",39,2019
