date,time,weather,plot,treatment,weeding,reading#,ambient_PAR_1,below_PAR_1,Avgerage_PAR_ambient,STDV_ambient,SQRT_ambient,STDERROR_ambient,Avgerage_PAR_below,STDV_below,SQRT_below,STDERROR_below,Notes,,,,,,,,,,,,,,
4/26/2018,1:00-2:20 pm,sunny and still,ENH01,,no removal,1,1451,351,,,,,,,,,"ENH PAR collected on April 26, 2018 by Katie Nigro",,,,,,,,,,,,,,
4/26/2018,1:00-2:20 pm,sunny and still,ENH01,,no removal,2,1609,337,1530,111.7228714,1.414213562,79,344,9.899494937,1.414213562,7,,,,,,,,,,,,,,,
4/26/2018,1:00-2:20 pm,sunny and still,ENH02,,full removal,1,1264,422,,,,,,,,,,,,,,,,,,,,,,,
4/26/2018,1:00-2:20 pm,sunny and still,ENH02,,full removal,2,1273,437,1268.5,6.363961031,1.414213562,4.5,429.5,10.60660172,1.414213562,7.5,,,,,,,,,,,,,,,
4/26/2018,1:00-2:20 pm,sunny and still,ENH03,,full removal,1,1068,155,,,,,,,,,,,,,,,,,,,,,,,
4/26/2018,1:00-2:20 pm,sunny and still,ENH03,,full removal,2,1116,209,1092,33.9411255,1.414213562,24,182,38.18376618,1.414213562,27,,,,,,,,,,,,,,,
4/26/2018,1:00-2:20 pm,sunny and still,ENH04,,half removal,1,1388,449,,,,,,,,,,,,,,,,,,,,,,,
4/26/2018,1:00-2:20 pm,sunny and still,ENH04,,half removal,2,1552,465,1470,115.9655121,1.414213562,82,457,11.3137085,1.414213562,8,,,,,,,,,,,,,,,
4/26/2018,1:00-2:20 pm,sunny and still,ENH05,,half removal,1,1176,527,,,,,,,,,,,,,,,,,,,,,,,
4/26/2018,1:00-2:20 pm,sunny and still,ENH05,,half removal,2,1408,719,1292,164.0487732,1.414213562,116,623,135.764502,1.414213562,96,,,,,,,,,,,,,,,
4/26/2018,1:00-2:20 pm,sunny and still,ENH06,,no removal,1,1477,251,,,,,,,,,,,,,,,,,,,,,,,
4/26/2018,1:00-2:20 pm,sunny and still,ENH06,,no removal,2,1552,408,1514.5,53.03300859,1.414213562,37.5,329.5,111.0157646,1.414213562,78.5,,,,,,,,,,,,,,,
4/26/2018,1:00-2:20 pm,sunny and still,ENH07,,no removal,1,1552,389,,,,,,,,,,,,,,,,,,,,,,,
4/26/2018,1:00-2:20 pm,sunny and still,ENH07,,no removal,2,1503,357,1527.5,34.64823228,1.414213562,24.5,373,22.627417,1.414213562,16,,,,,,,,,,,,,,,
4/26/2018,1:00-2:20 pm,sunny and still,ENH08,,half removal,1,764,185,,,,,,,,,,,,,,,,,,,,,,,
4/26/2018,1:00-2:20 pm,sunny and still,ENH08,,half removal,2,946,213,855,128.6934342,1.414213562,91,199,19.79898987,1.414213562,14,,,,,,,,,,,,,,,
4/26/2018,1:00-2:20 pm,sunny and still,ENH09,,full removal,1,1556,712,,,,,,,,,,,,,,,,,,,,,,,
4/26/2018,1:00-2:20 pm,sunny and still,ENH09,,full removal,2,1307,579,1431.5,176.0695885,1.414213562,124.5,645.5,94.0452019,1.414213562,66.5,,,,,,,,,,,,,,,
4/26/2018,1:00-2:20 pm,sunny and still,ENH10,,half removal,1,1147,469,,,,,,,,,,,,,,,,,,,,,,,
4/26/2018,1:00-2:20 pm,sunny and still,ENH10,,half removal,2,1458,631,1302.5,219.9102089,1.414213562,155.5,550,114.5512986,1.414213562,81,,,,,,,,,,,,,,,
4/26/2018,1:00-2:20 pm,sunny and still,ENH11,,no removal,1,1386,548,,,,,,,,,,,,,,,,,,,,,,,
4/26/2018,1:00-2:20 pm,sunny and still,ENH11,,no removal,2,1216,621,1301,120.2081528,1.414213562,85,584.5,51.61879503,1.414213562,36.5,,,,,,,,,,,,,,,
4/26/2018,1:00-2:20 pm,sunny and still,ENH12,,full removal,1,954,309,,,,,,,,,,,,,,,,,,,,,,,
4/26/2018,1:00-2:20 pm,sunny and still,ENH12,,full removal,2,920,574,937,24.04163056,1.414213562,17,441.5,187.383297,1.414213562,132.5,,,,,,,,,,,,,,,
4/26/2018,1:00-2:20 pm,sunny and still,ENH13,,full removal,1,1152,250,,,,,,,,,,,,,,,,,,,,,,,
4/26/2018,1:00-2:20 pm,sunny and still,ENH13,,full removal,2,1018,257,1085,94.75230868,1.414213562,67,253.5,4.949747468,1.414213562,3.5,,,,,,,,,,,,,,,
4/26/2018,1:00-2:20 pm,sunny and still,ENH14,,no removal,1,1064,277,,,,,,,,,,,,,,,,,,,,,,,
4/26/2018,1:00-2:20 pm,sunny and still,ENH14,,no removal,2,1101,317,1082.5,26.1629509,1.414213562,18.5,297,28.28427125,1.414213562,20,,,,,,,,,,,,,,,
4/26/2018,1:00-2:20 pm,sunny and still,ENH15,,half removal,1,1353,321,,,,,,,,,,,,,,,,,,,,,,,
4/26/2018,1:00-2:20 pm,sunny and still,ENH15,,half removal,2,1146,470,1249.5,146.3711037,1.414213562,103.5,395.5,105.3589104,1.414213562,74.5,,,,,,,,,,,,,,,
4/26/2018,1:00-2:20 pm,sunny and still,ENH16,,full removal,1,1003,150,,,,,,,,,,,,,,,,,,,,,,,
4/26/2018,1:00-2:20 pm,sunny and still,ENH16,,full removal,2,1068,323,1035.5,45.96194078,1.414213562,32.5,236.5,122.3294731,1.414213562,86.5,,,,,,,,,,,,,,,
4/26/2018,1:00-2:20 pm,sunny and still,ENH17,,half removal,1,1069,257,,,,,,,,,,,,,,,,,,,,,,,
4/26/2018,1:00-2:20 pm,sunny and still,ENH17,,half removal,2,1278,284,1173.5,147.7853173,1.414213562,104.5,270.5,19.09188309,1.414213562,13.5,,,,,,,,,,,,,,,
4/26/2018,1:00-2:20 pm,sunny and still,ENH18,,no removal,1,1347,667,,,,,,,,,,,,,,,,,,,,,,,
4/26/2018,1:00-2:20 pm,sunny and still,ENH18,,no removal,2,1388,671,1367.5,28.99137803,1.414213562,20.5,669,2.828427125,1.414213562,2,,,,,,,,,,,,,,,
4/26/2018,11:00 am - 12:30 pm,sunny and still,ENH19,,full removal,1,1674,405,,,,,,,,,,,,,,,,,,,,,,,
4/26/2018,11:00 am - 12:30 pm,sunny and still,ENH19,,full removal,2,1662,458,1668,8.485281374,1.414213562,6,431.5,37.4766594,1.414213562,26.5,,,,,,,,,,,,,,,
4/26/2018,11:00 am - 12:30 pm,sunny and still,ENH20,,no removal,1,1628,297,,,,,,,,,,,,,,,,,,,,,,,
4/26/2018,11:00 am - 12:30 pm,sunny and still,ENH20,,no removal,2,1530,227,1579,69.29646456,1.414213562,49,262,49.49747468,1.414213562,35,,,,,,,,,,,,,,,
4/26/2018,11:00 am - 12:30 pm,sunny and still,ENH21,,half removal,1,1642,103,,,,,,,,,,,,,,,,,,,,,,,
4/26/2018,11:00 am - 12:30 pm,sunny and still,ENH21,,half removal,2,1612,773,1627,21.21320344,1.414213562,15,438,473.7615434,1.414213562,335,,,,,,,,,,,,,,,
4/26/2018,11:00 am - 12:30 pm,sunny and still,ENH22,,full removal,1,1468,396,,,,,,,,,,,,,,,,,,,,,,,
4/26/2018,11:00 am - 12:30 pm,sunny and still,ENH22,,full removal,2,1506,367,1487,26.87005769,1.414213562,19,381.5,20.50609665,1.414213562,14.5,,,,,,,,,,,,,,,
4/26/2018,11:00 am - 12:30 pm,sunny and still,ENH23,,half removal,1,1605,529,,,,,,,,,,,,,,,,,,,,,,,
4/26/2018,11:00 am - 12:30 pm,sunny and still,ENH23,,half removal,2,1532,620,1568.5,51.61879503,1.414213562,36.5,574.5,64.34671709,1.414213562,45.5,,,,,,,,,,,,,,,
4/26/2018,11:00 am - 12:30 pm,sunny and still,ENH24,,no removal,1,1464,656,,,,,,,,,,,,,,,,,,,,,,,
4/26/2018,11:00 am - 12:30 pm,sunny and still,ENH24,,no removal,2,1504,762,1484,28.28427125,1.414213562,20,709,74.95331881,1.414213562,53,,,,,,,,,,,,,,,
4/26/2018,11:00 am - 12:30 pm,sunny and still,ENH25,,no removal,1,1521,235,,,,,,,,,,,,,,,,,,,,,,,
4/26/2018,11:00 am - 12:30 pm,sunny and still,ENH25,,no removal,2,1704,503,1612.5,129.400541,1.414213562,91.5,369,189.5046174,1.414213562,134,,,,,,,,,,,,,,,
4/26/2018,11:00 am - 12:30 pm,sunny and still,ENH26,,half removal,1,1482,483,,,,,,,,,,,,,,,,,,,,,,,
4/26/2018,11:00 am - 12:30 pm,sunny and still,ENH26,,half removal,2,1688,1134,1585,145.6639969,1.414213562,103,808.5,460.3265146,1.414213562,325.5,,,,,,,,,,,,,,,
4/26/2018,11:00 am - 12:30 pm,sunny and still,ENH27,,full removal,1,1575,542,,,,,,,,,,,,,,,,,,,,,,,
4/26/2018,11:00 am - 12:30 pm,sunny and still,ENH27,,full removal,2,1663,971,1619,62.22539674,1.414213562,44,756.5,303.3488091,1.414213562,214.5,,,,,,,,,,,,,,,
4/26/2018,11:00 am - 12:30 pm,sunny and still,ENH28,,half removal,1,1637,516,,,,,,,,,,,,,,,,,,,,,,,
4/26/2018,11:00 am - 12:30 pm,sunny and still,ENH28,,half removal,2,1616,445,1626.5,14.8492424,1.414213562,10.5,480.5,50.20458146,1.414213562,35.5,,,,,,,,,,,,,,,
4/26/2018,11:00 am - 12:30 pm,sunny and still,ENH29,,no removal,1,1606,575,,,,,,,,,,,,,,,,,,,,,,,
4/26/2018,11:00 am - 12:30 pm,sunny and still,ENH29,,no removal,2,1551,1110,1578.5,38.89087297,1.414213562,27.5,842.5,378.3021279,1.414213562,267.5,,,,,,,,,,,,,,,
4/26/2018,11:00 am - 12:30 pm,sunny and still,ENH30,,full removal,1,1683,913,,,,,,,,,,,,,,,,,,,,,,,
4/26/2018,11:00 am - 12:30 pm,sunny and still,ENH30,,full removal,2,1711,1203,1697,19.79898987,1.414213562,14,1058,205.0609665,1.414213562,145,,,,,,,,,,,,,,,
4/26/2018,11:00 am - 12:30 pm,sunny and still,ENH31,,no removal,1,1539,535,,,,,,,,,,,,,,,,,,,,,,,
4/26/2018,11:00 am - 12:30 pm,sunny and still,ENH31,,no removal,2,1572,462,1555.5,23.33452378,1.414213562,16.5,498.5,51.61879503,1.414213562,36.5,,,,,,,,,,,,,,,
4/26/2018,11:00 am - 12:30 pm,sunny and still,ENH32,,half removal,1,1268,964,,,,,,,,,,,,,,,,,,,,,,,
4/26/2018,11:00 am - 12:30 pm,sunny and still,ENH32,,half removal,2,1544,714,1406,195.1614716,1.414213562,138,839,176.7766953,1.414213562,125,,,,,,,,,,,,,,,
4/26/2018,11:00 am - 12:30 pm,sunny and still,ENH33,,full removal,1,1390,283,,,,,,,,,,,,,,,,,,,,,,,
4/26/2018,11:00 am - 12:30 pm,sunny and still,ENH33,,full removal,2,1534,321,1462,101.8233765,1.414213562,72,302,26.87005769,1.414213562,19,,,,,,,,,,,,,,,
4/26/2018,11:00 am - 12:30 pm,sunny and still,ENH34,,half removal,1,1531,1249,,,,,,,,,,,,,,,,,,,,,,,
4/26/2018,11:00 am - 12:30 pm,sunny and still,ENH34,,half removal,2,1573,589,1552,29.69848481,1.414213562,21,919,466.6904756,1.414213562,330,,,,,,,,,,,,,,,
4/26/2018,11:00 am - 12:30 pm,sunny and still,ENH35,,full removal,1,1476,722,,,,,,,,,,,,,,,,,,,,,,,
4/26/2018,11:00 am - 12:30 pm,sunny and still,ENH35,,full removal,2,1401,708,1438.5,53.03300859,1.414213562,37.5,715,9.899494937,1.414213562,7,,,,,,,,,,,,,,,
4/26/2018,11:00 am - 12:30 pm,sunny and still,ENH36,,no removal,1,1564,184,,,,,,,,,,,,,,,,,,,,,,,
4/26/2018,11:00 am - 12:30 pm,sunny and still,ENH36,,no removal,2,1629,199,1596.5,45.96194078,1.414213562,32.5,191.5,10.60660172,1.414213562,7.5,,,,,,,,,,,,,,,
"Jan. 30, 2019",11:40 am - 12:08 pm,"sunny, wispy clouds that moved out of the way (I'm pretty sure they weren't in front of the sun",ENH01,,no removal,1,748,42,,,,,,,,,,,,,,,,,,,,,,,
"Jan. 30, 2019",11:40 am - 12:08 pm,"sunny, wispy clouds that moved out of the way (I'm pretty sure they weren't in front of the sun",ENH01,,no removal,2,882,57,815,94.75230868,1.414213562,67,49.5,10.60660172,1.414213562,7.5,,,,,,,,,,,,,,,
"Jan. 30, 2019",11:40 am - 12:08 pm,"sunny, wispy clouds that moved out of the way (I'm pretty sure they weren't in front of the sun",ENH02,,full removal,1,1099,167,,,,,,,,,,,,,,,,,,,,,,,
"Jan. 30, 2019",11:40 am - 12:08 pm,"sunny, wispy clouds that moved out of the way (I'm pretty sure they weren't in front of the sun",ENH02,,full removal,2,962,335,1030.5,96.87362902,1.414213562,68.5,251,118.7939392,1.414213562,84,,,,,,,,,,,,,,,
"Jan. 30, 2019",11:40 am - 12:08 pm,"sunny, wispy clouds that moved out of the way (I'm pretty sure they weren't in front of the sun",ENH03,,full removal,1,1034,226,,,,,,,,,,,,,,,,,,,,,,,
"Jan. 30, 2019",11:40 am - 12:08 pm,"sunny, wispy clouds that moved out of the way (I'm pretty sure they weren't in front of the sun",ENH03,,full removal,2,991,181,1012.5,30.40559159,1.414213562,21.5,203.5,31.81980515,1.414213562,22.5,,,,,,,,,,,,,,,
"Jan. 30, 2019",11:40 am - 12:08 pm,"sunny, wispy clouds that moved out of the way (I'm pretty sure they weren't in front of the sun",ENH04,,half removal,1,1002,231,,,,,,,,,,,,,,,,,,,,,,,
"Jan. 30, 2019",11:40 am - 12:08 pm,"sunny, wispy clouds that moved out of the way (I'm pretty sure they weren't in front of the sun",ENH04,,half removal,2,988,406,995,9.899494937,1.414213562,7,318.5,123.7436867,1.414213562,87.5,,,,,,,,,,,,,,,
"Jan. 30, 2019",11:40 am - 12:08 pm,"sunny, wispy clouds that moved out of the way (I'm pretty sure they weren't in front of the sun",ENH05,,half removal,1,1003,89,,,,,,,,,,,,,,,,,,,,,,,
"Jan. 30, 2019",11:40 am - 12:08 pm,"sunny, wispy clouds that moved out of the way (I'm pretty sure they weren't in front of the sun",ENH05,,half removal,2,1060,97,1031.5,40.30508653,1.414213562,28.5,93,5.656854249,1.414213562,4,,,,,,,,,,,,,,,
"Jan. 30, 2019",11:40 am - 12:08 pm,"sunny, wispy clouds that moved out of the way (I'm pretty sure they weren't in front of the sun",ENH06,,no removal,1,844,394,,,,,,,,,,,,,,,,,,,,,,,
"Jan. 30, 2019",11:40 am - 12:08 pm,"sunny, wispy clouds that moved out of the way (I'm pretty sure they weren't in front of the sun",ENH06,,no removal,2,860,423,852,11.3137085,1.414213562,8,408.5,20.50609665,1.414213562,14.5,,,,,,,,,,,,,,,
"Jan. 30, 2019",11:40 am - 12:08 pm,"sunny, wispy clouds that moved out of the way (I'm pretty sure they weren't in front of the sun",ENH07,,no removal,1,998,157,,,,,,,,,,,,,,,,,,,,,,,
"Jan. 30, 2019",11:40 am - 12:08 pm,"sunny, wispy clouds that moved out of the way (I'm pretty sure they weren't in front of the sun",ENH07,,no removal,2,1034,93,1016,25.45584412,1.414213562,18,125,45.254834,1.414213562,32,,,,,,,,,,,,,,,
"Jan. 30, 2019",11:40 am - 12:08 pm,"sunny, wispy clouds that moved out of the way (I'm pretty sure they weren't in front of the sun",ENH08,,half removal,1,542,107,,,,,,,,,second reading: 490/57,,,,,,,,,,,,,,
"Jan. 30, 2019",11:40 am - 12:08 pm,"sunny, wispy clouds that moved out of the way (I'm pretty sure they weren't in front of the sun",ENH08,,half removal,2,881,86,711.5,239.7091988,1.414213562,169.5,96.5,14.8492424,1.414213562,10.5,,,,,,,,,,,,,,,
"Jan. 30, 2019",11:40 am - 12:08 pm,"sunny, wispy clouds that moved out of the way (I'm pretty sure they weren't in front of the sun",ENH09,,full removal,1,744,349,,,,,,,,,,,,,,,,,,,,,,,
"Jan. 30, 2019",11:40 am - 12:08 pm,"sunny, wispy clouds that moved out of the way (I'm pretty sure they weren't in front of the sun",ENH09,,full removal,2,737,163,740.5,4.949747468,1.414213562,3.5,256,131.5218613,1.414213562,93,,,,,,,,,,,,,,,
"Jan. 30, 2019",11:40 am - 12:08 pm,"sunny, wispy clouds that moved out of the way (I'm pretty sure they weren't in front of the sun",ENH10,,half removal,1,800,68,,,,,,,,,,,,,,,,,,,,,,,
"Jan. 30, 2019",11:40 am - 12:08 pm,"sunny, wispy clouds that moved out of the way (I'm pretty sure they weren't in front of the sun",ENH10,,half removal,2,876,82,838,53.74011537,1.414213562,38,75,9.899494937,1.414213562,7,,,,,,,,,,,,,,,
"Jan. 30, 2019",11:40 am - 12:08 pm,"sunny, wispy clouds that moved out of the way (I'm pretty sure they weren't in front of the sun",ENH11,,no removal,1,959,151,,,,,,,,,,,,,,,,,,,,,,,
"Jan. 30, 2019",11:40 am - 12:08 pm,"sunny, wispy clouds that moved out of the way (I'm pretty sure they weren't in front of the sun",ENH11,,no removal,2,1053,349,1006,66.46803743,1.414213562,47,250,140.0071427,1.414213562,99,,,,,,,,,,,,,,,
"Jan. 30, 2019",11:40 am - 12:08 pm,"sunny, wispy clouds that moved out of the way (I'm pretty sure they weren't in front of the sun",ENH12,,full removal,1,848,105,,,,,,,,,,,,,,,,,,,,,,,
"Jan. 30, 2019",11:40 am - 12:08 pm,"sunny, wispy clouds that moved out of the way (I'm pretty sure they weren't in front of the sun",ENH12,,full removal,2,770,95,809,55.15432893,1.414213562,39,100,7.071067812,1.414213562,5,,,,,,,,,,,,,,,
"Jan. 30, 2019",11:40 am - 12:08 pm,"sunny, wispy clouds that moved out of the way (I'm pretty sure they weren't in front of the sun",ENH13,,full removal,1,1066,69,,,,,,,,,,,,,,,,,,,,,,,
"Jan. 30, 2019",11:40 am - 12:08 pm,"sunny, wispy clouds that moved out of the way (I'm pretty sure they weren't in front of the sun",ENH13,,full removal,2,1032,77,1049,24.04163056,1.414213562,17,73,5.656854249,1.414213562,4,,,,,,,,,,,,,,,
"Jan. 30, 2019",11:40 am - 12:08 pm,"sunny, wispy clouds that moved out of the way (I'm pretty sure they weren't in front of the sun",ENH14,,no removal,1,953,159,,,,,,,,,,,,,,,,,,,,,,,
"Jan. 30, 2019",11:40 am - 12:08 pm,"sunny, wispy clouds that moved out of the way (I'm pretty sure they weren't in front of the sun",ENH14,,no removal,2,1206,317,1079.5,178.8980156,1.414213562,126.5,238,111.7228714,1.414213562,79,,,,,,,,,,,,,,,
"Jan. 30, 2019",11:40 am - 12:08 pm,"sunny, wispy clouds that moved out of the way (I'm pretty sure they weren't in front of the sun",ENH15,,half removal,1,839,74,,,,,,,,,,,,,,,,,,,,,,,
"Jan. 30, 2019",11:40 am - 12:08 pm,"sunny, wispy clouds that moved out of the way (I'm pretty sure they weren't in front of the sun",ENH15,,half removal,2,683,56,761,110.3086579,1.414213562,78,65,12.72792206,1.414213562,9,,,,,,,,,,,,,,,
"Jan. 30, 2019",11:40 am - 12:08 pm,"sunny, wispy clouds that moved out of the way (I'm pretty sure they weren't in front of the sun",ENH16,,full removal,1,933,111,,,,,,,,,,,,,,,,,,,,,,,
"Jan. 30, 2019",11:40 am - 12:08 pm,"sunny, wispy clouds that moved out of the way (I'm pretty sure they weren't in front of the sun",ENH16,,full removal,2,890,35,911.5,30.40559159,1.414213562,21.5,73,53.74011537,1.414213562,38,,,,,,,,,,,,,,,
"Jan. 30, 2019",11:40 am - 12:08 pm,"sunny, wispy clouds that moved out of the way (I'm pretty sure they weren't in front of the sun",ENH17,,half removal,1,769,92,,,,,,,,,,,,,,,,,,,,,,,
"Jan. 30, 2019",11:40 am - 12:08 pm,"sunny, wispy clouds that moved out of the way (I'm pretty sure they weren't in front of the sun",ENH17,,half removal,2,871,55,820,72.12489168,1.414213562,51,73.5,26.1629509,1.414213562,18.5,,,,,,,,,,,,,,,
"Jan. 30, 2019",11:40 am - 12:08 pm,"sunny, wispy clouds that moved out of the way (I'm pretty sure they weren't in front of the sun",ENH18,,no removal,1,744,113,,,,,,,,,,,,,,,,,,,,,,,
"Jan. 30, 2019",11:40 am - 12:08 pm,"sunny, wispy clouds that moved out of the way (I'm pretty sure they weren't in front of the sun",ENH18,,no removal,2,1105,141,924.5,255.265548,1.414213562,180.5,127,19.79898987,1.414213562,14,,,,,,,,,,,,,,,
25-Jan-19,12:10 pm - 1:09 pm,sunny and still,ENH19,,full removal,1,1047,27,,,,,,,,,grassy!,,,,,,,,,,,,,,
25-Jan-19,12:10 pm - 1:09 pm,sunny and still,ENH19,,full removal,2,1072,25,1059.5,17.67766953,1.414213562,12.5,26,1.414213562,1.414213562,1,grassy!,,,,,,,,,,,,,,
25-Jan-19,12:10 pm - 1:09 pm,sunny and still,ENH20,,no removal,1,1075,563,,,,,,,,,,,,,,,,,,,,,,,
25-Jan-19,12:10 pm - 1:09 pm,sunny and still,ENH20,,no removal,2,1086,512,1080.5,7.778174593,1.414213562,5.5,537.5,36.06244584,1.414213562,25.5,,,,,,,,,,,,,,,
25-Jan-19,12:10 pm - 1:09 pm,sunny and still,ENH21,,half removal,1,988,729,,,,,,,,,,,,,,,,,,,,,,,
25-Jan-19,12:10 pm - 1:09 pm,sunny and still,ENH21,,half removal,2,1008,424,998,14.14213562,1.414213562,10,576.5,215.6675683,1.414213562,152.5,,,,,,,,,,,,,,,
25-Jan-19,12:10 pm - 1:09 pm,sunny and still,ENH22,,full removal,1,839,79,,,,,,,,,,,,,,,,,,,,,,,
25-Jan-19,12:10 pm - 1:09 pm,sunny and still,ENH22,,full removal,2,813,65,826,18.38477631,1.414213562,13,72,9.899494937,1.414213562,7,,,,,,,,,,,,,,,
25-Jan-19,12:10 pm - 1:09 pm,sunny and still,ENH23,,half removal,1,754,137,,,,,,,,,,,,,,,,,,,,,,,
25-Jan-19,12:10 pm - 1:09 pm,sunny and still,ENH23,,half removal,2,892,113,823,97.5807358,1.414213562,69,125,16.97056275,1.414213562,12,,,,,,,,,,,,,,,
25-Jan-19,12:10 pm - 1:09 pm,sunny and still,ENH24,,no removal,1,984,103,,,,,,,,,took reading at 1:15 pm,,,,,,,,,,,,,,
25-Jan-19,12:10 pm - 1:09 pm,sunny and still,ENH24,,no removal,2,1013,114,998.5,20.50609665,1.414213562,14.5,108.5,7.778174593,1.414213562,5.5,took reading at 1:15 pm,,,,,,,,,,,,,,
25-Jan-19,12:10 pm - 1:09 pm,sunny and still,ENH25,,no removal,1,1129,222,,,,,,,,,,,,,,,,,,,,,,,
25-Jan-19,12:10 pm - 1:09 pm,sunny and still,ENH25,,no removal,2,1062,560,1095.5,47.37615434,1.414213562,33.5,391,239.002092,1.414213562,169,,,,,,,,,,,,,,,
25-Jan-19,12:10 pm - 1:09 pm,sunny and still,ENH26,,half removal,1,770,114,,,,,,,,,,,,,,,,,,,,,,,
25-Jan-19,12:10 pm - 1:09 pm,sunny and still,ENH26,,half removal,2,917,156,843.5,103.9446968,1.414213562,73.5,135,29.69848481,1.414213562,21,,,,,,,,,,,,,,,
25-Jan-19,12:10 pm - 1:09 pm,sunny and still,ENH27,,full removal,1,786,90,,,,,,,,,,,,,,,,,,,,,,,
25-Jan-19,12:10 pm - 1:09 pm,sunny and still,ENH27,,full removal,2,797,67,791.5,7.778174593,1.414213562,5.5,78.5,16.26345597,1.414213562,11.5,,,,,,,,,,,,,,,
25-Jan-19,12:10 pm - 1:09 pm,sunny and still,ENH28,,half removal,1,960,91,,,,,,,,,,,,,,,,,,,,,,,
25-Jan-19,12:10 pm - 1:09 pm,sunny and still,ENH28,,half removal,2,900,950,930,42.42640687,1.414213562,30,520.5,607.404725,1.414213562,429.5,,,,,,,,,,,,,,,
25-Jan-19,12:10 pm - 1:09 pm,sunny and still,ENH29,,no removal,1,912,315,,,,,,,,,,,,,,,,,,,,,,,
25-Jan-19,12:10 pm - 1:09 pm,sunny and still,ENH29,,no removal,2,1109,385,1010.5,139.3000359,1.414213562,98.5,350,49.49747468,1.414213562,35,,,,,,,,,,,,,,,
25-Jan-19,12:10 pm - 1:09 pm,sunny and still,ENH30,,full removal,1,1066,572,,,,,,,,,,,,,,,,,,,,,,,
25-Jan-19,12:10 pm - 1:09 pm,sunny and still,ENH30,,full removal,2,1007,379,1036.5,41.71930009,1.414213562,29.5,475.5,136.4716088,1.414213562,96.5,,,,,,,,,,,,,,,
25-Jan-19,12:10 pm - 1:09 pm,sunny and still,ENH31,,no removal,1,1015,195,,,,,,,,,,,,,,,,,,,,,,,
25-Jan-19,12:10 pm - 1:09 pm,sunny and still,ENH31,,no removal,2,970,155,992.5,31.81980515,1.414213562,22.5,175,28.28427125,1.414213562,20,,,,,,,,,,,,,,,
25-Jan-19,12:10 pm - 1:09 pm,sunny and still,ENH32,,half removal,1,1043,200,,,,,,,,,,,,,,,,,,,,,,,
25-Jan-19,12:10 pm - 1:09 pm,sunny and still,ENH32,,half removal,2,895,324,969,104.6518036,1.414213562,74,262,87.68124087,1.414213562,62,,,,,,,,,,,,,,,
25-Jan-19,12:10 pm - 1:09 pm,sunny and still,ENH33,,full removal,1,1003,33,,,,,,,,,,,,,,,,,,,,,,,
25-Jan-19,12:10 pm - 1:09 pm,sunny and still,ENH33,,full removal,2,1011,155,1007,5.656854249,1.414213562,4,94,86.2670273,1.414213562,61,,,,,,,,,,,,,,,
25-Jan-19,12:10 pm - 1:09 pm,sunny and still,ENH34,,half removal,1,948,299,,,,,,,,,,,,,,,,,,,,,,,
25-Jan-19,12:10 pm - 1:09 pm,sunny and still,ENH34,,half removal,2,1030,487,989,57.98275606,1.414213562,41,393,132.9360749,1.414213562,94,,,,,,,,,,,,,,,
25-Jan-19,12:10 pm - 1:09 pm,sunny and still,ENH35,,full removal,1,926,329,,,,,,,,,,,,,,,,,,,,,,,
25-Jan-19,12:10 pm - 1:09 pm,sunny and still,ENH35,,full removal,2,1016,288,971,63.63961031,1.414213562,45,308.5,28.99137803,1.414213562,20.5,,,,,,,,,,,,,,,
25-Jan-19,12:10 pm - 1:09 pm,sunny and still,ENH36,,no removal,1,1101,102,,,,,,,,,,,,,,,,,,,,,,,
25-Jan-19,12:10 pm - 1:09 pm,sunny and still,ENH36,,no removal,2,1030,37,1065.5,50.20458146,1.414213562,35.5,69.5,45.96194078,1.414213562,32.5,second reading: 928/13,,,,,,,,,,,,,,
24-Mar-19,11:00 am - 12:00 pm,"sunny and warm, no breeze",ENH01,,no removal,1,1273,61,,,,,,,,,,,,,,,,,,,,,,,
24-Mar-19,11:00 am - 12:00 pm,"sunny and warm, no breeze",ENH01,,no removal,2,1169,162,1221,73.53910524,1.414213562,52,111.5,71.4177849,1.414213562,50.5,,,,,,,,,,,,,,,
24-Mar-19,11:00 am - 12:00 pm,"sunny and warm, no breeze",ENH02,,full removal,1,1211,556,,,,,,,,,,,,,,,,,,,,,,,
24-Mar-19,11:00 am - 12:00 pm,"sunny and warm, no breeze",ENH02,,full removal,2,1391,979,1301,127.2792206,1.414213562,90,767.5,299.1061684,1.414213562,211.5,,,,,,,,,,,,,,,
24-Mar-19,11:00 am - 12:00 pm,"sunny and warm, no breeze",ENH03,,full removal,1,1350,945,,,,,,,,,,,,,,,,,,,,,,,
24-Mar-19,11:00 am - 12:00 pm,"sunny and warm, no breeze",ENH03,,full removal,2,1451,721,1400.5,71.4177849,1.414213562,50.5,833,158.391919,1.414213562,112,,,,,,,,,,,,,,,
24-Mar-19,11:00 am - 12:00 pm,"sunny and warm, no breeze",ENH04,,half removal,1,1145,595,,,,,,,,,,,,,,,,,,,,,,,
24-Mar-19,11:00 am - 12:00 pm,"sunny and warm, no breeze",ENH04,,half removal,2,1443,544,1294,210.7178208,1.414213562,149,569.5,36.06244584,1.414213562,25.5,,,,,,,,,,,,,,,
24-Mar-19,11:00 am - 12:00 pm,"sunny and warm, no breeze",ENH05,,half removal,1,1356,482,,,,,,,,,,,,,,,,,,,,,,,
24-Mar-19,11:00 am - 12:00 pm,"sunny and warm, no breeze",ENH05,,half removal,2,1226,455,1291,91.92388155,1.414213562,65,468.5,19.09188309,1.414213562,13.5,,,,,,,,,,,,,,,
24-Mar-19,11:00 am - 12:00 pm,"sunny and warm, no breeze",ENH06,,no removal,1,1107,366,,,,,,,,,,,,,,,,,,,,,,,
24-Mar-19,11:00 am - 12:00 pm,"sunny and warm, no breeze",ENH06,,no removal,2,1151,468,1129,31.11269837,1.414213562,22,417,72.12489168,1.414213562,51,,,,,,,,,,,,,,,
24-Mar-19,11:00 am - 12:00 pm,"sunny and warm, no breeze",ENH07,,no removal,1,1075,407,,,,,,,,,,,,,,,,,,,,,,,
24-Mar-19,11:00 am - 12:00 pm,"sunny and warm, no breeze",ENH07,,no removal,2,1219,399,1147,101.8233765,1.414213562,72,403,5.656854249,1.414213562,4,,,,,,,,,,,,,,,
24-Mar-19,11:00 am - 12:00 pm,"sunny and warm, no breeze",ENH08,,half removal,1,1178,426,,,,,,,,,,,,,,,,,,,,,,,
24-Mar-19,11:00 am - 12:00 pm,"sunny and warm, no breeze",ENH08,,half removal,2,1198,520,1188,14.14213562,1.414213562,10,473,66.46803743,1.414213562,47,,,,,,,,,,,,,,,
24-Mar-19,11:00 am - 12:00 pm,"sunny and warm, no breeze",ENH09,,full removal,1,1165,578,,,,,,,,,,,,,,,,,,,,,,,
24-Mar-19,11:00 am - 12:00 pm,"sunny and warm, no breeze",ENH09,,full removal,2,1214,971,1189.5,34.64823228,1.414213562,24.5,774.5,277.892965,1.414213562,196.5,,,,,,,,,,,,,,,
24-Mar-19,11:00 am - 12:00 pm,"sunny and warm, no breeze",ENH10,,half removal,1,1142,352,,,,,,,,,,,,,,,,,,,,,,,
24-Mar-19,11:00 am - 12:00 pm,"sunny and warm, no breeze",ENH10,,half removal,2,1080,309,1111,43.84062043,1.414213562,31,330.5,30.40559159,1.414213562,21.5,,,,,,,,,,,,,,,
24-Mar-19,11:00 am - 12:00 pm,"sunny and warm, no breeze",ENH11,,no removal,1,1169,580,,,,,,,,,,,,,,,,,,,,,,,
24-Mar-19,11:00 am - 12:00 pm,"sunny and warm, no breeze",ENH11,,no removal,2,1195,1007,1182,18.38477631,1.414213562,13,793.5,301.9345956,1.414213562,213.5,,,,,,,,,,,,,,,
24-Mar-19,11:00 am - 12:00 pm,"sunny and warm, no breeze",ENH12,,full removal,1,1128,482,,,,,,,,,,,,,,,,,,,,,,,
24-Mar-19,11:00 am - 12:00 pm,"sunny and warm, no breeze",ENH12,,full removal,2,1226,415,1177,69.29646456,1.414213562,49,448.5,47.37615434,1.414213562,33.5,,,,,,,,,,,,,,,
24-Mar-19,11:00 am - 12:00 pm,"sunny and warm, no breeze",ENH13,,full removal,1,1013,373,,,,,,,,,,,,,,,,,,,,,,,
24-Mar-19,11:00 am - 12:00 pm,"sunny and warm, no breeze",ENH13,,full removal,2,1136,256,1074.5,86.97413409,1.414213562,61.5,314.5,82.7314934,1.414213562,58.5,,,,,,,,,,,,,,,
24-Mar-19,11:00 am - 12:00 pm,"sunny and warm, no breeze",ENH14,,no removal,1,1243,327,,,,,,,,,,,,,,,,,,,,,,,
24-Mar-19,11:00 am - 12:00 pm,"sunny and warm, no breeze",ENH14,,no removal,2,1228,519,1235.5,10.60660172,1.414213562,7.5,423,135.764502,1.414213562,96,,,,,,,,,,,,,,,
24-Mar-19,11:00 am - 12:00 pm,"sunny and warm, no breeze",ENH15,,half removal,1,803,148,,,,,,,,,,,,,,,,,,,,,,,
24-Mar-19,11:00 am - 12:00 pm,"sunny and warm, no breeze",ENH15,,half removal,2,971,265,887,118.7939392,1.414213562,84,206.5,82.7314934,1.414213562,58.5,,,,,,,,,,,,,,,
24-Mar-19,11:00 am - 12:00 pm,"sunny and warm, no breeze",ENH16,,full removal,1,988,823,,,,,,,,,,,,,,,,,,,,,,,
24-Mar-19,11:00 am - 12:00 pm,"sunny and warm, no breeze",ENH16,,full removal,2,958,368,973,21.21320344,1.414213562,15,595.5,321.7335854,1.414213562,227.5,,,,,,,,,,,,,,,
24-Mar-19,11:00 am - 12:00 pm,"sunny and warm, no breeze",ENH17,,half removal,1,978,94,,,,,,,,,,,,,,,,,,,,,,,
24-Mar-19,11:00 am - 12:00 pm,"sunny and warm, no breeze",ENH17,,half removal,2,947,222,962.5,21.92031022,1.414213562,15.5,158,90.50966799,1.414213562,64,,,,,,,,,,,,,,,
24-Mar-19,11:00 am - 12:00 pm,"sunny and warm, no breeze",ENH18,,no removal,1,1240,331,,,,,,,,,,,,,,,,,,,,,,,
24-Mar-19,11:00 am - 12:00 pm,"sunny and warm, no breeze",ENH18,,no removal,2,1148,548,1194,65.05382387,1.414213562,46,439.5,153.4421715,1.414213562,108.5,,,,,,,,,,,,,,,
24-Mar-19,12:10 pm - 12:40 pm,"sunny and warm, no breeze",ENH19,,full removal,1,1452,382,,,,,,,,,,,,,,,,,,,,,,,
24-Mar-19,12:10 pm - 12:40 pm,"sunny and warm, no breeze",ENH19,,full removal,2,1505,459,1478.5,37.4766594,1.414213562,26.5,420.5,54.44722215,1.414213562,38.5,,,,,,,,,,,,,,,
24-Mar-19,12:10 pm - 12:40 pm,"sunny and warm, no breeze",ENH20,,no removal,1,1434,583,,,,,,,,,,,,,,,,,,,,,,,
24-Mar-19,12:10 pm - 12:40 pm,"sunny and warm, no breeze",ENH20,,no removal,2,1570,285,1502,96.16652224,1.414213562,68,434,210.7178208,1.414213562,149,,,,,,,,,,,,,,,
24-Mar-19,12:10 pm - 12:40 pm,"sunny and warm, no breeze",ENH21,,half removal,1,1571,582,,,,,,,,,,,,,,,,,,,,,,,
24-Mar-19,12:10 pm - 12:40 pm,"sunny and warm, no breeze",ENH21,,half removal,2,1412,647,1491.5,112.4299782,1.414213562,79.5,614.5,45.96194078,1.414213562,32.5,,,,,,,,,,,,,,,
24-Mar-19,12:10 pm - 12:40 pm,"sunny and warm, no breeze",ENH22,,full removal,1,1370,308,,,,,,,,,,,,,,,,,,,,,,,
24-Mar-19,12:10 pm - 12:40 pm,"sunny and warm, no breeze",ENH22,,full removal,2,1448,446,1409,55.15432893,1.414213562,39,377,97.5807358,1.414213562,69,,,,,,,,,,,,,,,
24-Mar-19,12:10 pm - 12:40 pm,"sunny and warm, no breeze",ENH23,,half removal,1,1313,802,,,,,,,,,,,,,,,,,,,,,,,
24-Mar-19,12:10 pm - 12:40 pm,"sunny and warm, no breeze",ENH23,,half removal,2,1363,822,1338,35.35533906,1.414213562,25,812,14.14213562,1.414213562,10,,,,,,,,,,,,,,,
24-Mar-19,12:10 pm - 12:40 pm,"sunny and warm, no breeze",ENH24,,no removal,1,1379,546,,,,,,,,,,,,,,,,,,,,,,,
24-Mar-19,12:10 pm - 12:40 pm,"sunny and warm, no breeze",ENH24,,no removal,2,1411,303,1395,22.627417,1.414213562,16,424.5,171.8269478,1.414213562,121.5,,,,,,,,,,,,,,,
24-Mar-19,12:10 pm - 12:40 pm,"sunny and warm, no breeze",ENH25,,no removal,1,1515,800,,,,,,,,,,,,,,,,,,,,,,,
24-Mar-19,12:10 pm - 12:40 pm,"sunny and warm, no breeze",ENH25,,no removal,2,1646,967,1580.5,92.63098834,1.414213562,65.5,883.5,118.0868325,1.414213562,83.5,,,,,,,,,,,,,,,
24-Mar-19,12:10 pm - 12:40 pm,"sunny and warm, no breeze",ENH26,,half removal,1,1421,566,,,,,,,,,,,,,,,,,,,,,,,
24-Mar-19,12:10 pm - 12:40 pm,"sunny and warm, no breeze",ENH26,,half removal,2,1366,849,1393.5,38.89087297,1.414213562,27.5,707.5,200.1112191,1.414213562,141.5,,,,,,,,,,,,,,,
24-Mar-19,12:10 pm - 12:40 pm,"sunny and warm, no breeze",ENH27,,full removal,1,1315,730,,,,,,,,,,,,,,,,,,,,,,,
24-Mar-19,12:10 pm - 12:40 pm,"sunny and warm, no breeze",ENH27,,full removal,2,1239,664,1277,53.74011537,1.414213562,38,697,46.66904756,1.414213562,33,,,,,,,,,,,,,,,
24-Mar-19,12:10 pm - 12:40 pm,"sunny and warm, no breeze",ENH28,,half removal,1,1495,745,,,,,,,,,,,,,,,,,,,,,,,
24-Mar-19,12:10 pm - 12:40 pm,"sunny and warm, no breeze",ENH28,,half removal,2,1493,795,1494,1.414213562,1.414213562,1,770,35.35533906,1.414213562,25,,,,,,,,,,,,,,,
24-Mar-19,12:10 pm - 12:40 pm,"sunny and warm, no breeze",ENH29,,no removal,1,1208,603,,,,,,,,,,,,,,,,,,,,,,,
24-Mar-19,12:10 pm - 12:40 pm,"sunny and warm, no breeze",ENH29,,no removal,2,1193,748,1200.5,10.60660172,1.414213562,7.5,675.5,102.5304833,1.414213562,72.5,,,,,,,,,,,,,,,
24-Mar-19,12:10 pm - 12:40 pm,"sunny and warm, no breeze",ENH30,,full removal,1,1458,1253,,,,,,,,,,,,,,,,,,,,,,,
24-Mar-19,12:10 pm - 12:40 pm,"sunny and warm, no breeze",ENH30,,full removal,2,1375,1057,1416.5,58.68986284,1.414213562,41.5,1155,138.5929291,1.414213562,98,,,,,,,,,,,,,,,
24-Mar-19,12:10 pm - 12:40 pm,"sunny and warm, no breeze",ENH31,,no removal,1,1303,353,,,,,,,,,,,,,,,,,,,,,,,
24-Mar-19,12:10 pm - 12:40 pm,"sunny and warm, no breeze",ENH31,,no removal,2,1458,1025,1380.5,109.6015511,1.414213562,77.5,689,475.175757,1.414213562,336,,,,,,,,,,,,,,,
24-Mar-19,12:10 pm - 12:40 pm,"sunny and warm, no breeze",ENH32,,half removal,1,1133,1014,,,,,,,,,,,,,,,,,,,,,,,
24-Mar-19,12:10 pm - 12:40 pm,"sunny and warm, no breeze",ENH32,,half removal,2,1366,943,1249.5,164.75588,1.414213562,116.5,978.5,50.20458146,1.414213562,35.5,,,,,,,,,,,,,,,
24-Mar-19,12:10 pm - 12:40 pm,"sunny and warm, no breeze",ENH33,,full removal,1,1290,694,,,,,,,,,,,,,,,,,,,,,,,
24-Mar-19,12:10 pm - 12:40 pm,"sunny and warm, no breeze",ENH33,,full removal,2,1366,863,1328,53.74011537,1.414213562,38,778.5,119.501046,1.414213562,84.5,,,,,,,,,,,,,,,
24-Mar-19,12:10 pm - 12:40 pm,"sunny and warm, no breeze",ENH34,,half removal,1,1370,920,,,,,,,,,,,,,,,,,,,,,,,
24-Mar-19,12:10 pm - 12:40 pm,"sunny and warm, no breeze",ENH34,,half removal,2,1400,447,1385,21.21320344,1.414213562,15,683.5,334.4615075,1.414213562,236.5,,,,,,,,,,,,,,,
24-Mar-19,12:10 pm - 12:40 pm,"sunny and warm, no breeze",ENH35,,full removal,1,1229,690,,,,,,,,,,,,,,,,,,,,,,,
24-Mar-19,12:10 pm - 12:40 pm,"sunny and warm, no breeze",ENH35,,full removal,2,1172,585,1200.5,40.30508653,1.414213562,28.5,637.5,74.24621202,1.414213562,52.5,,,,,,,,,,,,,,,
24-Mar-19,12:10 pm - 12:40 pm,"sunny and warm, no breeze",ENH36,,no removal,1,1456,326,,,,,,,,,,,,,,,,,,,,,,,
24-Mar-19,12:10 pm - 12:40 pm,"sunny and warm, no breeze",ENH36,,no removal,2,1478,563,1467,15.55634919,1.414213562,11,444.5,167.5843071,1.414213562,118.5,,,,,,,,,,,,,,,
"Nov. 16, 2019",10:58 am - 11:54 am,"sunny and warm, light breeze",ENH01,,no removal,1,508,85,,,,,,,,,,,,,,,,,,,,,,,
"Nov. 16, 2019",10:58 am - 11:54 am,"sunny and warm, light breeze",ENH01,,no removal,2,793,108,650.5,201.5254326,1.414213562,142.5,96.5,16.26345597,1.414213562,11.5,,,,,,,,,,,,,,,
"Nov. 16, 2019",10:58 am - 11:54 am,"sunny and warm, light breeze",ENH02,,full removal,1,590,129,,,,,,,,,,,,,,,,,,,,,,,
"Nov. 16, 2019",10:58 am - 11:54 am,"sunny and warm, light breeze",ENH02,,full removal,2,820,196,705,162.6345597,1.414213562,115,162.5,47.37615434,1.414213562,33.5,,,,,,,,,,,,,,,
"Nov. 16, 2019",10:58 am - 11:54 am,"sunny and warm, light breeze",ENH03,,full removal,1,828,122,,,,,,,,,,,,,,,,,,,,,,,
"Nov. 16, 2019",10:58 am - 11:54 am,"sunny and warm, light breeze",ENH03,,full removal,2,877,133,852.5,34.64823228,1.414213562,24.5,127.5,7.778174593,1.414213562,5.5,,,,,,,,,,,,,,,
"Nov. 16, 2019",10:58 am - 11:54 am,"sunny and warm, light breeze",ENH04,,half removal,1,891,116,,,,,,,,,,,,,,,,,,,,,,,
"Nov. 16, 2019",10:58 am - 11:54 am,"sunny and warm, light breeze",ENH04,,half removal,2,744,118,817.5,103.9446968,1.414213562,73.5,117,1.414213562,1.414213562,1,,,,,,,,,,,,,,,
"Nov. 16, 2019",10:58 am - 11:54 am,"sunny and warm, light breeze",ENH05,,half removal,1,691,100,,,,,,,,,,,,,,,,,,,,,,,
"Nov. 16, 2019",10:58 am - 11:54 am,"sunny and warm, light breeze",ENH05,,half removal,2,662,67,676.5,20.50609665,1.414213562,14.5,83.5,23.33452378,1.414213562,16.5,,,,,,,,,,,,,,,
"Nov. 16, 2019",10:58 am - 11:54 am,"sunny and warm, light breeze",ENH06,,no removal,1,620,213,,,,,,,,,,,,,,,,,,,,,,,
"Nov. 16, 2019",10:58 am - 11:54 am,"sunny and warm, light breeze",ENH06,,no removal,2,753,325,686.5,94.0452019,1.414213562,66.5,269,79.19595949,1.414213562,56,,,,,,,,,,,,,,,
"Nov. 16, 2019",10:58 am - 11:54 am,"sunny and warm, light breeze",ENH07,,no removal,1,928,223,,,,,,,,,,,,,,,,,,,,,,,
"Nov. 16, 2019",10:58 am - 11:54 am,"sunny and warm, light breeze",ENH07,,no removal,2,963,199,945.5,24.74873734,1.414213562,17.5,211,16.97056275,1.414213562,12,,,,,,,,,,,,,,,
"Nov. 16, 2019",10:58 am - 11:54 am,"sunny and warm, light breeze",ENH08,,half removal,1,657,125,,,,,,,,,,,,,,,,,,,,,,,
"Nov. 16, 2019",10:58 am - 11:54 am,"sunny and warm, light breeze",ENH08,,half removal,2,642,167,649.5,10.60660172,1.414213562,7.5,146,29.69848481,1.414213562,21,,,,,,,,,,,,,,,
"Nov. 16, 2019",10:58 am - 11:54 am,"sunny and warm, light breeze",ENH09,,full removal,1,658,103,,,,,,,,,,,,,,,,,,,,,,,
"Nov. 16, 2019",10:58 am - 11:54 am,"sunny and warm, light breeze",ENH09,,full removal,2,433,179,545.5,159.0990258,1.414213562,112.5,141,53.74011537,1.414213562,38,,,,,,,,,,,,,,,
"Nov. 16, 2019",10:58 am - 11:54 am,"sunny and warm, light breeze",ENH10,,half removal,1,855,139,,,,,,,,,,,,,,,,,,,,,,,
"Nov. 16, 2019",10:58 am - 11:54 am,"sunny and warm, light breeze",ENH10,,half removal,2,740,85,797.5,81.31727984,1.414213562,57.5,112,38.18376618,1.414213562,27,,,,,,,,,,,,,,,
"Nov. 16, 2019",10:58 am - 11:54 am,"sunny and warm, light breeze",ENH11,,no removal,1,587,116,,,,,,,,,,,,,,,,,,,,,,,
"Nov. 16, 2019",10:58 am - 11:54 am,"sunny and warm, light breeze",ENH11,,no removal,2,582,199,584.5,3.535533906,1.414213562,2.5,157.5,58.68986284,1.414213562,41.5,,,,,,,,,,,,,,,
"Nov. 16, 2019",10:58 am - 11:54 am,"sunny and warm, light breeze",ENH12,,full removal,1,458,114,,,,,,,,,,,,,,,,,,,,,,,
"Nov. 16, 2019",10:58 am - 11:54 am,"sunny and warm, light breeze",ENH12,,full removal,2,548,114,503,63.63961031,1.414213562,45,114,0,1.414213562,0,,,,,,,,,,,,,,,
"Nov. 16, 2019",10:58 am - 11:54 am,"sunny and warm, light breeze",ENH13,,full removal,1,632,52,,,,,,,,,,,,,,,,,,,,,,,
"Nov. 16, 2019",10:58 am - 11:54 am,"sunny and warm, light breeze",ENH13,,full removal,2,798,81,715,117.3797257,1.414213562,83,66.5,20.50609665,1.414213562,14.5,,,,,,,,,,,,,,,
"Nov. 16, 2019",10:58 am - 11:54 am,"sunny and warm, light breeze",ENH14,,no removal,1,813,204,,,,,,,,,,,,,,,,,,,,,,,
"Nov. 16, 2019",10:58 am - 11:54 am,"sunny and warm, light breeze",ENH14,,no removal,2,908,216,860.5,67.17514421,1.414213562,47.5,210,8.485281374,1.414213562,6,,,,,,,,,,,,,,,
"Nov. 16, 2019",10:58 am - 11:54 am,"sunny and warm, light breeze",ENH15,,half removal,1,722,73,,,,,,,,,,,,,,,,,,,,,,,
"Nov. 16, 2019",10:58 am - 11:54 am,"sunny and warm, light breeze",ENH15,,half removal,2,603,76,662.5,84.14570696,1.414213562,59.5,74.5,2.121320344,1.414213562,1.5,,,,,,,,,,,,,,,
"Nov. 16, 2019",10:58 am - 11:54 am,"sunny and warm, light breeze",ENH16,,full removal,1,928,95,,,,,,,,,,,,,,,,,,,,,,,
"Nov. 16, 2019",10:58 am - 11:54 am,"sunny and warm, light breeze",ENH16,,full removal,2,1060,87,994,93.33809512,1.414213562,66,91,5.656854249,1.414213562,4,,,,,,,,,,,,,,,
"Nov. 16, 2019",10:58 am - 11:54 am,"sunny and warm, light breeze",ENH17,,half removal,1,741,62,,,,,,,,,,,,,,,,,,,,,,,
"Nov. 16, 2019",10:58 am - 11:54 am,"sunny and warm, light breeze",ENH17,,half removal,2,557,48,649,130.1076477,1.414213562,92,55,9.899494937,1.414213562,7,,,,,,,,,,,,,,,
"Nov. 16, 2019",10:58 am - 11:54 am,"sunny and warm, light breeze",ENH18,,no removal,1,1040,47,,,,,,,,,,,,,,,,,,,,,,,
"Nov. 16, 2019",10:58 am - 11:54 am,"sunny and warm, light breeze",ENH18,,no removal,2,669,113,854.5,262.3366158,1.414213562,185.5,80,46.66904756,1.414213562,33,,,,,,,,,,,,,,,
"Nov. 16, 2019",12:30 pm - 12:58 pm,"sunny and warm, light breeze",ENH19,,full removal,1,772,426,,,,,,,,,,,,,,,,,,,,,,,
"Nov. 16, 2019",12:30 pm - 12:58 pm,"sunny and warm, light breeze",ENH19,,full removal,2,1008,488,890,166.8772004,1.414213562,118,457,43.84062043,1.414213562,31,,,,,,,,,,,,,,,
"Nov. 16, 2019",12:30 pm - 12:58 pm,"sunny and warm, light breeze",ENH20,,no removal,1,761,466,,,,,,,,,,,,,,,,,,,,,,,
"Nov. 16, 2019",12:30 pm - 12:58 pm,"sunny and warm, light breeze",ENH20,,no removal,2,910,327,835.5,105.3589104,1.414213562,74.5,396.5,98.28784258,1.414213562,69.5,,,,,,,,,,,,,,,
"Nov. 16, 2019",12:30 pm - 12:58 pm,"sunny and warm, light breeze",ENH21,,half removal,1,837,327,,,,,,,,,,,,,,,,,,,,,,,
"Nov. 16, 2019",12:30 pm - 12:58 pm,"sunny and warm, light breeze",ENH21,,half removal,2,884,368,860.5,33.23401872,1.414213562,23.5,347.5,28.99137803,1.414213562,20.5,,,,,,,,,,,,,,,
"Nov. 16, 2019",12:30 pm - 12:58 pm,"sunny and warm, light breeze",ENH22,,full removal,1,636,290,,,,,,,,,,,,,,,,,,,,,,,
"Nov. 16, 2019",12:30 pm - 12:58 pm,"sunny and warm, light breeze",ENH22,,full removal,2,361,218,498.5,194.4543648,1.414213562,137.5,254,50.91168825,1.414213562,36,plot is more east facing than south facing,,,,,,,,,,,,,,
"Nov. 16, 2019",12:30 pm - 12:58 pm,"sunny and warm, light breeze",ENH23,,half removal,1,696,189,,,,,,,,,,,,,,,,,,,,,,,
"Nov. 16, 2019",12:30 pm - 12:58 pm,"sunny and warm, light breeze",ENH23,,half removal,2,604,114,650,65.05382387,1.414213562,46,151.5,53.03300859,1.414213562,37.5,,,,,,,,,,,,,,,
"Nov. 16, 2019",12:30 pm - 12:58 pm,"sunny and warm, light breeze",ENH24,,no removal,1,615,132,,,,,,,,,,,,,,,,,,,,,,,
"Nov. 16, 2019",12:30 pm - 12:58 pm,"sunny and warm, light breeze",ENH24,,no removal,2,706,27,660.5,64.34671709,1.414213562,45.5,79.5,74.24621202,1.414213562,52.5,,,,,,,,,,,,,,,
"Nov. 16, 2019",12:30 pm - 12:58 pm,"sunny and warm, light breeze",ENH25,,no removal,1,925,409,,,,,,,,,,,,,,,,,,,,,,,
"Nov. 16, 2019",12:30 pm - 12:58 pm,"sunny and warm, light breeze",ENH25,,no removal,2,898,486,911.5,19.09188309,1.414213562,13.5,447.5,54.44722215,1.414213562,38.5,,,,,,,,,,,,,,,
"Nov. 16, 2019",12:30 pm - 12:58 pm,"sunny and warm, light breeze",ENH26,,half removal,1,421,161,,,,,,,,,,,,,,,,,,,,,,,
"Nov. 16, 2019",12:30 pm - 12:58 pm,"sunny and warm, light breeze",ENH26,,half removal,2,663,160,542,171.119841,1.414213562,121,160.5,0.707106781,1.414213562,0.5,,,,,,,,,,,,,,,
"Nov. 16, 2019",12:30 pm - 12:58 pm,"sunny and warm, light breeze",ENH27,,full removal,1,538,133,,,,,,,,,,,,,,,,,,,,,,,
"Nov. 16, 2019",12:30 pm - 12:58 pm,"sunny and warm, light breeze",ENH27,,full removal,2,836,93,687,210.7178208,1.414213562,149,113,28.28427125,1.414213562,20,,,,,,,,,,,,,,,
"Nov. 16, 2019",12:30 pm - 12:58 pm,"sunny and warm, light breeze",ENH28,,half removal,1,753,207,,,,,,,,,,,,,,,,,,,,,,,
"Nov. 16, 2019",12:30 pm - 12:58 pm,"sunny and warm, light breeze",ENH28,,half removal,2,687,165,720,46.66904756,1.414213562,33,186,29.69848481,1.414213562,21,,,,,,,,,,,,,,,
"Nov. 16, 2019",12:30 pm - 12:58 pm,"sunny and warm, light breeze",ENH29,,no removal,1,822,246,,,,,,,,,,,,,,,,,,,,,,,
"Nov. 16, 2019",12:30 pm - 12:58 pm,"sunny and warm, light breeze",ENH29,,no removal,2,715,255,768.5,75.66042559,1.414213562,53.5,250.5,6.363961031,1.414213562,4.5,,,,,,,,,,,,,,,
"Nov. 16, 2019",12:30 pm - 12:58 pm,"sunny and warm, light breeze",ENH30,,full removal,1,793,651,,,,,,,,,,,,,,,,,,,,,,,
"Nov. 16, 2019",12:30 pm - 12:58 pm,"sunny and warm, light breeze",ENH30,,full removal,2,668,361,730.5,88.38834765,1.414213562,62.5,506,205.0609665,1.414213562,145,,,,,,,,,,,,,,,
"Nov. 16, 2019",12:30 pm - 12:58 pm,"sunny and warm, light breeze",ENH31,,no removal,1,749,290,,,,,,,,,,,,,,,,,,,,,,,
"Nov. 16, 2019",12:30 pm - 12:58 pm,"sunny and warm, light breeze",ENH31,,no removal,2,611,281,680,97.5807358,1.414213562,69,285.5,6.363961031,1.414213562,4.5,,,,,,,,,,,,,,,
"Nov. 16, 2019",12:30 pm - 12:58 pm,"sunny and warm, light breeze",ENH32,,half removal,1,662,602,,,,,,,,,,,,,,,,,,,,,,,
"Nov. 16, 2019",12:30 pm - 12:58 pm,"sunny and warm, light breeze",ENH32,,half removal,2,842,429,752,127.2792206,1.414213562,90,515.5,122.3294731,1.414213562,86.5,,,,,,,,,,,,,,,
"Nov. 16, 2019",12:30 pm - 12:58 pm,"sunny and warm, light breeze",ENH33,,full removal,1,785,235,,,,,,,,,,,,,,,,,,,,,,,
"Nov. 16, 2019",12:30 pm - 12:58 pm,"sunny and warm, light breeze",ENH33,,full removal,2,656,259,720.5,91.21677477,1.414213562,64.5,247,16.97056275,1.414213562,12,,,,,,,,,,,,,,,
"Nov. 16, 2019",12:30 pm - 12:58 pm,"sunny and warm, light breeze",ENH34,,half removal,1,679,335,,,,,,,,,,,,,,,,,,,,,,,
"Nov. 16, 2019",12:30 pm - 12:58 pm,"sunny and warm, light breeze",ENH34,,half removal,2,622,377,650.5,40.30508653,1.414213562,28.5,356,29.69848481,1.414213562,21,,,,,,,,,,,,,,,
"Nov. 16, 2019",12:30 pm - 12:58 pm,"sunny and warm, light breeze",ENH35,,full removal,1,880,257,,,,,,,,,,,,,,,,,,,,,,,
"Nov. 16, 2019",12:30 pm - 12:58 pm,"sunny and warm, light breeze",ENH35,,full removal,2,786,217,833,66.46803743,1.414213562,47,237,28.28427125,1.414213562,20,,,,,,,,,,,,,,,
"Nov. 16, 2019",12:30 pm - 12:58 pm,"sunny and warm, light breeze",ENH36,,no removal,1,840,368,,,,,,,,,,,,,,,,,,,,,,,
"Nov. 16, 2019",12:30 pm - 12:58 pm,"sunny and warm, light breeze",ENH36,,no removal,2,778,500,809,43.84062043,1.414213562,31,434,93.33809512,1.414213562,66,,,,,,,,,,,,,,,
9-Sep-19,11:00 am - 11:40 am,,ENH01,,no removal,1,1323,326,,,,,,,,,,,,,,,,,,,,,,,
9-Sep-19,11:00 am - 11:40 am,,ENH01,,no removal,2,1240,290,1281.5,58.68986284,1.414213562,41.5,308,25.45584412,1.414213562,18,,,,,,,,,,,,,,,
9-Sep-19,11:00 am - 11:40 am,,ENH02,,full removal,1,1191,387,,,,,,,,,,,,,,,,,,,,,,,
9-Sep-19,11:00 am - 11:40 am,,ENH02,,full removal,2,1303,458,1247,79.19595949,1.414213562,56,422.5,50.20458146,1.414213562,35.5,,,,,,,,,,,,,,,
9-Sep-19,11:00 am - 11:40 am,,ENH03,,full removal,1,1325,694,,,,,,,,,,,,,,,,,,,,,,,
9-Sep-19,11:00 am - 11:40 am,,ENH03,,full removal,2,1482,911,1403.5,111.0157646,1.414213562,78.5,802.5,153.4421715,1.414213562,108.5,,,,,,,,,,,,,,,
9-Sep-19,11:00 am - 11:40 am,,ENH04,,half removal,1,1353,454,,,,,,,,,,,,,,,,,,,,,,,
9-Sep-19,11:00 am - 11:40 am,,ENH04,,half removal,2,1138,465,1245.5,152.027958,1.414213562,107.5,459.5,7.778174593,1.414213562,5.5,,,,,,,,,,,,,,,
9-Sep-19,11:00 am - 11:40 am,,ENH05,,half removal,1,1404,411,,,,,,,,,,,,,,,,,,,,,,,
9-Sep-19,11:00 am - 11:40 am,,ENH05,,half removal,2,1228,586,1316,124.4507935,1.414213562,88,498.5,123.7436867,1.414213562,87.5,,,,,,,,,,,,,,,
9-Sep-19,11:00 am - 11:40 am,,ENH06,,no removal,1,1372,379,,,,,,,,,,,,,,,,,,,,,,,
9-Sep-19,11:00 am - 11:40 am,,ENH06,,no removal,2,1196,288,1284,124.4507935,1.414213562,88,333.5,64.34671709,1.414213562,45.5,,,,,,,,,,,,,,,
9-Sep-19,11:00 am - 11:40 am,,ENH07,,no removal,1,1127,429,,,,,,,,,,,,,,,,,,,,,,,
9-Sep-19,11:00 am - 11:40 am,,ENH07,,no removal,2,1391,352,1259,186.6761902,1.414213562,132,390.5,54.44722215,1.414213562,38.5,,,,,,,,,,,,,,,
9-Sep-19,11:00 am - 11:40 am,,ENH08,,half removal,1,1176,259,,,,,,,,,,,,,,,,,,,,,,,
9-Sep-19,11:00 am - 11:40 am,,ENH08,,half removal,2,1255,437,1215.5,55.86143571,1.414213562,39.5,348,125.8650071,1.414213562,89,,,,,,,,,,,,,,,
9-Sep-19,11:00 am - 11:40 am,,ENH09,,full removal,1,935,884,,,,,,,,,,,,,,,,,,,,,,,
9-Sep-19,11:00 am - 11:40 am,,ENH09,,full removal,2,1282,1008,1108.5,245.3660531,1.414213562,173.5,946,87.68124087,1.414213562,62,,,,,,,,,,,,,,,
9-Sep-19,11:00 am - 11:40 am,,ENH10,,half removal,1,1313,245,,,,,,,,,,,,,,,,,,,,,,,
9-Sep-19,11:00 am - 11:40 am,,ENH10,,half removal,2,1347,363,1330,24.04163056,1.414213562,17,304,83.43860018,1.414213562,59,,,,,,,,,,,,,,,
9-Sep-19,11:00 am - 11:40 am,,ENH11,,no removal,1,1077,941,,,,,,,,,,,,,,,,,,,,,,,
9-Sep-19,11:00 am - 11:40 am,,ENH11,,no removal,2,1328,868,1202.5,177.4838021,1.414213562,125.5,904.5,51.61879503,1.414213562,36.5,,,,,,,,,,,,,,,
9-Sep-19,11:00 am - 11:40 am,,ENH12,,full removal,1,1101,319,,,,,,,,,,,,,,,,,,,,,,,
9-Sep-19,11:00 am - 11:40 am,,ENH12,,full removal,2,1146,443,1123.5,31.81980515,1.414213562,22.5,381,87.68124087,1.414213562,62,,,,,,,,,,,,,,,
9-Sep-19,11:00 am - 11:40 am,,ENH13,,full removal,1,1165,460,,,,,,,,,,,,,,,,,,,,,,,
9-Sep-19,11:00 am - 11:40 am,,ENH13,,full removal,2,1220,449,1192.5,38.89087297,1.414213562,27.5,454.5,7.778174593,1.414213562,5.5,,,,,,,,,,,,,,,
9-Sep-19,11:00 am - 11:40 am,,ENH14,,no removal,1,964,450,,,,,,,,,,,,,,,,,,,,,,,
9-Sep-19,11:00 am - 11:40 am,,ENH14,,no removal,2,1235,484,1099.5,191.6259377,1.414213562,135.5,467,24.04163056,1.414213562,17,,,,,,,,,,,,,,,
9-Sep-19,11:00 am - 11:40 am,,ENH15,,half removal,1,927,281,,,,,,,,,,,,,,,,,,,,,,,
9-Sep-19,11:00 am - 11:40 am,,ENH15,,half removal,2,847,280,887,56.56854249,1.414213562,40,280.5,0.707106781,1.414213562,0.5,,,,,,,,,,,,,,,
9-Sep-19,11:00 am - 11:40 am,,ENH16,,full removal,1,1120,735,,,,,,,,,,,,,,,,,,,,,,,
9-Sep-19,11:00 am - 11:40 am,,ENH16,,full removal,2,1316,493,1218,138.5929291,1.414213562,98,614,171.119841,1.414213562,121,,,,,,,,,,,,,,,
9-Sep-19,11:00 am - 11:40 am,,ENH17,,half removal,1,1178,143,,,,,,,,,,,,,,,,,,,,,,,
9-Sep-19,11:00 am - 11:40 am,,ENH17,,half removal,2,1286,155,1232,76.36753237,1.414213562,54,149,8.485281374,1.414213562,6,,,,,,,,,,,,,,,
9-Sep-19,11:00 am - 11:40 am,,ENH18,,no removal,1,1299,226,,,,,,,,,,,,,,,,,,,,,,,
9-Sep-19,11:00 am - 11:40 am,,ENH18,,no removal,2,1226,263,1262.5,51.61879503,1.414213562,36.5,244.5,26.1629509,1.414213562,18.5,,,,,,,,,,,,,,,
9-Sep-19,12:16 pm - 12:57 pm,,ENH19,,full removal,1,1446,457,,,,,,,,,lots of grass,,,,,,,,,,,,,,
9-Sep-19,12:16 pm - 12:57 pm,,ENH19,,full removal,2,1257,213,1351.5,133.6431816,1.414213562,94.5,335,172.5340546,1.414213562,122,lots of grass,,,,,,,,,,,,,,
9-Sep-19,12:16 pm - 12:57 pm,,ENH20,,no removal,1,1365,356,,,,,,,,,,,,,,,,,,,,,,,
9-Sep-19,12:16 pm - 12:57 pm,,ENH20,,no removal,2,1387,498,1376,15.55634919,1.414213562,11,427,100.4091629,1.414213562,71,,,,,,,,,,,,,,,
9-Sep-19,12:16 pm - 12:57 pm,,ENH21,,half removal,1,1538,290,,,,,,,,,,,,,,,,,,,,,,,
9-Sep-19,12:16 pm - 12:57 pm,,ENH21,,half removal,2,1529,246,1533.5,6.363961031,1.414213562,4.5,268,31.11269837,1.414213562,22,,,,,,,,,,,,,,,
9-Sep-19,12:16 pm - 12:57 pm,,ENH22,,full removal,1,1406,721,,,,,,,,,,,,,,,,,,,,,,,
9-Sep-19,12:16 pm - 12:57 pm,,ENH22,,full removal,2,1214,898,1310,135.764502,1.414213562,96,809.5,125.1579003,1.414213562,88.5,,,,,,,,,,,,,,,
9-Sep-19,12:16 pm - 12:57 pm,,ENH23,,half removal,1,1309,661,,,,,,,,,,,,,,,,,,,,,,,
9-Sep-19,12:16 pm - 12:57 pm,,ENH23,,half removal,2,1286,483,1297.5,16.26345597,1.414213562,11.5,572,125.8650071,1.414213562,89,,,,,,,,,,,,,,,
9-Sep-19,12:16 pm - 12:57 pm,,ENH24,,no removal,1,1186,387,,,,,,,,,,,,,,,,,,,,,,,
9-Sep-19,12:16 pm - 12:57 pm,,ENH24,,no removal,2,1166,451,1176,14.14213562,1.414213562,10,419,45.254834,1.414213562,32,,,,,,,,,,,,,,,
9-Sep-19,12:16 pm - 12:57 pm,,ENH25,,no removal,1,1449,959,,,,,,,,,,,,,,,,,,,,,,,
9-Sep-19,12:16 pm - 12:57 pm,,ENH25,,no removal,2,1439,762,1444,7.071067812,1.414213562,5,860.5,139.3000359,1.414213562,98.5,,,,,,,,,,,,,,,
9-Sep-19,12:16 pm - 12:57 pm,,ENH26,,half removal,1,1202,750,,,,,,,,,,,,,,,,,,,,,,,
9-Sep-19,12:16 pm - 12:57 pm,,ENH26,,half removal,2,1214,843,1208,8.485281374,1.414213562,6,796.5,65.76093065,1.414213562,46.5,,,,,,,,,,,,,,,
9-Sep-19,12:16 pm - 12:57 pm,,ENH27,,full removal,1,1323,653,,,,,,,,,,,,,,,,,,,,,,,
9-Sep-19,12:16 pm - 12:57 pm,,ENH27,,full removal,2,1279,605,1301,31.11269837,1.414213562,22,629,33.9411255,1.414213562,24,,,,,,,,,,,,,,,
9-Sep-19,12:16 pm - 12:57 pm,,ENH28,,half removal,1,1410,635,,,,,,,,,,,,,,,,,,,,,,,
9-Sep-19,12:16 pm - 12:57 pm,,ENH28,,half removal,2,1275,708,1342.5,95.45941546,1.414213562,67.5,671.5,51.61879503,1.414213562,36.5,,,,,,,,,,,,,,,
9-Sep-19,12:16 pm - 12:57 pm,,ENH29,,no removal,1,1399,626,,,,,,,,,,,,,,,,,,,,,,,
9-Sep-19,12:16 pm - 12:57 pm,,ENH29,,no removal,2,1314,635,1356.5,60.1040764,1.414213562,42.5,630.5,6.363961031,1.414213562,4.5,,,,,,,,,,,,,,,
9-Sep-19,12:16 pm - 12:57 pm,,ENH30,,full removal,1,1457,1189,,,,,,,,,,,,,,,,,,,,,,,
9-Sep-19,12:16 pm - 12:57 pm,,ENH30,,full removal,2,1318,1150,1387.5,98.28784258,1.414213562,69.5,1169.5,27.57716447,1.414213562,19.5,,,,,,,,,,,,,,,
9-Sep-19,12:16 pm - 12:57 pm,,ENH31,,no removal,1,1246,526,,,,,,,,,,,,,,,,,,,,,,,
9-Sep-19,12:16 pm - 12:57 pm,,ENH31,,no removal,2,1301,782,1273.5,38.89087297,1.414213562,27.5,654,181.019336,1.414213562,128,,,,,,,,,,,,,,,
9-Sep-19,12:16 pm - 12:57 pm,,ENH32,,half removal,1,1193,722,,,,,,,,,,,,,,,,,,,,,,,
9-Sep-19,12:16 pm - 12:57 pm,,ENH32,,half removal,2,1188,629,1190.5,3.535533906,1.414213562,2.5,675.5,65.76093065,1.414213562,46.5,,,,,,,,,,,,,,,
9-Sep-19,12:16 pm - 12:57 pm,,ENH33,,full removal,1,1264,514,,,,,,,,,,,,,,,,,,,,,,,
9-Sep-19,12:16 pm - 12:57 pm,,ENH33,,full removal,2,1245,545,1254.5,13.43502884,1.414213562,9.5,529.5,21.92031022,1.414213562,15.5,,,,,,,,,,,,,,,
9-Sep-19,12:16 pm - 12:57 pm,,ENH34,,half removal,1,1361,830,,,,,,,,,,,,,,,,,,,,,,,
9-Sep-19,12:16 pm - 12:57 pm,,ENH34,,half removal,2,1379,461,1370,12.72792206,1.414213562,9,645.5,260.9224023,1.414213562,184.5,,,,,,,,,,,,,,,
9-Sep-19,12:16 pm - 12:57 pm,,ENH35,,full removal,1,1370,463,,,,,,,,,,,,,,,,,,,,,,,
9-Sep-19,12:16 pm - 12:57 pm,,ENH35,,full removal,2,1310,582,1340,42.42640687,1.414213562,30,522.5,84.14570696,1.414213562,59.5,,,,,,,,,,,,,,,
9-Sep-19,12:16 pm - 12:57 pm,,ENH36,,no removal,1,1392,743,,,,,,,,,,,,,,,,,,,,,,,
9-Sep-19,12:16 pm - 12:57 pm,,ENH36,,no removal,2,1282,805,1337,77.78174593,1.414213562,55,774,43.84062043,1.414213562,31,,,,,,,,,,,,,,,
19-Jul-19,12:02 pm - 1:05 pm,,ENH01,,no removal,1,1385,175,,,,,,,,,,,,,,,,,,,,,,,
19-Jul-19,12:02 pm - 1:05 pm,,ENH01,,no removal,2,1553,225,1469,118.7939392,1.414213562,84,200,35.35533906,1.414213562,25,,,,,,,,,,,,,,,
19-Jul-19,12:02 pm - 1:05 pm,,ENH02,,full removal,1,1668,841,,,,,,,,,,,,,,,,,,,,,,,
19-Jul-19,12:02 pm - 1:05 pm,,ENH02,,full removal,2,1525,688,1596.5,101.1162697,1.414213562,71.5,764.5,108.1873375,1.414213562,76.5,,,,,,,,,,,,,,,
19-Jul-19,12:02 pm - 1:05 pm,,ENH03,,full removal,1,1627,1103,,,,,,,,,,,,,,,,,,,,,,,
19-Jul-19,12:02 pm - 1:05 pm,,ENH03,,full removal,2,1654,811,1640.5,19.09188309,1.414213562,13.5,957,206.4751801,1.414213562,146,,,,,,,,,,,,,,,
19-Jul-19,12:02 pm - 1:05 pm,,ENH04,,half removal,1,1497,758,,,,,,,,,,,,,,,,,,,,,,,
19-Jul-19,12:02 pm - 1:05 pm,,ENH04,,half removal,2,1694,432,1595.5,139.3000359,1.414213562,98.5,595,230.5168107,1.414213562,163,,,,,,,,,,,,,,,
19-Jul-19,12:02 pm - 1:05 pm,,ENH05,,half removal,1,1519,265,,,,,,,,,,,,,,,,,,,,,,,
19-Jul-19,12:02 pm - 1:05 pm,,ENH05,,half removal,2,1610,206,1564.5,64.34671709,1.414213562,45.5,235.5,41.71930009,1.414213562,29.5,,,,,,,,,,,,,,,
19-Jul-19,12:02 pm - 1:05 pm,,ENH06,,no removal,1,1584,363,,,,,,,,,,,,,,,,,,,,,,,
19-Jul-19,12:02 pm - 1:05 pm,,ENH06,,no removal,2,1709,42,1646.5,88.38834765,1.414213562,62.5,202.5,226.9812768,1.414213562,160.5,,,,,,,,,,,,,,,
19-Jul-19,12:02 pm - 1:05 pm,,ENH07,,no removal,1,1466,159,,,,,,,,,,,,,,,,,,,,,,,
19-Jul-19,12:02 pm - 1:05 pm,,ENH07,,no removal,2,1642,454,1554,124.4507935,1.414213562,88,306.5,208.5965005,1.414213562,147.5,,,,,,,,,,,,,,,
19-Jul-19,12:02 pm - 1:05 pm,,ENH08,,half removal,1,1565,583,,,,,,,,,,,,,,,,,,,,,,,
19-Jul-19,12:02 pm - 1:05 pm,,ENH08,,half removal,2,1459,518,1512,74.95331881,1.414213562,53,550.5,45.96194078,1.414213562,32.5,,,,,,,,,,,,,,,
19-Jul-19,12:02 pm - 1:05 pm,,ENH09,,full removal,1,1591,481,,,,,,,,,,,,,,,,,,,,,,,
19-Jul-19,12:02 pm - 1:05 pm,,ENH09,,full removal,2,1389,987,1490,142.8355698,1.414213562,101,734,357.7960313,1.414213562,253,,,,,,,,,,,,,,,
19-Jul-19,12:02 pm - 1:05 pm,,ENH10,,half removal,1,1482,588,,,,,,,,,,,,,,,,,,,,,,,
19-Jul-19,12:02 pm - 1:05 pm,,ENH10,,half removal,2,1601,603,1541.5,84.14570696,1.414213562,59.5,595.5,10.60660172,1.414213562,7.5,,,,,,,,,,,,,,,
19-Jul-19,12:02 pm - 1:05 pm,,ENH11,,no removal,1,1369,865,,,,,,,,,,,,,,,,,,,,,,,
19-Jul-19,12:02 pm - 1:05 pm,,ENH11,,no removal,2,1414,704,1391.5,31.81980515,1.414213562,22.5,784.5,113.8441918,1.414213562,80.5,,,,,,,,,,,,,,,
19-Jul-19,12:02 pm - 1:05 pm,,ENH12,,full removal,1,1431,212,,,,,,,,,,,,,,,,,,,,,,,
19-Jul-19,12:02 pm - 1:05 pm,,ENH12,,full removal,2,1602,550,1516.5,120.9152596,1.414213562,85.5,381,239.002092,1.414213562,169,,,,,,,,,,,,,,,
19-Jul-19,12:02 pm - 1:05 pm,,ENH13,,full removal,1,1482,680,,,,,,,,,,,,,,,,,,,,,,,
19-Jul-19,12:02 pm - 1:05 pm,,ENH13,,full removal,2,1407,674,1444.5,53.03300859,1.414213562,37.5,677,4.242640687,1.414213562,3,,,,,,,,,,,,,,,
19-Jul-19,12:02 pm - 1:05 pm,,ENH14,,no removal,1,1482,315,,,,,,,,,,,,,,,,,,,,,,,
19-Jul-19,12:02 pm - 1:05 pm,,ENH14,,no removal,2,1459,267,1470.5,16.26345597,1.414213562,11.5,291,33.9411255,1.414213562,24,,,,,,,,,,,,,,,
19-Jul-19,12:02 pm - 1:05 pm,,ENH15,,half removal,1,1380,523,,,,,,,,,,,,,,,,,,,,,,,
19-Jul-19,12:02 pm - 1:05 pm,,ENH15,,half removal,2,1496,648,1438,82.02438662,1.414213562,58,585.5,88.38834765,1.414213562,62.5,,,,,,,,,,,,,,,
19-Jul-19,12:02 pm - 1:05 pm,,ENH16,,full removal,1,1497,641,,,,,,,,,,,,,,,,,,,,,,,
19-Jul-19,12:02 pm - 1:05 pm,,ENH16,,full removal,2,1510,501,1503.5,9.192388155,1.414213562,6.5,571,98.99494937,1.414213562,70,,,,,,,,,,,,,,,
19-Jul-19,12:02 pm - 1:05 pm,,ENH17,,half removal,1,1494,29,,,,,,,,,,,,,,,,,,,,,,,
19-Jul-19,12:02 pm - 1:05 pm,,ENH17,,half removal,2,1463,60,1478.5,21.92031022,1.414213562,15.5,44.5,21.92031022,1.414213562,15.5,,,,,,,,,,,,,,,
19-Jul-19,12:02 pm - 1:05 pm,,ENH18,,no removal,1,1601,673,,,,,,,,,,,,,,,,,,,,,,,
19-Jul-19,12:02 pm - 1:05 pm,,ENH18,,no removal,2,1591,402,1596,7.071067812,1.414213562,5,537.5,191.6259377,1.414213562,135.5,,,,,,,,,,,,,,,
19-Jul-19,11:00 am - 11:42 am,,ENH19,,full removal,1,1746,512,,,,,,,,,,,,,,,,,,,,,,,
19-Jul-19,11:00 am - 11:42 am,,ENH19,,full removal,2,1694,168,1720,36.76955262,1.414213562,26,340,243.2447327,1.414213562,172,,,,,,,,,,,,,,,
19-Jul-19,11:00 am - 11:42 am,,ENH20,,no removal,1,1683,246,,,,,,,,,,,,,,,,,,,,,,,
19-Jul-19,11:00 am - 11:42 am,,ENH20,,no removal,2,1745,456,1714,43.84062043,1.414213562,31,351,148.492424,1.414213562,105,,,,,,,,,,,,,,,
19-Jul-19,11:00 am - 11:42 am,,ENH21,,half removal,1,1713,208,,,,,,,,,,,,,,,,,,,,,,,
19-Jul-19,11:00 am - 11:42 am,,ENH21,,half removal,2,1605,486,1659,76.36753237,1.414213562,54,347,196.5756852,1.414213562,139,,,,,,,,,,,,,,,
19-Jul-19,11:00 am - 11:42 am,,ENH22,,full removal,1,1488,1306,,,,,,,,,,,,,,,,,,,,,,,
19-Jul-19,11:00 am - 11:42 am,,ENH22,,full removal,2,1546,1133,1517,41.01219331,1.414213562,29,1219.5,122.3294731,1.414213562,86.5,,,,,,,,,,,,,,,
19-Jul-19,11:00 am - 11:42 am,,ENH23,,half removal,1,1588,880,,,,,,,,,,,,,,,,,,,,,,,
19-Jul-19,11:00 am - 11:42 am,,ENH23,,half removal,2,1516,622,1552,50.91168825,1.414213562,36,751,182.4335495,1.414213562,129,,,,,,,,,,,,,,,
19-Jul-19,11:00 am - 11:42 am,,ENH24,,no removal,1,1537,231,,,,,,,,,,,,,,,,,,,,,,,
19-Jul-19,11:00 am - 11:42 am,,ENH24,,no removal,2,1563,348,1550,18.38477631,1.414213562,13,289.5,82.7314934,1.414213562,58.5,,,,,,,,,,,,,,,
19-Jul-19,11:00 am - 11:42 am,,ENH25,,no removal,1,1749,346,,,,,,,,,,,,,,,,,,,,,,,
19-Jul-19,11:00 am - 11:42 am,,ENH25,,no removal,2,1701,395,1725,33.9411255,1.414213562,24,370.5,34.64823228,1.414213562,24.5,,,,,,,,,,,,,,,
19-Jul-19,11:00 am - 11:42 am,,ENH26,,half removal,1,1625,1018,,,,,,,,,,,,,,,,,,,,,,,
19-Jul-19,11:00 am - 11:42 am,,ENH26,,half removal,2,1508,917,1566.5,82.7314934,1.414213562,58.5,967.5,71.4177849,1.414213562,50.5,,,,,,,,,,,,,,,
19-Jul-19,11:00 am - 11:42 am,,ENH27,,full removal,1,1729,900,,,,,,,,,,,,,,,,,,,,,,,
19-Jul-19,11:00 am - 11:42 am,,ENH27,,full removal,2,1503,934,1616,159.8061325,1.414213562,113,917,24.04163056,1.414213562,17,,,,,,,,,,,,,,,
19-Jul-19,11:00 am - 11:42 am,,ENH28,,half removal,1,1764,880,,,,,,,,,,,,,,,,,,,,,,,
19-Jul-19,11:00 am - 11:42 am,,ENH28,,half removal,2,1638,440,1701,89.09545443,1.414213562,63,660,311.1269837,1.414213562,220,,,,,,,,,,,,,,,
19-Jul-19,11:00 am - 11:42 am,,ENH29,,no removal,1,1668,698,,,,,,,,,,,,,,,,,,,,,,,
19-Jul-19,11:00 am - 11:42 am,,ENH29,,no removal,2,1574,478,1621,66.46803743,1.414213562,47,588,155.5634919,1.414213562,110,,,,,,,,,,,,,,,
19-Jul-19,11:00 am - 11:42 am,,ENH30,,full removal,1,1004,1138,,,,,,,,,,,,,,,,,,,,,,,
19-Jul-19,11:00 am - 11:42 am,,ENH30,,full removal,2,1701,1076,1352.5,492.8534265,1.414213562,348.5,1107,43.84062043,1.414213562,31,,,,,,,,,,,,,,,
19-Jul-19,11:00 am - 11:42 am,,ENH31,,no removal,1,1663,776,,,,,,,,,,,,,,,,,,,,,,,
19-Jul-19,11:00 am - 11:42 am,,ENH31,,no removal,2,1609,896,1636,38.18376618,1.414213562,27,836,84.85281374,1.414213562,60,,,,,,,,,,,,,,,
19-Jul-19,11:00 am - 11:42 am,,ENH32,,half removal,1,1650,493,,,,,,,,,,,,,,,,,,,,,,,
19-Jul-19,11:00 am - 11:42 am,,ENH32,,half removal,2,1594,890,1622,39.59797975,1.414213562,28,691.5,280.7213921,1.414213562,198.5,,,,,,,,,,,,,,,
19-Jul-19,11:00 am - 11:42 am,,ENH33,,full removal,1,1643,516,,,,,,,,,,,,,,,,,,,,,,,
19-Jul-19,11:00 am - 11:42 am,,ENH33,,full removal,2,1560,728,1601.5,58.68986284,1.414213562,41.5,622,149.9066376,1.414213562,106,,,,,,,,,,,,,,,
19-Jul-19,11:00 am - 11:42 am,,ENH34,,half removal,1,1668,1380,,,,,,,,,,,,,,,,,,,,,,,
19-Jul-19,11:00 am - 11:42 am,,ENH34,,half removal,2,1675,1168,1671.5,4.949747468,1.414213562,3.5,1274,149.9066376,1.414213562,106,,,,,,,,,,,,,,,
19-Jul-19,11:00 am - 11:42 am,,ENH35,,full removal,1,1581,753,,,,,,,,,,,,,,,,,,,,,,,
19-Jul-19,11:00 am - 11:42 am,,ENH35,,full removal,2,1572,600,1576.5,6.363961031,1.414213562,4.5,676.5,108.1873375,1.414213562,76.5,,,,,,,,,,,,,,,
19-Jul-19,11:00 am - 11:42 am,,ENH36,,no removal,1,1521,798,,,,,,,,,,,,,,,,,,,,,,,
19-Jul-19,11:00 am - 11:42 am,,ENH36,,no removal,2,1494,356,1507.5,19.09188309,1.414213562,13.5,577,312.5411973,1.414213562,221,,,,,,,,,,,,,,,
24-May-19,11:10 am - 12:04 pm,,ENH01,,no removal,1,1538,51,,,,,,,,,,,,,,,,,,,,,,,
24-May-19,11:10 am - 12:04 pm,,ENH01,,no removal,2,1494,81,1516,31.11269837,1.414213562,22,66,21.21320344,1.414213562,15,,,,,,,,,,,,,,,
24-May-19,11:10 am - 12:04 pm,,ENH02,,full removal,1,1538,596,,,,,,,,,,,,,,,,,,,,,,,
24-May-19,11:10 am - 12:04 pm,,ENH02,,full removal,2,1543,644,1540.5,3.535533906,1.414213562,2.5,620,33.9411255,1.414213562,24,,,,,,,,,,,,,,,
24-May-19,11:10 am - 12:04 pm,,ENH03,,full removal,1,1435,1265,,,,,,,,,,,,,,,,,,,,,,,
24-May-19,11:10 am - 12:04 pm,,ENH03,,full removal,2,1116,925,1275.5,225.5670632,1.414213562,159.5,1095,240.4163056,1.414213562,170,,,,,,,,,,,,,,,
24-May-19,11:10 am - 12:04 pm,,ENH04,,half removal,1,1519,535,,,,,,,,,,,,,,,,,,,,,,,
24-May-19,11:10 am - 12:04 pm,,ENH04,,half removal,2,1371,357,1445,104.6518036,1.414213562,74,446,125.8650071,1.414213562,89,,,,,,,,,,,,,,,
24-May-19,11:10 am - 12:04 pm,,ENH05,,half removal,1,1497,337,,,,,,,,,,,,,,,,,,,,,,,
24-May-19,11:10 am - 12:04 pm,,ENH05,,half removal,2,1613,492,1555,82.02438662,1.414213562,58,414.5,109.6015511,1.414213562,77.5,,,,,,,,,,,,,,,
24-May-19,11:10 am - 12:04 pm,,ENH06,,no removal,1,1339,203,,,,,,,,,,,,,,,,,,,,,,,
24-May-19,11:10 am - 12:04 pm,,ENH06,,no removal,2,1353,200,1346,9.899494937,1.414213562,7,201.5,2.121320344,1.414213562,1.5,,,,,,,,,,,,,,,
24-May-19,11:10 am - 12:04 pm,,ENH07,,no removal,1,1564,411,,,,,,,,,,,,,,,,,,,,,,,
24-May-19,11:10 am - 12:04 pm,,ENH07,,no removal,2,1571,465,1567.5,4.949747468,1.414213562,3.5,438,38.18376618,1.414213562,27,,,,,,,,,,,,,,,
24-May-19,11:10 am - 12:04 pm,,ENH08,,half removal,1,1293,233,,,,,,,,,,,,,,,,,,,,,,,
24-May-19,11:10 am - 12:04 pm,,ENH08,,half removal,2,1318,196,1305.5,17.67766953,1.414213562,12.5,214.5,26.1629509,1.414213562,18.5,,,,,,,,,,,,,,,
24-May-19,11:10 am - 12:04 pm,,ENH09,,full removal,1,1618,626,,,,,,,,,,,,,,,,,,,,,,,
24-May-19,11:10 am - 12:04 pm,,ENH09,,full removal,2,1604,850,1611,9.899494937,1.414213562,7,738,158.391919,1.414213562,112,,,,,,,,,,,,,,,
24-May-19,11:10 am - 12:04 pm,,ENH10,,half removal,1,1376,479,,,,,,,,,,,,,,,,,,,,,,,
24-May-19,11:10 am - 12:04 pm,,ENH10,,half removal,2,1398,457,1387,15.55634919,1.414213562,11,468,15.55634919,1.414213562,11,,,,,,,,,,,,,,,
24-May-19,11:10 am - 12:04 pm,,ENH11,,no removal,1,1314,860,,,,,,,,,,,,,,,,,,,,,,,
24-May-19,11:10 am - 12:04 pm,,ENH11,,no removal,2,1504,798,1409,134.3502884,1.414213562,95,829,43.84062043,1.414213562,31,,,,,,,,,,,,,,,
24-May-19,11:10 am - 12:04 pm,,ENH12,,full removal,1,1547,640,,,,,,,,,,,,,,,,,,,,,,,
24-May-19,11:10 am - 12:04 pm,,ENH12,,full removal,2,1467,1072,1507,56.56854249,1.414213562,40,856,305.4701295,1.414213562,216,,,,,,,,,,,,,,,
24-May-19,11:10 am - 12:04 pm,,ENH13,,full removal,1,1640,624,,,,,,,,,,,,,,,,,,,,,,,
24-May-19,11:10 am - 12:04 pm,,ENH13,,full removal,2,1299,636,1469.5,241.1234124,1.414213562,170.5,630,8.485281374,1.414213562,6,,,,,,,,,,,,,,,
24-May-19,11:10 am - 12:04 pm,,ENH14,,no removal,1,1534,406,,,,,,,,,,,,,,,,,,,,,,,
24-May-19,11:10 am - 12:04 pm,,ENH14,,no removal,2,1380,337,1457,108.8944443,1.414213562,77,371.5,48.7903679,1.414213562,34.5,,,,,,,,,,,,,,,
24-May-19,11:10 am - 12:04 pm,,ENH15,,half removal,1,1292,381,,,,,,,,,,,,,,,,,,,,,,,
24-May-19,11:10 am - 12:04 pm,,ENH15,,half removal,2,1271,310,1281.5,14.8492424,1.414213562,10.5,345.5,50.20458146,1.414213562,35.5,,,,,,,,,,,,,,,
24-May-19,11:10 am - 12:04 pm,,ENH16,,full removal,1,1387,997,,,,,,,,,,,,,,,,,,,,,,,
24-May-19,11:10 am - 12:04 pm,,ENH16,,full removal,2,1387,853,1387,0,1.414213562,0,925,101.8233765,1.414213562,72,,,,,,,,,,,,,,,
24-May-19,11:10 am - 12:04 pm,,ENH17,,half removal,1,1249,40,,,,,,,,,,,,,,,,,,,,,,,
24-May-19,11:10 am - 12:04 pm,,ENH17,,half removal,2,1261,37,1255,8.485281374,1.414213562,6,38.5,2.121320344,1.414213562,1.5,,,,,,,,,,,,,,,
24-May-19,11:10 am - 12:04 pm,,ENH18,,no removal,1,1357,560,,,,,,,,,,,,,,,,,,,,,,,
24-May-19,11:10 am - 12:04 pm,,ENH18,,no removal,2,1322,625,1339.5,24.74873734,1.414213562,17.5,592.5,45.96194078,1.414213562,32.5,,,,,,,,,,,,,,,
24-May-19,12:40 pm - 1:19 pm,,ENH19,,full removal,1,1582,248,,,,,,,,,,,,,,,,,,,,,,,
24-May-19,12:40 pm - 1:19 pm,,ENH19,,full removal,2,1549,492,1565.5,23.33452378,1.414213562,16.5,370,172.5340546,1.414213562,122,,,,,,,,,,,,,,,
24-May-19,12:40 pm - 1:19 pm,,ENH20,,no removal,1,1540,836,,,,,,,,,,,,,,,,,,,,,,,
24-May-19,12:40 pm - 1:19 pm,,ENH20,,no removal,2,1529,482,1534.5,7.778174593,1.414213562,5.5,659,250.3158005,1.414213562,177,,,,,,,,,,,,,,,
24-May-19,12:40 pm - 1:19 pm,,ENH21,,half removal,1,1587,124,,,,,,,,,,,,,,,,,,,,,,,
24-May-19,12:40 pm - 1:19 pm,,ENH21,,half removal,2,1612,364,1599.5,17.67766953,1.414213562,12.5,244,169.7056275,1.414213562,120,,,,,,,,,,,,,,,
24-May-19,12:40 pm - 1:19 pm,,ENH22,,full removal,1,1707,460,,,,,,,,,,,,,,,,,,,,,,,
24-May-19,12:40 pm - 1:19 pm,,ENH22,,full removal,2,1518,571,1612.5,133.6431816,1.414213562,94.5,515.5,78.48885271,1.414213562,55.5,,,,,,,,,,,,,,,
24-May-19,12:40 pm - 1:19 pm,,ENH23,,half removal,1,1577,676,,,,,,,,,,,,,,,,,,,,,,,
24-May-19,12:40 pm - 1:19 pm,,ENH23,,half removal,2,1621,62,1599,31.11269837,1.414213562,22,369,434.1635636,1.414213562,307,,,,,,,,,,,,,,,
24-May-19,12:40 pm - 1:19 pm,,ENH24,,no removal,1,1407,130,,,,,,,,,,,,,,,,,,,,,,,
24-May-19,12:40 pm - 1:19 pm,,ENH24,,no removal,2,1280,133,1343.5,89.80256121,1.414213562,63.5,131.5,2.121320344,1.414213562,1.5,,,,,,,,,,,,,,,
24-May-19,12:40 pm - 1:19 pm,,ENH25,,no removal,1,1564,608,,,,,,,,,,,,,,,,,,,,,,,
24-May-19,12:40 pm - 1:19 pm,,ENH25,,no removal,2,1570,1070,1567,4.242640687,1.414213562,3,839,326.6833329,1.414213562,231,,,,,,,,,,,,,,,
24-May-19,12:40 pm - 1:19 pm,,ENH26,,half removal,1,1530,740,,,,,,,,,,,,,,,,,,,,,,,
24-May-19,12:40 pm - 1:19 pm,,ENH26,,half removal,2,1640,1211,1585,77.78174593,1.414213562,55,975.5,333.0472939,1.414213562,235.5,,,,,,,,,,,,,,,
24-May-19,12:40 pm - 1:19 pm,,ENH27,,full removal,1,1257,797,,,,,,,,,,,,,,,,,,,,,,,
24-May-19,12:40 pm - 1:19 pm,,ENH27,,full removal,2,1655,1028,1456,281.4284989,1.414213562,199,912.5,163.3416665,1.414213562,115.5,,,,,,,,,,,,,,,
24-May-19,12:40 pm - 1:19 pm,,ENH28,,half removal,1,1463,1029,,,,,,,,,,,,,,,,,,,,,,,
24-May-19,12:40 pm - 1:19 pm,,ENH28,,half removal,2,1460,858,1461.5,2.121320344,1.414213562,1.5,943.5,120.9152596,1.414213562,85.5,,,,,,,,,,,,,,,
24-May-19,12:40 pm - 1:19 pm,,ENH29,,no removal,1,1525,811,,,,,,,,,,,,,,,,,,,,,,,
24-May-19,12:40 pm - 1:19 pm,,ENH29,,no removal,2,1564,486,1544.5,27.57716447,1.414213562,19.5,648.5,229.8097039,1.414213562,162.5,,,,,,,,,,,,,,,
24-May-19,12:40 pm - 1:19 pm,,ENH30,,full removal,1,1582,1229,,,,,,,,,,,,,,,,,,,,,,,
24-May-19,12:40 pm - 1:19 pm,,ENH30,,full removal,2,1629,1384,1605.5,33.23401872,1.414213562,23.5,1306.5,109.6015511,1.414213562,77.5,,,,,,,,,,,,,,,
24-May-19,12:40 pm - 1:19 pm,,ENH31,,no removal,1,1518,776,,,,,,,,,,,,,,,,,,,,,,,
24-May-19,12:40 pm - 1:19 pm,,ENH31,,no removal,2,1624,592,1571,74.95331881,1.414213562,53,684,130.1076477,1.414213562,92,,,,,,,,,,,,,,,
24-May-19,12:40 pm - 1:19 pm,,ENH32,,half removal,1,1635,1157,,,,,,,,,,,,,,,,,,,,,,,
24-May-19,12:40 pm - 1:19 pm,,ENH32,,half removal,2,1479,1120,1557,110.3086579,1.414213562,78,1138.5,26.1629509,1.414213562,18.5,,,,,,,,,,,,,,,
24-May-19,12:40 pm - 1:19 pm,,ENH33,,full removal,1,1483,1270,,,,,,,,,,,,,,,,,,,,,,,
24-May-19,12:40 pm - 1:19 pm,,ENH33,,full removal,2,1549,1181,1516,46.66904756,1.414213562,33,1225.5,62.93250353,1.414213562,44.5,,,,,,,,,,,,,,,
24-May-19,12:40 pm - 1:19 pm,,ENH34,,half removal,1,1534,1063,,,,,,,,,,,,,,,,,,,,,,,
24-May-19,12:40 pm - 1:19 pm,,ENH34,,half removal,2,1475,973,1504.5,41.71930009,1.414213562,29.5,1018,63.63961031,1.414213562,45,,,,,,,,,,,,,,,
24-May-19,12:40 pm - 1:19 pm,,ENH35,,full removal,1,1512,519,,,,,,,,,,,,,,,,,,,,,,,
24-May-19,12:40 pm - 1:19 pm,,ENH35,,full removal,2,1529,834,1520.5,12.02081528,1.414213562,8.5,676.5,222.7386361,1.414213562,157.5,,,,,,,,,,,,,,,
24-May-19,12:40 pm - 1:19 pm,,ENH36,,no removal,1,1548,515,,,,,,,,,,,,,,,,,,,,,,,
24-May-19,12:40 pm - 1:19 pm,,ENH36,,no removal,2,1558,367,1553,7.071067812,1.414213562,5,441,104.6518036,1.414213562,74,,,,,,,,,,,,,,,
,,,,,,,,,,,,,,,,,,,,,,,,,,,,,,,
,,,,,,,,,,,,,,,,,,,,,,,,,,,,,,,
,,,,,,,,,,,,,,,,,,,,,,,,,,,,,,,
,,,,,,,,,,,,,,,,,,,,,,,,,,,,,,,
,,,,,,,,,,,,,,,,,,,,,,,,,,,,,,,
,,,,,,,,,,,,,,,,,,,,,,,,,,,,,,,
,,,,,,,,,,,,,,,,,,,,,,,,,,,,,,,
,,,,,,,,,,,,,,,,,,,,,,,,,,,,,,,
,,,,,,,,,,,,,,,,,,,,,,,,,,,,,,,
,,,,,,,,,,,,,,,,,,,,,,,,,,,,,,,
,,,,,,,,,,,,,,,,,,,,,,,,,,,,,,,
,,,,,,,,,,,,,,,,,,,,,,,,,,,,,,,
,,,,,,,,,,,,,,,,,,,,,,,,,,,,,,,
,,,,,,,,,,,,,,,,,,,,,,,,,,,,,,,
,,,,,,,,,,,,,,,,,,,,,,,,,,,,,,,
,,,,,,,,,,,,,,,,,,,,,,,,,,,,,,,
,,,,,,,,,,,,,,,,,,,,,,,,,,,,,,,
,,,,,,,,,,,,,,,,,,,,,,,,,,,,,,,
,,,,,,,,,,,,,,,,,,,,,,,,,,,,,,,
,,,,,,,,,,,,,,,,,,,,,,,,,,,,,,,
,,,,,,,,,,,,,,,,,,,,,,,,,,,,,,,
,,,,,,,,,,,,,,,,,,,,,,,,,,,,,,,
,,,,,,,,,,,,,,,,,,,,,,,,,,,,,,,
,,,,,,,,,,,,,,,,,,,,,,,,,,,,,,,
,,,,,,,,,,,,,,,,,,,,,,,,,,,,,,,
,,,,,,,,,,,,,,,,,,,,,,,,,,,,,,,
,,,,,,,,,,,,,,,,,,,,,,,,,,,,,,,
,,,,,,,,,,,,,,,,,,,,,,,,,,,,,,,
,,,,,,,,,,,,,,,,,,,,,,,,,,,,,,,
,,,,,,,,,,,,,,,,,,,,,,,,,,,,,,,
,,,,,,,,,,,,,,,,,,,,,,,,,,,,,,,
,,,,,,,,,,,,,,,,,,,,,,,,,,,,,,,
,,,,,,,,,,,,,,,,,,,,,,,,,,,,,,,
,,,,,,,,,,,,,,,,,,,,,,,,,,,,,,,
,,,,,,,,,,,,,,,,,,,,,,,,,,,,,,,
,,,,,,,,,,,,,,,,,,,,,,,,,,,,,,,
,,,,,,,,,,,,,,,,,,,,,,,,,,,,,,,
,,,,,,,,,,,,,,,,,,,,,,,,,,,,,,,
,,,,,,,,,,,,,,,,,,,,,,,,,,,,,,,
,,,,,,,,,,,,,,,,,,,,,,,,,,,,,,,
,,,,,,,,,,,,,,,,,,,,,,,,,,,,,,,
,,,,,,,,,,,,,,,,,,,,,,,,,,,,,,,
,,,,,,,,,,,,,,,,,,,,,,,,,,,,,,,
,,,,,,,,,,,,,,,,,,,,,,,,,,,,,,,
,,,,,,,,,,,,,,,,,,,,,,,,,,,,,,,
,,,,,,,,,,,,,,,,,,,,,,,,,,,,,,,
,,,,,,,,,,,,,,,,,,,,,,,,,,,,,,,
,,,,,,,,,,,,,,,,,,,,,,,,,,,,,,,
,,,,,,,,,,,,,,,,,,,,,,,,,,,,,,,
,,,,,,,,,,,,,,,,,,,,,,,,,,,,,,,
,,,,,,,,,,,,,,,,,,,,,,,,,,,,,,,
,,,,,,,,,,,,,,,,,,,,,,,,,,,,,,,
,,,,,,,,,,,,,,,,,,,,,,,,,,,,,,,
,,,,,,,,,,,,,,,,,,,,,,,,,,,,,,,
,,,,,,,,,,,,,,,,,,,,,,,,,,,,,,,
,,,,,,,,,,,,,,,,,,,,,,,,,,,,,,,
,,,,,,,,,,,,,,,,,,,,,,,,,,,,,,,
,,,,,,,,,,,,,,,,,,,,,,,,,,,,,,,
,,,,,,,,,,,,,,,,,,,,,,,,,,,,,,,
,,,,,,,,,,,,,,,,,,,,,,,,,,,,,,,
,,,,,,,,,,,,,,,,,,,,,,,,,,,,,,,
,,,,,,,,,,,,,,,,,,,,,,,,,,,,,,,
,,,,,,,,,,,,,,,,,,,,,,,,,,,,,,,
,,,,,,,,,,,,,,,,,,,,,,,,,,,,,,,
,,,,,,,,,,,,,,,,,,,,,,,,,,,,,,,
,,,,,,,,,,,,,,,,,,,,,,,,,,,,,,,
,,,,,,,,,,,,,,,,,,,,,,,,,,,,,,,
,,,,,,,,,,,,,,,,,,,,,,,,,,,,,,,
,,,,,,,,,,,,,,,,,,,,,,,,,,,,,,,
,,,,,,,,,,,,,,,,,,,,,,,,,,,,,,,
,,,,,,,,,,,,,,,,,,,,,,,,,,,,,,,
,,,,,,,,,,,,,,,,,,,,,,,,,,,,,,,
,,,,,,,,,,,,,,,,,,,,,,,,,,,,,,,
,,,,,,,,,,,,,,,,,,,,,,,,,,,,,,,
,,,,,,,,,,,,,,,,,,,,,,,,,,,,,,,
,,,,,,,,,,,,,,,,,,,,,,,,,,,,,,,
,,,,,,,,,,,,,,,,,,,,,,,,,,,,,,,
,,,,,,,,,,,,,,,,,,,,,,,,,,,,,,,
,,,,,,,,,,,,,,,,,,,,,,,,,,,,,,,
,,,,,,,,,,,,,,,,,,,,,,,,,,,,,,,
,,,,,,,,,,,,,,,,,,,,,,,,,,,,,,,
,,,,,,,,,,,,,,,,,,,,,,,,,,,,,,,
,,,,,,,,,,,,,,,,,,,,,,,,,,,,,,,
,,,,,,,,,,,,,,,,,,,,,,,,,,,,,,,
,,,,,,,,,,,,,,,,,,,,,,,,,,,,,,,
,,,,,,,,,,,,,,,,,,,,,,,,,,,,,,,
,,,,,,,,,,,,,,,,,,,,,,,,,,,,,,,
,,,,,,,,,,,,,,,,,,,,,,,,,,,,,,,
,,,,,,,,,,,,,,,,,,,,,,,,,,,,,,,
,,,,,,,,,,,,,,,,,,,,,,,,,,,,,,,
,,,,,,,,,,,,,,,,,,,,,,,,,,,,,,,
,,,,,,,,,,,,,,,,,,,,,,,,,,,,,,,
,,,,,,,,,,,,,,,,,,,,,,,,,,,,,,,
,,,,,,,,,,,,,,,,,,,,,,,,,,,,,,,
,,,,,,,,,,,,,,,,,,,,,,,,,,,,,,,
,,,,,,,,,,,,,,,,,,,,,,,,,,,,,,,
,,,,,,,,,,,,,,,,,,,,,,,,,,,,,,,
,,,,,,,,,,,,,,,,,,,,,,,,,,,,,,,
,,,,,,,,,,,,,,,,,,,,,,,,,,,,,,,
,,,,,,,,,,,,,,,,,,,,,,,,,,,,,,,
,,,,,,,,,,,,,,,,,,,,,,,,,,,,,,,
,,,,,,,,,,,,,,,,,,,,,,,,,,,,,,,
,,,,,,,,,,,,,,,,,,,,,,,,,,,,,,,
,,,,,,,,,,,,,,,,,,,,,,,,,,,,,,,
,,,,,,,,,,,,,,,,,,,,,,,,,,,,,,,
,,,,,,,,,,,,,,,,,,,,,,,,,,,,,,,
,,,,,,,,,,,,,,,,,,,,,,,,,,,,,,,
,,,,,,,,,,,,,,,,,,,,,,,,,,,,,,,
,,,,,,,,,,,,,,,,,,,,,,,,,,,,,,,
,,,,,,,,,,,,,,,,,,,,,,,,,,,,,,,
,,,,,,,,,,,,,,,,,,,,,,,,,,,,,,,
,,,,,,,,,,,,,,,,,,,,,,,,,,,,,,,
,,,,,,,,,,,,,,,,,,,,,,,,,,,,,,,
,,,,,,,,,,,,,,,,,,,,,,,,,,,,,,,
,,,,,,,,,,,,,,,,,,,,,,,,,,,,,,,
,,,,,,,,,,,,,,,,,,,,,,,,,,,,,,,
,,,,,,,,,,,,,,,,,,,,,,,,,,,,,,,
,,,,,,,,,,,,,,,,,,,,,,,,,,,,,,,
,,,,,,,,,,,,,,,,,,,,,,,,,,,,,,,
,,,,,,,,,,,,,,,,,,,,,,,,,,,,,,,
,,,,,,,,,,,,,,,,,,,,,,,,,,,,,,,
,,,,,,,,,,,,,,,,,,,,,,,,,,,,,,,
,,,,,,,,,,,,,,,,,,,,,,,,,,,,,,,
,,,,,,,,,,,,,,,,,,,,,,,,,,,,,,,
,,,,,,,,,,,,,,,,,,,,,,,,,,,,,,,
,,,,,,,,,,,,,,,,,,,,,,,,,,,,,,,
,,,,,,,,,,,,,,,,,,,,,,,,,,,,,,,
,,,,,,,,,,,,,,,,,,,,,,,,,,,,,,,
,,,,,,,,,,,,,,,,,,,,,,,,,,,,,,,
,,,,,,,,,,,,,,,,,,,,,,,,,,,,,,,
,,,,,,,,,,,,,,,,,,,,,,,,,,,,,,,
,,,,,,,,,,,,,,,,,,,,,,,,,,,,,,,
,,,,,,,,,,,,,,,,,,,,,,,,,,,,,,,
,,,,,,,,,,,,,,,,,,,,,,,,,,,,,,,
,,,,,,,,,,,,,,,,,,,,,,,,,,,,,,,
,,,,,,,,,,,,,,,,,,,,,,,,,,,,,,,
,,,,,,,,,,,,,,,,,,,,,,,,,,,,,,,
,,,,,,,,,,,,,,,,,,,,,,,,,,,,,,,
,,,,,,,,,,,,,,,,,,,,,,,,,,,,,,,
,,,,,,,,,,,,,,,,,,,,,,,,,,,,,,,
,,,,,,,,,,,,,,,,,,,,,,,,,,,,,,,
,,,,,,,,,,,,,,,,,,,,,,,,,,,,,,,
,,,,,,,,,,,,,,,,,,,,,,,,,,,,,,,
,,,,,,,,,,,,,,,,,,,,,,,,,,,,,,,
,,,,,,,,,,,,,,,,,,,,,,,,,,,,,,,
,,,,,,,,,,,,,,,,,,,,,,,,,,,,,,,
,,,,,,,,,,,,,,,,,,,,,,,,,,,,,,,
,,,,,,,,,,,,,,,,,,,,,,,,,,,,,,,
,,,,,,,,,,,,,,,,,,,,,,,,,,,,,,,
,,,,,,,,,,,,,,,,,,,,,,,,,,,,,,,
,,,,,,,,,,,,,,,,,,,,,,,,,,,,,,,
,,,,,,,,,,,,,,,,,,,,,,,,,,,,,,,
,,,,,,,,,,,,,,,,,,,,,,,,,,,,,,,
,,,,,,,,,,,,,,,,,,,,,,,,,,,,,,,
,,,,,,,,,,,,,,,,,,,,,,,,,,,,,,,
,,,,,,,,,,,,,,,,,,,,,,,,,,,,,,,
,,,,,,,,,,,,,,,,,,,,,,,,,,,,,,,
,,,,,,,,,,,,,,,,,,,,,,,,,,,,,,,
,,,,,,,,,,,,,,,,,,,,,,,,,,,,,,,
,,,,,,,,,,,,,,,,,,,,,,,,,,,,,,,
,,,,,,,,,,,,,,,,,,,,,,,,,,,,,,,
,,,,,,,,,,,,,,,,,,,,,,,,,,,,,,,
,,,,,,,,,,,,,,,,,,,,,,,,,,,,,,,
,,,,,,,,,,,,,,,,,,,,,,,,,,,,,,,
,,,,,,,,,,,,,,,,,,,,,,,,,,,,,,,
,,,,,,,,,,,,,,,,,,,,,,,,,,,,,,,
,,,,,,,,,,,,,,,,,,,,,,,,,,,,,,,
,,,,,,,,,,,,,,,,,,,,,,,,,,,,,,,
,,,,,,,,,,,,,,,,,,,,,,,,,,,,,,,
,,,,,,,,,,,,,,,,,,,,,,,,,,,,,,,
,,,,,,,,,,,,,,,,,,,,,,,,,,,,,,,
,,,,,,,,,,,,,,,,,,,,,,,,,,,,,,,
,,,,,,,,,,,,,,,,,,,,,,,,,,,,,,,
,,,,,,,,,,,,,,,,,,,,,,,,,,,,,,,
,,,,,,,,,,,,,,,,,,,,,,,,,,,,,,,
,,,,,,,,,,,,,,,,,,,,,,,,,,,,,,,
,,,,,,,,,,,,,,,,,,,,,,,,,,,,,,,
,,,,,,,,,,,,,,,,,,,,,,,,,,,,,,,
,,,,,,,,,,,,,,,,,,,,,,,,,,,,,,,
,,,,,,,,,,,,,,,,,,,,,,,,,,,,,,,
,,,,,,,,,,,,,,,,,,,,,,,,,,,,,,,
,,,,,,,,,,,,,,,,,,,,,,,,,,,,,,,
,,,,,,,,,,,,,,,,,,,,,,,,,,,,,,,
,,,,,,,,,,,,,,,,,,,,,,,,,,,,,,,
,,,,,,,,,,,,,,,,,,,,,,,,,,,,,,,
,,,,,,,,,,,,,,,,,,,,,,,,,,,,,,,
,,,,,,,,,,,,,,,,,,,,,,,,,,,,,,,
,,,,,,,,,,,,,,,,,,,,,,,,,,,,,,,
,,,,,,,,,,,,,,,,,,,,,,,,,,,,,,,
,,,,,,,,,,,,,,,,,,,,,,,,,,,,,,,
,,,,,,,,,,,,,,,,,,,,,,,,,,,,,,,
,,,,,,,,,,,,,,,,,,,,,,,,,,,,,,,
,,,,,,,,,,,,,,,,,,,,,,,,,,,,,,,
,,,,,,,,,,,,,,,,,,,,,,,,,,,,,,,
,,,,,,,,,,,,,,,,,,,,,,,,,,,,,,,
,,,,,,,,,,,,,,,,,,,,,,,,,,,,,,,
,,,,,,,,,,,,,,,,,,,,,,,,,,,,,,,
,,,,,,,,,,,,,,,,,,,,,,,,,,,,,,,
,,,,,,,,,,,,,,,,,,,,,,,,,,,,,,,
,,,,,,,,,,,,,,,,,,,,,,,,,,,,,,,
,,,,,,,,,,,,,,,,,,,,,,,,,,,,,,,
,,,,,,,,,,,,,,,,,,,,,,,,,,,,,,,
,,,,,,,,,,,,,,,,,,,,,,,,,,,,,,,
,,,,,,,,,,,,,,,,,,,,,,,,,,,,,,,
,,,,,,,,,,,,,,,,,,,,,,,,,,,,,,,
,,,,,,,,,,,,,,,,,,,,,,,,,,,,,,,
,,,,,,,,,,,,,,,,,,,,,,,,,,,,,,,
,,,,,,,,,,,,,,,,,,,,,,,,,,,,,,,
,,,,,,,,,,,,,,,,,,,,,,,,,,,,,,,
,,,,,,,,,,,,,,,,,,,,,,,,,,,,,,,
,,,,,,,,,,,,,,,,,,,,,,,,,,,,,,,
,,,,,,,,,,,,,,,,,,,,,,,,,,,,,,,
,,,,,,,,,,,,,,,,,,,,,,,,,,,,,,,
,,,,,,,,,,,,,,,,,,,,,,,,,,,,,,,
,,,,,,,,,,,,,,,,,,,,,,,,,,,,,,,
,,,,,,,,,,,,,,,,,,,,,,,,,,,,,,,
,,,,,,,,,,,,,,,,,,,,,,,,,,,,,,,
,,,,,,,,,,,,,,,,,,,,,,,,,,,,,,,
,,,,,,,,,,,,,,,,,,,,,,,,,,,,,,,
,,,,,,,,,,,,,,,,,,,,,,,,,,,,,,,
,,,,,,,,,,,,,,,,,,,,,,,,,,,,,,,
,,,,,,,,,,,,,,,,,,,,,,,,,,,,,,,
,,,,,,,,,,,,,,,,,,,,,,,,,,,,,,,
,,,,,,,,,,,,,,,,,,,,,,,,,,,,,,,
,,,,,,,,,,,,,,,,,,,,,,,,,,,,,,,
,,,,,,,,,,,,,,,,,,,,,,,,,,,,,,,
,,,,,,,,,,,,,,,,,,,,,,,,,,,,,,,
,,,,,,,,,,,,,,,,,,,,,,,,,,,,,,,
,,,,,,,,,,,,,,,,,,,,,,,,,,,,,,,
,,,,,,,,,,,,,,,,,,,,,,,,,,,,,,,
,,,,,,,,,,,,,,,,,,,,,,,,,,,,,,,
,,,,,,,,,,,,,,,,,,,,,,,,,,,,,,,
,,,,,,,,,,,,,,,,,,,,,,,,,,,,,,,
,,,,,,,,,,,,,,,,,,,,,,,,,,,,,,,
,,,,,,,,,,,,,,,,,,,,,,,,,,,,,,,
,,,,,,,,,,,,,,,,,,,,,,,,,,,,,,,
,,,,,,,,,,,,,,,,,,,,,,,,,,,,,,,
,,,,,,,,,,,,,,,,,,,,,,,,,,,,,,,
,,,,,,,,,,,,,,,,,,,,,,,,,,,,,,,
,,,,,,,,,,,,,,,,,,,,,,,,,,,,,,,
,,,,,,,,,,,,,,,,,,,,,,,,,,,,,,,
,,,,,,,,,,,,,,,,,,,,,,,,,,,,,,,
,,,,,,,,,,,,,,,,,,,,,,,,,,,,,,,
,,,,,,,,,,,,,,,,,,,,,,,,,,,,,,,
,,,,,,,,,,,,,,,,,,,,,,,,,,,,,,,
,,,,,,,,,,,,,,,,,,,,,,,,,,,,,,,
,,,,,,,,,,,,,,,,,,,,,,,,,,,,,,,
,,,,,,,,,,,,,,,,,,,,,,,,,,,,,,,
,,,,,,,,,,,,,,,,,,,,,,,,,,,,,,,
,,,,,,,,,,,,,,,,,,,,,,,,,,,,,,,
,,,,,,,,,,,,,,,,,,,,,,,,,,,,,,,
,,,,,,,,,,,,,,,,,,,,,,,,,,,,,,,
,,,,,,,,,,,,,,,,,,,,,,,,,,,,,,,
,,,,,,,,,,,,,,,,,,,,,,,,,,,,,,,
,,,,,,,,,,,,,,,,,,,,,,,,,,,,,,,
,,,,,,,,,,,,,,,,,,,,,,,,,,,,,,,
,,,,,,,,,,,,,,,,,,,,,,,,,,,,,,,
,,,,,,,,,,,,,,,,,,,,,,,,,,,,,,,
,,,,,,,,,,,,,,,,,,,,,,,,,,,,,,,
,,,,,,,,,,,,,,,,,,,,,,,,,,,,,,,
,,,,,,,,,,,,,,,,,,,,,,,,,,,,,,,
,,,,,,,,,,,,,,,,,,,,,,,,,,,,,,,
,,,,,,,,,,,,,,,,,,,,,,,,,,,,,,,
,,,,,,,,,,,,,,,,,,,,,,,,,,,,,,,
,,,,,,,,,,,,,,,,,,,,,,,,,,,,,,,
,,,,,,,,,,,,,,,,,,,,,,,,,,,,,,,
,,,,,,,,,,,,,,,,,,,,,,,,,,,,,,,
,,,,,,,,,,,,,,,,,,,,,,,,,,,,,,,
,,,,,,,,,,,,,,,,,,,,,,,,,,,,,,,
,,,,,,,,,,,,,,,,,,,,,,,,,,,,,,,
,,,,,,,,,,,,,,,,,,,,,,,,,,,,,,,
,,,,,,,,,,,,,,,,,,,,,,,,,,,,,,,
,,,,,,,,,,,,,,,,,,,,,,,,,,,,,,,
,,,,,,,,,,,,,,,,,,,,,,,,,,,,,,,
,,,,,,,,,,,,,,,,,,,,,,,,,,,,,,,
,,,,,,,,,,,,,,,,,,,,,,,,,,,,,,,
,,,,,,,,,,,,,,,,,,,,,,,,,,,,,,,
,,,,,,,,,,,,,,,,,,,,,,,,,,,,,,,
,,,,,,,,,,,,,,,,,,,,,,,,,,,,,,,
,,,,,,,,,,,,,,,,,,,,,,,,,,,,,,,
,,,,,,,,,,,,,,,,,,,,,,,,,,,,,,,
,,,,,,,,,,,,,,,,,,,,,,,,,,,,,,,
,,,,,,,,,,,,,,,,,,,,,,,,,,,,,,,
,,,,,,,,,,,,,,,,,,,,,,,,,,,,,,,
,,,,,,,,,,,,,,,,,,,,,,,,,,,,,,,
,,,,,,,,,,,,,,,,,,,,,,,,,,,,,,,
,,,,,,,,,,,,,,,,,,,,,,,,,,,,,,,
,,,,,,,,,,,,,,,,,,,,,,,,,,,,,,,
,,,,,,,,,,,,,,,,,,,,,,,,,,,,,,,
,,,,,,,,,,,,,,,,,,,,,,,,,,,,,,,
,,,,,,,,,,,,,,,,,,,,,,,,,,,,,,,
,,,,,,,,,,,,,,,,,,,,,,,,,,,,,,,
,,,,,,,,,,,,,,,,,,,,,,,,,,,,,,,
,,,,,,,,,,,,,,,,,,,,,,,,,,,,,,,
,,,,,,,,,,,,,,,,,,,,,,,,,,,,,,,
,,,,,,,,,,,,,,,,,,,,,,,,,,,,,,,
,,,,,,,,,,,,,,,,,,,,,,,,,,,,,,,
,,,,,,,,,,,,,,,,,,,,,,,,,,,,,,,
,,,,,,,,,,,,,,,,,,,,,,,,,,,,,,,
,,,,,,,,,,,,,,,,,,,,,,,,,,,,,,,
,,,,,,,,,,,,,,,,,,,,,,,,,,,,,,,
,,,,,,,,,,,,,,,,,,,,,,,,,,,,,,,
,,,,,,,,,,,,,,,,,,,,,,,,,,,,,,,
,,,,,,,,,,,,,,,,,,,,,,,,,,,,,,,
,,,,,,,,,,,,,,,,,,,,,,,,,,,,,,,
,,,,,,,,,,,,,,,,,,,,,,,,,,,,,,,
,,,,,,,,,,,,,,,,,,,,,,,,,,,,,,,
,,,,,,,,,,,,,,,,,,,,,,,,,,,,,,,
,,,,,,,,,,,,,,,,,,,,,,,,,,,,,,,
,,,,,,,,,,,,,,,,,,,,,,,,,,,,,,,
,,,,,,,,,,,,,,,,,,,,,,,,,,,,,,,
,,,,,,,,,,,,,,,,,,,,,,,,,,,,,,,
,,,,,,,,,,,,,,,,,,,,,,,,,,,,,,,
,,,,,,,,,,,,,,,,,,,,,,,,,,,,,,,
,,,,,,,,,,,,,,,,,,,,,,,,,,,,,,,
,,,,,,,,,,,,,,,,,,,,,,,,,,,,,,,
,,,,,,,,,,,,,,,,,,,,,,,,,,,,,,,
,,,,,,,,,,,,,,,,,,,,,,,,,,,,,,,
,,,,,,,,,,,,,,,,,,,,,,,,,,,,,,,
,,,,,,,,,,,,,,,,,,,,,,,,,,,,,,,
,,,,,,,,,,,,,,,,,,,,,,,,,,,,,,,
,,,,,,,,,,,,,,,,,,,,,,,,,,,,,,,
,,,,,,,,,,,,,,,,,,,,,,,,,,,,,,,
,,,,,,,,,,,,,,,,,,,,,,,,,,,,,,,
,,,,,,,,,,,,,,,,,,,,,,,,,,,,,,,
,,,,,,,,,,,,,,,,,,,,,,,,,,,,,,,
,,,,,,,,,,,,,,,,,,,,,,,,,,,,,,,
,,,,,,,,,,,,,,,,,,,,,,,,,,,,,,,
,,,,,,,,,,,,,,,,,,,,,,,,,,,,,,,
,,,,,,,,,,,,,,,,,,,,,,,,,,,,,,,
,,,,,,,,,,,,,,,,,,,,,,,,,,,,,,,
,,,,,,,,,,,,,,,,,,,,,,,,,,,,,,,
,,,,,,,,,,,,,,,,,,,,,,,,,,,,,,,
,,,,,,,,,,,,,,,,,,,,,,,,,,,,,,,
,,,,,,,,,,,,,,,,,,,,,,,,,,,,,,,
,,,,,,,,,,,,,,,,,,,,,,,,,,,,,,,
,,,,,,,,,,,,,,,,,,,,,,,,,,,,,,,
,,,,,,,,,,,,,,,,,,,,,,,,,,,,,,,
,,,,,,,,,,,,,,,,,,,,,,,,,,,,,,,
,,,,,,,,,,,,,,,,,,,,,,,,,,,,,,,
,,,,,,,,,,,,,,,,,,,,,,,,,,,,,,,
,,,,,,,,,,,,,,,,,,,,,,,,,,,,,,,
,,,,,,,,,,,,,,,,,,,,,,,,,,,,,,,
,,,,,,,,,,,,,,,,,,,,,,,,,,,,,,,
,,,,,,,,,,,,,,,,,,,,,,,,,,,,,,,
,,,,,,,,,,,,,,,,,,,,,,,,,,,,,,,
,,,,,,,,,,,,,,,,,,,,,,,,,,,,,,,
,,,,,,,,,,,,,,,,,,,,,,,,,,,,,,,
,,,,,,,,,,,,,,,,,,,,,,,,,,,,,,,
,,,,,,,,,,,,,,,,,,,,,,,,,,,,,,,
,,,,,,,,,,,,,,,,,,,,,,,,,,,,,,,
,,,,,,,,,,,,,,,,,,,,,,,,,,,,,,,
,,,,,,,,,,,,,,,,,,,,,,,,,,,,,,,
,,,,,,,,,,,,,,,,,,,,,,,,,,,,,,,
,,,,,,,,,,,,,,,,,,,,,,,,,,,,,,,
,,,,,,,,,,,,,,,,,,,,,,,,,,,,,,,
,,,,,,,,,,,,,,,,,,,,,,,,,,,,,,,
,,,,,,,,,,,,,,,,,,,,,,,,,,,,,,,
,,,,,,,,,,,,,,,,,,,,,,,,,,,,,,,
,,,,,,,,,,,,,,,,,,,,,,,,,,,,,,,
,,,,,,,,,,,,,,,,,,,,,,,,,,,,,,,
,,,,,,,,,,,,,,,,,,,,,,,,,,,,,,,
,,,,,,,,,,,,,,,,,,,,,,,,,,,,,,,
,,,,,,,,,,,,,,,,,,,,,,,,,,,,,,,
,,,,,,,,,,,,,,,,,,,,,,,,,,,,,,,
,,,,,,,,,,,,,,,,,,,,,,,,,,,,,,,
,,,,,,,,,,,,,,,,,,,,,,,,,,,,,,,
,,,,,,,,,,,,,,,,,,,,,,,,,,,,,,,
,,,,,,,,,,,,,,,,,,,,,,,,,,,,,,,
,,,,,,,,,,,,,,,,,,,,,,,,,,,,,,,
,,,,,,,,,,,,,,,,,,,,,,,,,,,,,,,
,,,,,,,,,,,,,,,,,,,,,,,,,,,,,,,
,,,,,,,,,,,,,,,,,,,,,,,,,,,,,,,
,,,,,,,,,,,,,,,,,,,,,,,,,,,,,,,
,,,,,,,,,,,,,,,,,,,,,,,,,,,,,,,
,,,,,,,,,,,,,,,,,,,,,,,,,,,,,,,
,,,,,,,,,,,,,,,,,,,,,,,,,,,,,,,
,,,,,,,,,,,,,,,,,,,,,,,,,,,,,,,
,,,,,,,,,,,,,,,,,,,,,,,,,,,,,,,
,,,,,,,,,,,,,,,,,,,,,,,,,,,,,,,
,,,,,,,,,,,,,,,,,,,,,,,,,,,,,,,
,,,,,,,,,,,,,,,,,,,,,,,,,,,,,,,
,,,,,,,,,,,,,,,,,,,,,,,,,,,,,,,
,,,,,,,,,,,,,,,,,,,,,,,,,,,,,,,
,,,,,,,,,,,,,,,,,,,,,,,,,,,,,,,
,,,,,,,,,,,,,,,,,,,,,,,,,,,,,,,
,,,,,,,,,,,,,,,,,,,,,,,,,,,,,,,
,,,,,,,,,,,,,,,,,,,,,,,,,,,,,,,
,,,,,,,,,,,,,,,,,,,,,,,,,,,,,,,
,,,,,,,,,,,,,,,,,,,,,,,,,,,,,,,
,,,,,,,,,,,,,,,,,,,,,,,,,,,,,,,
,,,,,,,,,,,,,,,,,,,,,,,,,,,,,,,
,,,,,,,,,,,,,,,,,,,,,,,,,,,,,,,
,,,,,,,,,,,,,,,,,,,,,,,,,,,,,,,
,,,,,,,,,,,,,,,,,,,,,,,,,,,,,,,
,,,,,,,,,,,,,,,,,,,,,,,,,,,,,,,
,,,,,,,,,,,,,,,,,,,,,,,,,,,,,,,
,,,,,,,,,,,,,,,,,,,,,,,,,,,,,,,
,,,,,,,,,,,,,,,,,,,,,,,,,,,,,,,
,,,,,,,,,,,,,,,,,,,,,,,,,,,,,,,
,,,,,,,,,,,,,,,,,,,,,,,,,,,,,,,
,,,,,,,,,,,,,,,,,,,,,,,,,,,,,,,
,,,,,,,,,,,,,,,,,,,,,,,,,,,,,,,
,,,,,,,,,,,,,,,,,,,,,,,,,,,,,,,
,,,,,,,,,,,,,,,,,,,,,,,,,,,,,,,
,,,,,,,,,,,,,,,,,,,,,,,,,,,,,,,
,,,,,,,,,,,,,,,,,,,,,,,,,,,,,,,
,,,,,,,,,,,,,,,,,,,,,,,,,,,,,,,
,,,,,,,,,,,,,,,,,,,,,,,,,,,,,,,
,,,,,,,,,,,,,,,,,,,,,,,,,,,,,,,
,,,,,,,,,,,,,,,,,,,,,,,,,,,,,,,
,,,,,,,,,,,,,,,,,,,,,,,,,,,,,,,
,,,,,,,,,,,,,,,,,,,,,,,,,,,,,,,
,,,,,,,,,,,,,,,,,,,,,,,,,,,,,,,
,,,,,,,,,,,,,,,,,,,,,,,,,,,,,,,
,,,,,,,,,,,,,,,,,,,,,,,,,,,,,,,
,,,,,,,,,,,,,,,,,,,,,,,,,,,,,,,
,,,,,,,,,,,,,,,,,,,,,,,,,,,,,,,
,,,,,,,,,,,,,,,,,,,,,,,,,,,,,,,
,,,,,,,,,,,,,,,,,,,,,,,,,,,,,,,
,,,,,,,,,,,,,,,,,,,,,,,,,,,,,,,
,,,,,,,,,,,,,,,,,,,,,,,,,,,,,,,
,,,,,,,,,,,,,,,,,,,,,,,,,,,,,,,
,,,,,,,,,,,,,,,,,,,,,,,,,,,,,,,
,,,,,,,,,,,,,,,,,,,,,,,,,,,,,,,
,,,,,,,,,,,,,,,,,,,,,,,,,,,,,,,
,,,,,,,,,,,,,,,,,,,,,,,,,,,,,,,
,,,,,,,,,,,,,,,,,,,,,,,,,,,,,,,
,,,,,,,,,,,,,,,,,,,,,,,,,,,,,,,
,,,,,,,,,,,,,,,,,,,,,,,,,,,,,,,
,,,,,,,,,,,,,,,,,,,,,,,,,,,,,,,
,,,,,,,,,,,,,,,,,,,,,,,,,,,,,,,
,,,,,,,,,,,,,,,,,,,,,,,,,,,,,,,
,,,,,,,,,,,,,,,,,,,,,,,,,,,,,,,
,,,,,,,,,,,,,,,,,,,,,,,,,,,,,,,
,,,,,,,,,,,,,,,,,,,,,,,,,,,,,,,
,,,,,,,,,,,,,,,,,,,,,,,,,,,,,,,
,,,,,,,,,,,,,,,,,,,,,,,,,,,,,,,
,,,,,,,,,,,,,,,,,,,,,,,,,,,,,,,
,,,,,,,,,,,,,,,,,,,,,,,,,,,,,,,
,,,,,,,,,,,,,,,,,,,,,,,,,,,,,,,
,,,,,,,,,,,,,,,,,,,,,,,,,,,,,,,
,,,,,,,,,,,,,,,,,,,,,,,,,,,,,,,
,,,,,,,,,,,,,,,,,,,,,,,,,,,,,,,
,,,,,,,,,,,,,,,,,,,,,,,,,,,,,,,
,,,,,,,,,,,,,,,,,,,,,,,,,,,,,,,
,,,,,,,,,,,,,,,,,,,,,,,,,,,,,,,
,,,,,,,,,,,,,,,,,,,,,,,,,,,,,,,
,,,,,,,,,,,,,,,,,,,,,,,,,,,,,,,
,,,,,,,,,,,,,,,,,,,,,,,,,,,,,,,
,,,,,,,,,,,,,,,,,,,,,,,,,,,,,,,
,,,,,,,,,,,,,,,,,,,,,,,,,,,,,,,
,,,,,,,,,,,,,,,,,,,,,,,,,,,,,,,
,,,,,,,,,,,,,,,,,,,,,,,,,,,,,,,
,,,,,,,,,,,,,,,,,,,,,,,,,,,,,,,
,,,,,,,,,,,,,,,,,,,,,,,,,,,,,,,
,,,,,,,,,,,,,,,,,,,,,,,,,,,,,,,
,,,,,,,,,,,,,,,,,,,,,,,,,,,,,,,
,,,,,,,,,,,,,,,,,,,,,,,,,,,,,,,
,,,,,,,,,,,,,,,,,,,,,,,,,,,,,,,
,,,,,,,,,,,,,,,,,,,,,,,,,,,,,,,
,,,,,,,,,,,,,,,,,,,,,,,,,,,,,,,
,,,,,,,,,,,,,,,,,,,,,,,,,,,,,,,
,,,,,,,,,,,,,,,,,,,,,,,,,,,,,,,
,,,,,,,,,,,,,,,,,,,,,,,,,,,,,,,
,,,,,,,,,,,,,,,,,,,,,,,,,,,,,,,
,,,,,,,,,,,,,,,,,,,,,,,,,,,,,,,
,,,,,,,,,,,,,,,,,,,,,,,,,,,,,,,
,,,,,,,,,,,,,,,,,,,,,,,,,,,,,,,
,,,,,,,,,,,,,,,,,,,,,,,,,,,,,,,
,,,,,,,,,,,,,,,,,,,,,,,,,,,,,,,
,,,,,,,,,,,,,,,,,,,,,,,,,,,,,,,
,,,,,,,,,,,,,,,,,,,,,,,,,,,,,,,
,,,,,,,,,,,,,,,,,,,,,,,,,,,,,,,
,,,,,,,,,,,,,,,,,,,,,,,,,,,,,,,
,,,,,,,,,,,,,,,,,,,,,,,,,,,,,,,
,,,,,,,,,,,,,,,,,,,,,,,,,,,,,,,
,,,,,,,,,,,,,,,,,,,,,,,,,,,,,,,
,,,,,,,,,,,,,,,,,,,,,,,,,,,,,,,
,,,,,,,,,,,,,,,,,,,,,,,,,,,,,,,
,,,,,,,,,,,,,,,,,,,,,,,,,,,,,,,
,,,,,,,,,,,,,,,,,,,,,,,,,,,,,,,
,,,,,,,,,,,,,,,,,,,,,,,,,,,,,,,
,,,,,,,,,,,,,,,,,,,,,,,,,,,,,,,
,,,,,,,,,,,,,,,,,,,,,,,,,,,,,,,
,,,,,,,,,,,,,,,,,,,,,,,,,,,,,,,
,,,,,,,,,,,,,,,,,,,,,,,,,,,,,,,
,,,,,,,,,,,,,,,,,,,,,,,,,,,,,,,
,,,,,,,,,,,,,,,,,,,,,,,,,,,,,,,
,,,,,,,,,,,,,,,,,,,,,,,,,,,,,,,
,,,,,,,,,,,,,,,,,,,,,,,,,,,,,,,
,,,,,,,,,,,,,,,,,,,,,,,,,,,,,,,
,,,,,,,,,,,,,,,,,,,,,,,,,,,,,,,
,,,,,,,,,,,,,,,,,,,,,,,,,,,,,,,
,,,,,,,,,,,,,,,,,,,,,,,,,,,,,,,
,,,,,,,,,,,,,,,,,,,,,,,,,,,,,,,
,,,,,,,,,,,,,,,,,,,,,,,,,,,,,,,
,,,,,,,,,,,,,,,,,,,,,,,,,,,,,,,
,,,,,,,,,,,,,,,,,,,,,,,,,,,,,,,
,,,,,,,,,,,,,,,,,,,,,,,,,,,,,,,
,,,,,,,,,,,,,,,,,,,,,,,,,,,,,,,
,,,,,,,,,,,,,,,,,,,,,,,,,,,,,,,
,,,,,,,,,,,,,,,,,,,,,,,,,,,,,,,
,,,,,,,,,,,,,,,,,,,,,,,,,,,,,,,
,,,,,,,,,,,,,,,,,,,,,,,,,,,,,,,
,,,,,,,,,,,,,,,,,,,,,,,,,,,,,,,
,,,,,,,,,,,,,,,,,,,,,,,,,,,,,,,
,,,,,,,,,,,,,,,,,,,,,,,,,,,,,,,
,,,,,,,,,,,,,,,,,,,,,,,,,,,,,,,
,,,,,,,,,,,,,,,,,,,,,,,,,,,,,,,
,,,,,,,,,,,,,,,,,,,,,,,,,,,,,,,
,,,,,,,,,,,,,,,,,,,,,,,,,,,,,,,
,,,,,,,,,,,,,,,,,,,,,,,,,,,,,,,
,,,,,,,,,,,,,,,,,,,,,,,,,,,,,,,
,,,,,,,,,,,,,,,,,,,,,,,,,,,,,,,
,,,,,,,,,,,,,,,,,,,,,,,,,,,,,,,
,,,,,,,,,,,,,,,,,,,,,,,,,,,,,,,
,,,,,,,,,,,,,,,,,,,,,,,,,,,,,,,
,,,,,,,,,,,,,,,,,,,,,,,,,,,,,,,
,,,,,,,,,,,,,,,,,,,,,,,,,,,,,,,
,,,,,,,,,,,,,,,,,,,,,,,,,,,,,,,
,,,,,,,,,,,,,,,,,,,,,,,,,,,,,,,
,,,,,,,,,,,,,,,,,,,,,,,,,,,,,,,
,,,,,,,,,,,,,,,,,,,,,,,,,,,,,,,
,,,,,,,,,,,,,,,,,,,,,,,,,,,,,,,
,,,,,,,,,,,,,,,,,,,,,,,,,,,,,,,
,,,,,,,,,,,,,,,,,,,,,,,,,,,,,,,
,,,,,,,,,,,,,,,,,,,,,,,,,,,,,,,
,,,,,,,,,,,,,,,,,,,,,,,,,,,,,,,
,,,,,,,,,,,,,,,,,,,,,,,,,,,,,,,
,,,,,,,,,,,,,,,,,,,,,,,,,,,,,,,
,,,,,,,,,,,,,,,,,,,,,,,,,,,,,,,
,,,,,,,,,,,,,,,,,,,,,,,,,,,,,,,
,,,,,,,,,,,,,,,,,,,,,,,,,,,,,,,
,,,,,,,,,,,,,,,,,,,,,,,,,,,,,,,
,,,,,,,,,,,,,,,,,,,,,,,,,,,,,,,
,,,,,,,,,,,,,,,,,,,,,,,,,,,,,,,
,,,,,,,,,,,,,,,,,,,,,,,,,,,,,,,
,,,,,,,,,,,,,,,,,,,,,,,,,,,,,,,
,,,,,,,,,,,,,,,,,,,,,,,,,,,,,,,
,,,,,,,,,,,,,,,,,,,,,,,,,,,,,,,
,,,,,,,,,,,,,,,,,,,,,,,,,,,,,,,
,,,,,,,,,,,,,,,,,,,,,,,,,,,,,,,
,,,,,,,,,,,,,,,,,,,,,,,,,,,,,,,
,,,,,,,,,,,,,,,,,,,,,,,,,,,,,,,
,,,,,,,,,,,,,,,,,,,,,,,,,,,,,,,
,,,,,,,,,,,,,,,,,,,,,,,,,,,,,,,
,,,,,,,,,,,,,,,,,,,,,,,,,,,,,,,
,,,,,,,,,,,,,,,,,,,,,,,,,,,,,,,
,,,,,,,,,,,,,,,,,,,,,,,,,,,,,,,
,,,,,,,,,,,,,,,,,,,,,,,,,,,,,,,
,,,,,,,,,,,,,,,,,,,,,,,,,,,,,,,
,,,,,,,,,,,,,,,,,,,,,,,,,,,,,,,
,,,,,,,,,,,,,,,,,,,,,,,,,,,,,,,
,,,,,,,,,,,,,,,,,,,,,,,,,,,,,,,
,,,,,,,,,,,,,,,,,,,,,,,,,,,,,,,
,,,,,,,,,,,,,,,,,,,,,,,,,,,,,,,
,,,,,,,,,,,,,,,,,,,,,,,,,,,,,,,
,,,,,,,,,,,,,,,,,,,,,,,,,,,,,,,
,,,,,,,,,,,,,,,,,,,,,,,,,,,,,,,
,,,,,,,,,,,,,,,,,,,,,,,,,,,,,,,
,,,,,,,,,,,,,,,,,,,,,,,,,,,,,,,
,,,,,,,,,,,,,,,,,,,,,,,,,,,,,,,
,,,,,,,,,,,,,,,,,,,,,,,,,,,,,,,
,,,,,,,,,,,,,,,,,,,,,,,,,,,,,,,
,,,,,,,,,,,,,,,,,,,,,,,,,,,,,,,
,,,,,,,,,,,,,,,,,,,,,,,,,,,,,,,
,,,,,,,,,,,,,,,,,,,,,,,,,,,,,,,
,,,,,,,,,,,,,,,,,,,,,,,,,,,,,,,
,,,,,,,,,,,,,,,,,,,,,,,,,,,,,,,
,,,,,,,,,,,,,,,,,,,,,,,,,,,,,,,
,,,,,,,,,,,,,,,,,,,,,,,,,,,,,,,
,,,,,,,,,,,,,,,,,,,,,,,,,,,,,,,
,,,,,,,,,,,,,,,,,,,,,,,,,,,,,,,
,,,,,,,,,,,,,,,,,,,,,,,,,,,,,,,
,,,,,,,,,,,,,,,,,,,,,,,,,,,,,,,
,,,,,,,,,,,,,,,,,,,,,,,,,,,,,,,
,,,,,,,,,,,,,,,,,,,,,,,,,,,,,,,
,,,,,,,,,,,,,,,,,,,,,,,,,,,,,,,
,,,,,,,,,,,,,,,,,,,,,,,,,,,,,,,
,,,,,,,,,,,,,,,,,,,,,,,,,,,,,,,
,,,,,,,,,,,,,,,,,,,,,,,,,,,,,,,
,,,,,,,,,,,,,,,,,,,,,,,,,,,,,,,
,,,,,,,,,,,,,,,,,,,,,,,,,,,,,,,
,,,,,,,,,,,,,,,,,,,,,,,,,,,,,,,
,,,,,,,,,,,,,,,,,,,,,,,,,,,,,,,
,,,,,,,,,,,,,,,,,,,,,,,,,,,,,,,
,,,,,,,,,,,,,,,,,,,,,,,,,,,,,,,
,,,,,,,,,,,,,,,,,,,,,,,,,,,,,,,
,,,,,,,,,,,,,,,,,,,,,,,,,,,,,,,
,,,,,,,,,,,,,,,,,,,,,,,,,,,,,,,
,,,,,,,,,,,,,,,,,,,,,,,,,,,,,,,
,,,,,,,,,,,,,,,,,,,,,,,,,,,,,,,
,,,,,,,,,,,,,,,,,,,,,,,,,,,,,,,
,,,,,,,,,,,,,,,,,,,,,,,,,,,,,,,
,,,,,,,,,,,,,,,,,,,,,,,,,,,,,,,
,,,,,,,,,,,,,,,,,,,,,,,,,,,,,,,
,,,,,,,,,,,,,,,,,,,,,,,,,,,,,,,
,,,,,,,,,,,,,,,,,,,,,,,,,,,,,,,
,,,,,,,,,,,,,,,,,,,,,,,,,,,,,,,
,,,,,,,,,,,,,,,,,,,,,,,,,,,,,,,
,,,,,,,,,,,,,,,,,,,,,,,,,,,,,,,
,,,,,,,,,,,,,,,,,,,,,,,,,,,,,,,
,,,,,,,,,,,,,,,,,,,,,,,,,,,,,,,
,,,,,,,,,,,,,,,,,,,,,,,,,,,,,,,
,,,,,,,,,,,,,,,,,,,,,,,,,,,,,,,
,,,,,,,,,,,,,,,,,,,,,,,,,,,,,,,
,,,,,,,,,,,,,,,,,,,,,,,,,,,,,,,
,,,,,,,,,,,,,,,,,,,,,,,,,,,,,,,
,,,,,,,,,,,,,,,,,,,,,,,,,,,,,,,
,,,,,,,,,,,,,,,,,,,,,,,,,,,,,,,
,,,,,,,,,,,,,,,,,,,,,,,,,,,,,,,
,,,,,,,,,,,,,,,,,,,,,,,,,,,,,,,
,,,,,,,,,,,,,,,,,,,,,,,,,,,,,,,
,,,,,,,,,,,,,,,,,,,,,,,,,,,,,,,
,,,,,,,,,,,,,,,,,,,,,,,,,,,,,,,
,,,,,,,,,,,,,,,,,,,,,,,,,,,,,,,
,,,,,,,,,,,,,,,,,,,,,,,,,,,,,,,
,,,,,,,,,,,,,,,,,,,,,,,,,,,,,,,
,,,,,,,,,,,,,,,,,,,,,,,,,,,,,,,
,,,,,,,,,,,,,,,,,,,,,,,,,,,,,,,
,,,,,,,,,,,,,,,,,,,,,,,,,,,,,,,
,,,,,,,,,,,,,,,,,,,,,,,,,,,,,,,
,,,,,,,,,,,,,,,,,,,,,,,,,,,,,,,
,,,,,,,,,,,,,,,,,,,,,,,,,,,,,,,
,,,,,,,,,,,,,,,,,,,,,,,,,,,,,,,
,,,,,,,,,,,,,,,,,,,,,,,,,,,,,,,
,,,,,,,,,,,,,,,,,,,,,,,,,,,,,,,
,,,,,,,,,,,,,,,,,,,,,,,,,,,,,,,
,,,,,,,,,,,,,,,,,,,,,,,,,,,,,,,
,,,,,,,,,,,,,,,,,,,,,,,,,,,,,,,
,,,,,,,,,,,,,,,,,,,,,,,,,,,,,,,
,,,,,,,,,,,,,,,,,,,,,,,,,,,,,,,
,,,,,,,,,,,,,,,,,,,,,,,,,,,,,,,
,,,,,,,,,,,,,,,,,,,,,,,,,,,,,,,
,,,,,,,,,,,,,,,,,,,,,,,,,,,,,,,
,,,,,,,,,,,,,,,,,,,,,,,,,,,,,,,
,,,,,,,,,,,,,,,,,,,,,,,,,,,,,,,
,,,,,,,,,,,,,,,,,,,,,,,,,,,,,,,
,,,,,,,,,,,,,,,,,,,,,,,,,,,,,,,
,,,,,,,,,,,,,,,,,,,,,,,,,,,,,,,
,,,,,,,,,,,,,,,,,,,,,,,,,,,,,,,
,,,,,,,,,,,,,,,,,,,,,,,,,,,,,,,
,,,,,,,,,,,,,,,,,,,,,,,,,,,,,,,
,,,,,,,,,,,,,,,,,,,,,,,,,,,,,,,
,,,,,,,,,,,,,,,,,,,,,,,,,,,,,,,
,,,,,,,,,,,,,,,,,,,,,,,,,,,,,,,
,,,,,,,,,,,,,,,,,,,,,,,,,,,,,,,
,,,,,,,,,,,,,,,,,,,,,,,,,,,,,,,
,,,,,,,,,,,,,,,,,,,,,,,,,,,,,,,
,,,,,,,,,,,,,,,,,,,,,,,,,,,,,,,
,,,,,,,,,,,,,,,,,,,,,,,,,,,,,,,
,,,,,,,,,,,,,,,,,,,,,,,,,,,,,,,
,,,,,,,,,,,,,,,,,,,,,,,,,,,,,,,
,,,,,,,,,,,,,,,,,,,,,,,,,,,,,,,
,,,,,,,,,,,,,,,,,,,,,,,,,,,,,,,
,,,,,,,,,,,,,,,,,,,,,,,,,,,,,,,
,,,,,,,,,,,,,,,,,,,,,,,,,,,,,,,
,,,,,,,,,,,,,,,,,,,,,,,,,,,,,,,
,,,,,,,,,,,,,,,,,,,,,,,,,,,,,,,
,,,,,,,,,,,,,,,,,,,,,,,,,,,,,,,
,,,,,,,,,,,,,,,,,,,,,,,,,,,,,,,
,,,,,,,,,,,,,,,,,,,,,,,,,,,,,,,
,,,,,,,,,,,,,,,,,,,,,,,,,,,,,,,
,,,,,,,,,,,,,,,,,,,,,,,,,,,,,,,
,,,,,,,,,,,,,,,,,,,,,,,,,,,,,,,
,,,,,,,,,,,,,,,,,,,,,,,,,,,,,,,
,,,,,,,,,,,,,,,,,,,,,,,,,,,,,,,
,,,,,,,,,,,,,,,,,,,,,,,,,,,,,,,
,,,,,,,,,,,,,,,,,,,,,,,,,,,,,,,
,,,,,,,,,,,,,,,,,,,,,,,,,,,,,,,
,,,,,,,,,,,,,,,,,,,,,,,,,,,,,,,
,,,,,,,,,,,,,,,,,,,,,,,,,,,,,,,
,,,,,,,,,,,,,,,,,,,,,,,,,,,,,,,
,,,,,,,,,,,,,,,,,,,,,,,,,,,,,,,
,,,,,,,,,,,,,,,,,,,,,,,,,,,,,,,
,,,,,,,,,,,,,,,,,,,,,,,,,,,,,,,
,,,,,,,,,,,,,,,,,,,,,,,,,,,,,,,
,,,,,,,,,,,,,,,,,,,,,,,,,,,,,,,
,,,,,,,,,,,,,,,,,,,,,,,,,,,,,,,
,,,,,,,,,,,,,,,,,,,,,,,,,,,,,,,
,,,,,,,,,,,,,,,,,,,,,,,,,,,,,,,
,,,,,,,,,,,,,,,,,,,,,,,,,,,,,,,
,,,,,,,,,,,,,,,,,,,,,,,,,,,,,,,
,,,,,,,,,,,,,,,,,,,,,,,,,,,,,,,
,,,,,,,,,,,,,,,,,,,,,,,,,,,,,,,
,,,,,,,,,,,,,,,,,,,,,,,,,,,,,,,
,,,,,,,,,,,,,,,,,,,,,,,,,,,,,,,
,,,,,,,,,,,,,,,,,,,,,,,,,,,,,,,
,,,,,,,,,,,,,,,,,,,,,,,,,,,,,,,
,,,,,,,,,,,,,,,,,,,,,,,,,,,,,,,
,,,,,,,,,,,,,,,,,,,,,,,,,,,,,,,
,,,,,,,,,,,,,,,,,,,,,,,,,,,,,,,
,,,,,,,,,,,,,,,,,,,,,,,,,,,,,,,
,,,,,,,,,,,,,,,,,,,,,,,,,,,,,,,
,,,,,,,,,,,,,,,,,,,,,,,,,,,,,,,
,,,,,,,,,,,,,,,,,,,,,,,,,,,,,,,
,,,,,,,,,,,,,,,,,,,,,,,,,,,,,,,
,,,,,,,,,,,,,,,,,,,,,,,,,,,,,,,
,,,,,,,,,,,,,,,,,,,,,,,,,,,,,,,
,,,,,,,,,,,,,,,,,,,,,,,,,,,,,,,
,,,,,,,,,,,,,,,,,,,,,,,,,,,,,,,
,,,,,,,,,,,,,,,,,,,,,,,,,,,,,,,
,,,,,,,,,,,,,,,,,,,,,,,,,,,,,,,
,,,,,,,,,,,,,,,,,,,,,,,,,,,,,,,
,,,,,,,,,,,,,,,,,,,,,,,,,,,,,,,
,,,,,,,,,,,,,,,,,,,,,,,,,,,,,,,
,,,,,,,,,,,,,,,,,,,,,,,,,,,,,,,
,,,,,,,,,,,,,,,,,,,,,,,,,,,,,,,
,,,,,,,,,,,,,,,,,,,,,,,,,,,,,,,
,,,,,,,,,,,,,,,,,,,,,,,,,,,,,,,
,,,,,,,,,,,,,,,,,,,,,,,,,,,,,,,
,,,,,,,,,,,,,,,,,,,,,,,,,,,,,,,
,,,,,,,,,,,,,,,,,,,,,,,,,,,,,,,
,,,,,,,,,,,,,,,,,,,,,,,,,,,,,,,
,,,,,,,,,,,,,,,,,,,,,,,,,,,,,,,
,,,,,,,,,,,,,,,,,,,,,,,,,,,,,,,
,,,,,,,,,,,,,,,,,,,,,,,,,,,,,,,
,,,,,,,,,,,,,,,,,,,,,,,,,,,,,,,
,,,,,,,,,,,,,,,,,,,,,,,,,,,,,,,
,,,,,,,,,,,,,,,,,,,,,,,,,,,,,,,
,,,,,,,,,,,,,,,,,,,,,,,,,,,,,,,
,,,,,,,,,,,,,,,,,,,,,,,,,,,,,,,
,,,,,,,,,,,,,,,,,,,,,,,,,,,,,,,
,,,,,,,,,,,,,,,,,,,,,,,,,,,,,,,
,,,,,,,,,,,,,,,,,,,,,,,,,,,,,,,
,,,,,,,,,,,,,,,,,,,,,,,,,,,,,,,
,,,,,,,,,,,,,,,,,,,,,,,,,,,,,,,
,,,,,,,,,,,,,,,,,,,,,,,,,,,,,,,
,,,,,,,,,,,,,,,,,,,,,,,,,,,,,,,
,,,,,,,,,,,,,,,,,,,,,,,,,,,,,,,
,,,,,,,,,,,,,,,,,,,,,,,,,,,,,,,
,,,,,,,,,,,,,,,,,,,,,,,,,,,,,,,
,,,,,,,,,,,,,,,,,,,,,,,,,,,,,,,
,,,,,,,,,,,,,,,,,,,,,,,,,,,,,,,
,,,,,,,,,,,,,,,,,,,,,,,,,,,,,,,
,,,,,,,,,,,,,,,,,,,,,,,,,,,,,,,
,,,,,,,,,,,,,,,,,,,,,,,,,,,,,,,
,,,,,,,,,,,,,,,,,,,,,,,,,,,,,,,
,,,,,,,,,,,,,,,,,,,,,,,,,,,,,,,
,,,,,,,,,,,,,,,,,,,,,,,,,,,,,,,
,,,,,,,,,,,,,,,,,,,,,,,,,,,,,,,
,,,,,,,,,,,,,,,,,,,,,,,,,,,,,,,
,,,,,,,,,,,,,,,,,,,,,,,,,,,,,,,
,,,,,,,,,,,,,,,,,,,,,,,,,,,,,,,
,,,,,,,,,,,,,,,,,,,,,,,,,,,,,,,
,,,,,,,,,,,,,,,,,,,,,,,,,,,,,,,
,,,,,,,,,,,,,,,,,,,,,,,,,,,,,,,
,,,,,,,,,,,,,,,,,,,,,,,,,,,,,,,
,,,,,,,,,,,,,,,,,,,,,,,,,,,,,,,
,,,,,,,,,,,,,,,,,,,,,,,,,,,,,,,
,,,,,,,,,,,,,,,,,,,,,,,,,,,,,,,
,,,,,,,,,,,,,,,,,,,,,,,,,,,,,,,
,,,,,,,,,,,,,,,,,,,,,,,,,,,,,,,
,,,,,,,,,,,,,,,,,,,,,,,,,,,,,,,
,,,,,,,,,,,,,,,,,,,,,,,,,,,,,,,
,,,,,,,,,,,,,,,,,,,,,,,,,,,,,,,
,,,,,,,,,,,,,,,,,,,,,,,,,,,,,,,
,,,,,,,,,,,,,,,,,,,,,,,,,,,,,,,
,,,,,,,,,,,,,,,,,,,,,,,,,,,,,,,
,,,,,,,,,,,,,,,,,,,,,,,,,,,,,,,
,,,,,,,,,,,,,,,,,,,,,,,,,,,,,,,
,,,,,,,,,,,,,,,,,,,,,,,,,,,,,,,
,,,,,,,,,,,,,,,,,,,,,,,,,,,,,,,
,,,,,,,,,,,,,,,,,,,,,,,,,,,,,,,
,,,,,,,,,,,,,,,,,,,,,,,,,,,,,,,
,,,,,,,,,,,,,,,,,,,,,,,,,,,,,,,
,,,,,,,,,,,,,,,,,,,,,,,,,,,,,,,
,,,,,,,,,,,,,,,,,,,,,,,,,,,,,,,
,,,,,,,,,,,,,,,,,,,,,,,,,,,,,,,
,,,,,,,,,,,,,,,,,,,,,,,,,,,,,,,
,,,,,,,,,,,,,,,,,,,,,,,,,,,,,,,
,,,,,,,,,,,,,,,,,,,,,,,,,,,,,,,
,,,,,,,,,,,,,,,,,,,,,,,,,,,,,,,
,,,,,,,,,,,,,,,,,,,,,,,,,,,,,,,
,,,,,,,,,,,,,,,,,,,,,,,,,,,,,,,
,,,,,,,,,,,,,,,,,,,,,,,,,,,,,,,
,,,,,,,,,,,,,,,,,,,,,,,,,,,,,,,
,,,,,,,,,,,,,,,,,,,,,,,,,,,,,,,
,,,,,,,,,,,,,,,,,,,,,,,,,,,,,,,
,,,,,,,,,,,,,,,,,,,,,,,,,,,,,,,
,,,,,,,,,,,,,,,,,,,,,,,,,,,,,,,
,,,,,,,,,,,,,,,,,,,,,,,,,,,,,,,
,,,,,,,,,,,,,,,,,,,,,,,,,,,,,,,
,,,,,,,,,,,,,,,,,,,,,,,,,,,,,,,
,,,,,,,,,,,,,,,,,,,,,,,,,,,,,,,
,,,,,,,,,,,,,,,,,,,,,,,,,,,,,,,
,,,,,,,,,,,,,,,,,,,,,,,,,,,,,,,
,,,,,,,,,,,,,,,,,,,,,,,,,,,,,,,
,,,,,,,,,,,,,,,,,,,,,,,,,,,,,,,
,,,,,,,,,,,,,,,,,,,,,,,,,,,,,,,
,,,,,,,,,,,,,,,,,,,,,,,,,,,,,,,
,,,,,,,,,,,,,,,,,,,,,,,,,,,,,,,
,,,,,,,,,,,,,,,,,,,,,,,,,,,,,,,
,,,,,,,,,,,,,,,,,,,,,,,,,,,,,,,
,,,,,,,,,,,,,,,,,,,,,,,,,,,,,,,
,,,,,,,,,,,,,,,,,,,,,,,,,,,,,,,
,,,,,,,,,,,,,,,,,,,,,,,,,,,,,,,
,,,,,,,,,,,,,,,,,,,,,,,,,,,,,,,
,,,,,,,,,,,,,,,,,,,,,,,,,,,,,,,
,,,,,,,,,,,,,,,,,,,,,,,,,,,,,,,
,,,,,,,,,,,,,,,,,,,,,,,,,,,,,,,
,,,,,,,,,,,,,,,,,,,,,,,,,,,,,,,
,,,,,,,,,,,,,,,,,,,,,,,,,,,,,,,
,,,,,,,,,,,,,,,,,,,,,,,,,,,,,,,
,,,,,,,,,,,,,,,,,,,,,,,,,,,,,,,
,,,,,,,,,,,,,,,,,,,,,,,,,,,,,,,
,,,,,,,,,,,,,,,,,,,,,,,,,,,,,,,
,,,,,,,,,,,,,,,,,,,,,,,,,,,,,,,
,,,,,,,,,,,,,,,,,,,,,,,,,,,,,,,
,,,,,,,,,,,,,,,,,,,,,,,,,,,,,,,
,,,,,,,,,,,,,,,,,,,,,,,,,,,,,,,
,,,,,,,,,,,,,,,,,,,,,,,,,,,,,,,
,,,,,,,,,,,,,,,,,,,,,,,,,,,,,,,
,,,,,,,,,,,,,,,,,,,,,,,,,,,,,,,
,,,,,,,,,,,,,,,,,,,,,,,,,,,,,,,
,,,,,,,,,,,,,,,,,,,,,,,,,,,,,,,
,,,,,,,,,,,,,,,,,,,,,,,,,,,,,,,
,,,,,,,,,,,,,,,,,,,,,,,,,,,,,,,
,,,,,,,,,,,,,,,,,,,,,,,,,,,,,,,
,,,,,,,,,,,,,,,,,,,,,,,,,,,,,,,
,,,,,,,,,,,,,,,,,,,,,,,,,,,,,,,
,,,,,,,,,,,,,,,,,,,,,,,,,,,,,,,
,,,,,,,,,,,,,,,,,,,,,,,,,,,,,,,
,,,,,,,,,,,,,,,,,,,,,,,,,,,,,,,
,,,,,,,,,,,,,,,,,,,,,,,,,,,,,,,
,,,,,,,,,,,,,,,,,,,,,,,,,,,,,,,
,,,,,,,,,,,,,,,,,,,,,,,,,,,,,,,
,,,,,,,,,,,,,,,,,,,,,,,,,,,,,,,
,,,,,,,,,,,,,,,,,,,,,,,,,,,,,,,
,,,,,,,,,,,,,,,,,,,,,,,,,,,,,,,
,,,,,,,,,,,,,,,,,,,,,,,,,,,,,,,
,,,,,,,,,,,,,,,,,,,,,,,,,,,,,,,
,,,,,,,,,,,,,,,,,,,,,,,,,,,,,,,
,,,,,,,,,,,,,,,,,,,,,,,,,,,,,,,
,,,,,,,,,,,,,,,,,,,,,,,,,,,,,,,
,,,,,,,,,,,,,,,,,,,,,,,,,,,,,,,
,,,,,,,,,,,,,,,,,,,,,,,,,,,,,,,
,,,,,,,,,,,,,,,,,,,,,,,,,,,,,,,
,,,,,,,,,,,,,,,,,,,,,,,,,,,,,,,
,,,,,,,,,,,,,,,,,,,,,,,,,,,,,,,
,,,,,,,,,,,,,,,,,,,,,,,,,,,,,,,
,,,,,,,,,,,,,,,,,,,,,,,,,,,,,,,
,,,,,,,,,,,,,,,,,,,,,,,,,,,,,,,
,,,,,,,,,,,,,,,,,,,,,,,,,,,,,,,
,,,,,,,,,,,,,,,,,,,,,,,,,,,,,,,
,,,,,,,,,,,,,,,,,,,,,,,,,,,,,,,
,,,,,,,,,,,,,,,,,,,,,,,,,,,,,,,
,,,,,,,,,,,,,,,,,,,,,,,,,,,,,,,
,,,,,,,,,,,,,,,,,,,,,,,,,,,,,,,
,,,,,,,,,,,,,,,,,,,,,,,,,,,,,,,
,,,,,,,,,,,,,,,,,,,,,,,,,,,,,,,
,,,,,,,,,,,,,,,,,,,,,,,,,,,,,,,
,,,,,,,,,,,,,,,,,,,,,,,,,,,,,,,
,,,,,,,,,,,,,,,,,,,,,,,,,,,,,,,
,,,,,,,,,,,,,,,,,,,,,,,,,,,,,,,
,,,,,,,,,,,,,,,,,,,,,,,,,,,,,,,
,,,,,,,,,,,,,,,,,,,,,,,,,,,,,,,
,,,,,,,,,,,,,,,,,,,,,,,,,,,,,,,
,,,,,,,,,,,,,,,,,,,,,,,,,,,,,,,
,,,,,,,,,,,,,,,,,,,,,,,,,,,,,,,
,,,,,,,,,,,,,,,,,,,,,,,,,,,,,,,
,,,,,,,,,,,,,,,,,,,,,,,,,,,,,,,
,,,,,,,,,,,,,,,,,,,,,,,,,,,,,,,
,,,,,,,,,,,,,,,,,,,,,,,,,,,,,,,
,,,,,,,,,,,,,,,,,,,,,,,,,,,,,,,
,,,,,,,,,,,,,,,,,,,,,,,,,,,,,,,
,,,,,,,,,,,,,,,,,,,,,,,,,,,,,,,
,,,,,,,,,,,,,,,,,,,,,,,,,,,,,,,
,,,,,,,,,,,,,,,,,,,,,,,,,,,,,,,
,,,,,,,,,,,,,,,,,,,,,,,,,,,,,,,
,,,,,,,,,,,,,,,,,,,,,,,,,,,,,,,
,,,,,,,,,,,,,,,,,,,,,,,,,,,,,,,
,,,,,,,,,,,,,,,,,,,,,,,,,,,,,,,
,,,,,,,,,,,,,,,,,,,,,,,,,,,,,,,
,,,,,,,,,,,,,,,,,,,,,,,,,,,,,,,
,,,,,,,,,,,,,,,,,,,,,,,,,,,,,,,
,,,,,,,,,,,,,,,,,,,,,,,,,,,,,,,
,,,,,,,,,,,,,,,,,,,,,,,,,,,,,,,
,,,,,,,,,,,,,,,,,,,,,,,,,,,,,,,
,,,,,,,,,,,,,,,,,,,,,,,,,,,,,,,
,,,,,,,,,,,,,,,,,,,,,,,,,,,,,,,
,,,,,,,,,,,,,,,,,,,,,,,,,,,,,,,
,,,,,,,,,,,,,,,,,,,,,,,,,,,,,,,
,,,,,,,,,,,,,,,,,,,,,,,,,,,,,,,
,,,,,,,,,,,,,,,,,,,,,,,,,,,,,,,
,,,,,,,,,,,,,,,,,,,,,,,,,,,,,,,
,,,,,,,,,,,,,,,,,,,,,,,,,,,,,,,
,,,,,,,,,,,,,,,,,,,,,,,,,,,,,,,
,,,,,,,,,,,,,,,,,,,,,,,,,,,,,,,
,,,,,,,,,,,,,,,,,,,,,,,,,,,,,,,
,,,,,,,,,,,,,,,,,,,,,,,,,,,,,,,
,,,,,,,,,,,,,,,,,,,,,,,,,,,,,,,
,,,,,,,,,,,,,,,,,,,,,,,,,,,,,,,
,,,,,,,,,,,,,,,,,,,,,,,,,,,,,,,
,,,,,,,,,,,,,,,,,,,,,,,,,,,,,,,
,,,,,,,,,,,,,,,,,,,,,,,,,,,,,,,
,,,,,,,,,,,,,,,,,,,,,,,,,,,,,,,
,,,,,,,,,,,,,,,,,,,,,,,,,,,,,,,
,,,,,,,,,,,,,,,,,,,,,,,,,,,,,,,
,,,,,,,,,,,,,,,,,,,,,,,,,,,,,,,
,,,,,,,,,,,,,,,,,,,,,,,,,,,,,,,
,,,,,,,,,,,,,,,,,,,,,,,,,,,,,,,
,,,,,,,,,,,,,,,,,,,,,,,,,,,,,,,
,,,,,,,,,,,,,,,,,,,,,,,,,,,,,,,
,,,,,,,,,,,,,,,,,,,,,,,,,,,,,,,
,,,,,,,,,,,,,,,,,,,,,,,,,,,,,,,
,,,,,,,,,,,,,,,,,,,,,,,,,,,,,,,
,,,,,,,,,,,,,,,,,,,,,,,,,,,,,,,
,,,,,,,,,,,,,,,,,,,,,,,,,,,,,,,
,,,,,,,,,,,,,,,,,,,,,,,,,,,,,,,
,,,,,,,,,,,,,,,,,,,,,,,,,,,,,,,
,,,,,,,,,,,,,,,,,,,,,,,,,,,,,,,
,,,,,,,,,,,,,,,,,,,,,,,,,,,,,,,
,,,,,,,,,,,,,,,,,,,,,,,,,,,,,,,
,,,,,,,,,,,,,,,,,,,,,,,,,,,,,,,
,,,,,,,,,,,,,,,,,,,,,,,,,,,,,,,
,,,,,,,,,,,,,,,,,,,,,,,,,,,,,,,
,,,,,,,,,,,,,,,,,,,,,,,,,,,,,,,
,,,,,,,,,,,,,,,,,,,,,,,,,,,,,,,
,,,,,,,,,,,,,,,,,,,,,,,,,,,,,,,
,,,,,,,,,,,,,,,,,,,,,,,,,,,,,,,
,,,,,,,,,,,,,,,,,,,,,,,,,,,,,,,
,,,,,,,,,,,,,,,,,,,,,,,,,,,,,,,
,,,,,,,,,,,,,,,,,,,,,,,,,,,,,,,
,,,,,,,,,,,,,,,,,,,,,,,,,,,,,,,
,,,,,,,,,,,,,,,,,,,,,,,,,,,,,,,
,,,,,,,,,,,,,,,,,,,,,,,,,,,,,,,
,,,,,,,,,,,,,,,,,,,,,,,,,,,,,,,
,,,,,,,,,,,,,,,,,,,,,,,,,,,,,,,
,,,,,,,,,,,,,,,,,,,,,,,,,,,,,,,
,,,,,,,,,,,,,,,,,,,,,,,,,,,,,,,
,,,,,,,,,,,,,,,,,,,,,,,,,,,,,,,
,,,,,,,,,,,,,,,,,,,,,,,,,,,,,,,
,,,,,,,,,,,,,,,,,,,,,,,,,,,,,,,
,,,,,,,,,,,,,,,,,,,,,,,,,,,,,,,
,,,,,,,,,,,,,,,,,,,,,,,,,,,,,,,
,,,,,,,,,,,,,,,,,,,,,,,,,,,,,,,
,,,,,,,,,,,,,,,,,,,,,,,,,,,,,,,
,,,,,,,,,,,,,,,,,,,,,,,,,,,,,,,
,,,,,,,,,,,,,,,,,,,,,,,,,,,,,,,
,,,,,,,,,,,,,,,,,,,,,,,,,,,,,,,
,,,,,,,,,,,,,,,,,,,,,,,,,,,,,,,
,,,,,,,,,,,,,,,,,,,,,,,,,,,,,,,
,,,,,,,,,,,,,,,,,,,,,,,,,,,,,,,
,,,,,,,,,,,,,,,,,,,,,,,,,,,,,,,
,,,,,,,,,,,,,,,,,,,,,,,,,,,,,,,
,,,,,,,,,,,,,,,,,,,,,,,,,,,,,,,
,,,,,,,,,,,,,,,,,,,,,,,,,,,,,,,
,,,,,,,,,,,,,,,,,,,,,,,,,,,,,,,
,,,,,,,,,,,,,,,,,,,,,,,,,,,,,,,
,,,,,,,,,,,,,,,,,,,,,,,,,,,,,,,
,,,,,,,,,,,,,,,,,,,,,,,,,,,,,,,
,,,,,,,,,,,,,,,,,,,,,,,,,,,,,,,
,,,,,,,,,,,,,,,,,,,,,,,,,,,,,,,
,,,,,,,,,,,,,,,,,,,,,,,,,,,,,,,
,,,,,,,,,,,,,,,,,,,,,,,,,,,,,,,
,,,,,,,,,,,,,,,,,,,,,,,,,,,,,,,
,,,,,,,,,,,,,,,,,,,,,,,,,,,,,,,
,,,,,,,,,,,,,,,,,,,,,,,,,,,,,,,
,,,,,,,,,,,,,,,,,,,,,,,,,,,,,,,
,,,,,,,,,,,,,,,,,,,,,,,,,,,,,,,
,,,,,,,,,,,,,,,,,,,,,,,,,,,,,,,
,,,,,,,,,,,,,,,,,,,,,,,,,,,,,,,
,,,,,,,,,,,,,,,,,,,,,,,,,,,,,,,
,,,,,,,,,,,,,,,,,,,,,,,,,,,,,,,
,,,,,,,,,,,,,,,,,,,,,,,,,,,,,,,
,,,,,,,,,,,,,,,,,,,,,,,,,,,,,,,
,,,,,,,,,,,,,,,,,,,,,,,,,,,,,,,
,,,,,,,,,,,,,,,,,,,,,,,,,,,,,,,
,,,,,,,,,,,,,,,,,,,,,,,,,,,,,,,
,,,,,,,,,,,,,,,,,,,,,,,,,,,,,,,
,,,,,,,,,,,,,,,,,,,,,,,,,,,,,,,
,,,,,,,,,,,,,,,,,,,,,,,,,,,,,,,
,,,,,,,,,,,,,,,,,,,,,,,,,,,,,,,
,,,,,,,,,,,,,,,,,,,,,,,,,,,,,,,
,,,,,,,,,,,,,,,,,,,,,,,,,,,,,,,
,,,,,,,,,,,,,,,,,,,,,,,,,,,,,,,
,,,,,,,,,,,,,,,,,,,,,,,,,,,,,,,
,,,,,,,,,,,,,,,,,,,,,,,,,,,,,,,
,,,,,,,,,,,,,,,,,,,,,,,,,,,,,,,
,,,,,,,,,,,,,,,,,,,,,,,,,,,,,,,
,,,,,,,,,,,,,,,,,,,,,,,,,,,,,,,
,,,,,,,,,,,,,,,,,,,,,,,,,,,,,,,
,,,,,,,,,,,,,,,,,,,,,,,,,,,,,,,
,,,,,,,,,,,,,,,,,,,,,,,,,,,,,,,
,,,,,,,,,,,,,,,,,,,,,,,,,,,,,,,
,,,,,,,,,,,,,,,,,,,,,,,,,,,,,,,
,,,,,,,,,,,,,,,,,,,,,,,,,,,,,,,
,,,,,,,,,,,,,,,,,,,,,,,,,,,,,,,
,,,,,,,,,,,,,,,,,,,,,,,,,,,,,,,
,,,,,,,,,,,,,,,,,,,,,,,,,,,,,,,
,,,,,,,,,,,,,,,,,,,,,,,,,,,,,,,
,,,,,,,,,,,,,,,,,,,,,,,,,,,,,,,
,,,,,,,,,,,,,,,,,,,,,,,,,,,,,,,
,,,,,,,,,,,,,,,,,,,,,,,,,,,,,,,
,,,,,,,,,,,,,,,,,,,,,,,,,,,,,,,
,,,,,,,,,,,,,,,,,,,,,,,,,,,,,,,
,,,,,,,,,,,,,,,,,,,,,,,,,,,,,,,
,,,,,,,,,,,,,,,,,,,,,,,,,,,,,,,
